prefix,resource,endpoint,entry-number,organisation,reference,entity,entry-date,start-date,end-date
flood-storage-area,,,,government-organisation:EA199,Flood_Map_for_Planning_Rivers_and_Sea_Flood_Storage_Areas.1,521000,,,
flood-storage-area,,,,government-organisation:EA199,Flood_Map_for_Planning_Rivers_and_Sea_Flood_Storage_Areas.2,521001,,,
flood-storage-area,,,,government-organisation:EA199,Flood_Map_for_Planning_Rivers_and_Sea_Flood_Storage_Areas.3,521002,,,
flood-storage-area,,,,government-organisation:EA199,Flood_Map_for_Planning_Rivers_and_Sea_Flood_Storage_Areas.4,521003,,,
flood-storage-area,,,,government-organisation:EA199,Flood_Map_for_Planning_Rivers_and_Sea_Flood_Storage_Areas.5,521004,,,
flood-storage-area,,,,government-organisation:EA199,Flood_Map_for_Planning_Rivers_and_Sea_Flood_Storage_Areas.6,521005,,,
flood-storage-area,,,,government-organisation:EA199,Flood_Map_for_Planning_Rivers_and_Sea_Flood_Storage_Areas.7,521006,,,
flood-storage-area,,,,government-organisation:EA199,Flood_Map_for_Planning_Rivers_and_Sea_Flood_Storage_Areas.8,521007,,,
flood-storage-area,,,,government-organisation:EA199,Flood_Map_for_Planning_Rivers_and_Sea_Flood_Storage_Areas.9,521008,,,
flood-storage-area,,,,government-organisation:EA199,Flood_Map_for_Planning_Rivers_and_Sea_Flood_Storage_Areas.10,521009,,,
flood-storage-area,,,,government-organisation:EA199,Flood_Map_for_Planning_Rivers_and_Sea_Flood_Storage_Areas.11,521010,,,
flood-storage-area,,,,government-organisation:EA199,Flood_Map_for_Planning_Rivers_and_Sea_Flood_Storage_Areas.12,521011,,,
flood-storage-area,,,,government-organisation:EA199,Flood_Map_for_Planning_Rivers_and_Sea_Flood_Storage_Areas.13,521012,,,
flood-storage-area,,,,government-organisation:EA199,Flood_Map_for_Planning_Rivers_and_Sea_Flood_Storage_Areas.14,521013,,,
flood-storage-area,,,,government-organisation:EA199,Flood_Map_for_Planning_Rivers_and_Sea_Flood_Storage_Areas.15,521014,,,
flood-storage-area,,,,government-organisation:EA199,Flood_Map_for_Planning_Rivers_and_Sea_Flood_Storage_Areas.16,521015,,,
flood-storage-area,,,,government-organisation:EA199,Flood_Map_for_Planning_Rivers_and_Sea_Flood_Storage_Areas.17,521016,,,
flood-storage-area,,,,government-organisation:EA199,Flood_Map_for_Planning_Rivers_and_Sea_Flood_Storage_Areas.18,521017,,,
flood-storage-area,,,,government-organisation:EA199,Flood_Map_for_Planning_Rivers_and_Sea_Flood_Storage_Areas.19,521018,,,
flood-storage-area,,,,government-organisation:EA199,Flood_Map_for_Planning_Rivers_and_Sea_Flood_Storage_Areas.20,521019,,,
flood-storage-area,,,,government-organisation:EA199,Flood_Map_for_Planning_Rivers_and_Sea_Flood_Storage_Areas.21,521020,,,
flood-storage-area,,,,government-organisation:EA199,Flood_Map_for_Planning_Rivers_and_Sea_Flood_Storage_Areas.22,521021,,,
flood-storage-area,,,,government-organisation:EA199,Flood_Map_for_Planning_Rivers_and_Sea_Flood_Storage_Areas.23,521022,,,
flood-storage-area,,,,government-organisation:EA199,Flood_Map_for_Planning_Rivers_and_Sea_Flood_Storage_Areas.24,521023,,,
flood-storage-area,,,,government-organisation:EA199,Flood_Map_for_Planning_Rivers_and_Sea_Flood_Storage_Areas.25,521024,,,
flood-storage-area,,,,government-organisation:EA199,Flood_Map_for_Planning_Rivers_and_Sea_Flood_Storage_Areas.26,521025,,,
flood-storage-area,,,,government-organisation:EA199,Flood_Map_for_Planning_Rivers_and_Sea_Flood_Storage_Areas.27,521026,,,
flood-storage-area,,,,government-organisation:EA199,Flood_Map_for_Planning_Rivers_and_Sea_Flood_Storage_Areas.28,521027,,,
flood-storage-area,,,,government-organisation:EA199,Flood_Map_for_Planning_Rivers_and_Sea_Flood_Storage_Areas.29,521028,,,
flood-storage-area,,,,government-organisation:EA199,Flood_Map_for_Planning_Rivers_and_Sea_Flood_Storage_Areas.30,521029,,,
flood-storage-area,,,,government-organisation:EA199,Flood_Map_for_Planning_Rivers_and_Sea_Flood_Storage_Areas.31,521030,,,
flood-storage-area,,,,government-organisation:EA199,Flood_Map_for_Planning_Rivers_and_Sea_Flood_Storage_Areas.32,521031,,,
flood-storage-area,,,,government-organisation:EA199,Flood_Map_for_Planning_Rivers_and_Sea_Flood_Storage_Areas.33,521032,,,
flood-storage-area,,,,government-organisation:EA199,Flood_Map_for_Planning_Rivers_and_Sea_Flood_Storage_Areas.34,521033,,,
flood-storage-area,,,,government-organisation:EA199,Flood_Map_for_Planning_Rivers_and_Sea_Flood_Storage_Areas.35,521034,,,
flood-storage-area,,,,government-organisation:EA199,Flood_Map_for_Planning_Rivers_and_Sea_Flood_Storage_Areas.36,521035,,,
flood-storage-area,,,,government-organisation:EA199,Flood_Map_for_Planning_Rivers_and_Sea_Flood_Storage_Areas.37,521036,,,
flood-storage-area,,,,government-organisation:EA199,Flood_Map_for_Planning_Rivers_and_Sea_Flood_Storage_Areas.38,521037,,,
flood-storage-area,,,,government-organisation:EA199,Flood_Map_for_Planning_Rivers_and_Sea_Flood_Storage_Areas.39,521038,,,
flood-storage-area,,,,government-organisation:EA199,Flood_Map_for_Planning_Rivers_and_Sea_Flood_Storage_Areas.40,521039,,,
flood-storage-area,,,,government-organisation:EA199,Flood_Map_for_Planning_Rivers_and_Sea_Flood_Storage_Areas.41,521040,,,
flood-storage-area,,,,government-organisation:EA199,Flood_Map_for_Planning_Rivers_and_Sea_Flood_Storage_Areas.42,521041,,,
flood-storage-area,,,,government-organisation:EA199,Flood_Map_for_Planning_Rivers_and_Sea_Flood_Storage_Areas.43,521042,,,
flood-storage-area,,,,government-organisation:EA199,Flood_Map_for_Planning_Rivers_and_Sea_Flood_Storage_Areas.44,521043,,,
flood-storage-area,,,,government-organisation:EA199,Flood_Map_for_Planning_Rivers_and_Sea_Flood_Storage_Areas.45,521044,,,
flood-storage-area,,,,government-organisation:EA199,Flood_Map_for_Planning_Rivers_and_Sea_Flood_Storage_Areas.46,521045,,,
flood-storage-area,,,,government-organisation:EA199,Flood_Map_for_Planning_Rivers_and_Sea_Flood_Storage_Areas.47,521046,,,
flood-storage-area,,,,government-organisation:EA199,Flood_Map_for_Planning_Rivers_and_Sea_Flood_Storage_Areas.48,521047,,,
flood-storage-area,,,,government-organisation:EA199,Flood_Map_for_Planning_Rivers_and_Sea_Flood_Storage_Areas.49,521048,,,
flood-storage-area,,,,government-organisation:EA199,Flood_Map_for_Planning_Rivers_and_Sea_Flood_Storage_Areas.50,521049,,,
flood-storage-area,,,,government-organisation:EA199,Flood_Map_for_Planning_Rivers_and_Sea_Flood_Storage_Areas.51,521050,,,
flood-storage-area,,,,government-organisation:EA199,Flood_Map_for_Planning_Rivers_and_Sea_Flood_Storage_Areas.52,521051,,,
flood-storage-area,,,,government-organisation:EA199,Flood_Map_for_Planning_Rivers_and_Sea_Flood_Storage_Areas.53,521052,,,
flood-storage-area,,,,government-organisation:EA199,Flood_Map_for_Planning_Rivers_and_Sea_Flood_Storage_Areas.54,521053,,,
flood-storage-area,,,,government-organisation:EA199,Flood_Map_for_Planning_Rivers_and_Sea_Flood_Storage_Areas.55,521054,,,
flood-storage-area,,,,government-organisation:EA199,Flood_Map_for_Planning_Rivers_and_Sea_Flood_Storage_Areas.56,521055,,,
flood-storage-area,,,,government-organisation:EA199,Flood_Map_for_Planning_Rivers_and_Sea_Flood_Storage_Areas.57,521056,,,
flood-storage-area,,,,government-organisation:EA199,Flood_Map_for_Planning_Rivers_and_Sea_Flood_Storage_Areas.58,521057,,,
flood-storage-area,,,,government-organisation:EA199,Flood_Map_for_Planning_Rivers_and_Sea_Flood_Storage_Areas.59,521058,,,
flood-storage-area,,,,government-organisation:EA199,Flood_Map_for_Planning_Rivers_and_Sea_Flood_Storage_Areas.60,521059,,,
flood-storage-area,,,,government-organisation:EA199,Flood_Map_for_Planning_Rivers_and_Sea_Flood_Storage_Areas.61,521060,,,
flood-storage-area,,,,government-organisation:EA199,Flood_Map_for_Planning_Rivers_and_Sea_Flood_Storage_Areas.62,521061,,,
flood-storage-area,,,,government-organisation:EA199,Flood_Map_for_Planning_Rivers_and_Sea_Flood_Storage_Areas.63,521062,,,
flood-storage-area,,,,government-organisation:EA199,Flood_Map_for_Planning_Rivers_and_Sea_Flood_Storage_Areas.64,521063,,,
flood-storage-area,,,,government-organisation:EA199,Flood_Map_for_Planning_Rivers_and_Sea_Flood_Storage_Areas.65,521064,,,
flood-storage-area,,,,government-organisation:EA199,Flood_Map_for_Planning_Rivers_and_Sea_Flood_Storage_Areas.66,521065,,,
flood-storage-area,,,,government-organisation:EA199,Flood_Map_for_Planning_Rivers_and_Sea_Flood_Storage_Areas.67,521066,,,
flood-storage-area,,,,government-organisation:EA199,Flood_Map_for_Planning_Rivers_and_Sea_Flood_Storage_Areas.68,521067,,,
flood-storage-area,,,,government-organisation:EA199,Flood_Map_for_Planning_Rivers_and_Sea_Flood_Storage_Areas.69,521068,,,
flood-storage-area,,,,government-organisation:EA199,Flood_Map_for_Planning_Rivers_and_Sea_Flood_Storage_Areas.70,521069,,,
flood-storage-area,,,,government-organisation:EA199,Flood_Map_for_Planning_Rivers_and_Sea_Flood_Storage_Areas.71,521070,,,
flood-storage-area,,,,government-organisation:EA199,Flood_Map_for_Planning_Rivers_and_Sea_Flood_Storage_Areas.72,521071,,,
flood-storage-area,,,,government-organisation:EA199,Flood_Map_for_Planning_Rivers_and_Sea_Flood_Storage_Areas.73,521072,,,
flood-storage-area,,,,government-organisation:EA199,Flood_Map_for_Planning_Rivers_and_Sea_Flood_Storage_Areas.74,521073,,,
flood-storage-area,,,,government-organisation:EA199,Flood_Map_for_Planning_Rivers_and_Sea_Flood_Storage_Areas.75,521074,,,
flood-storage-area,,,,government-organisation:EA199,Flood_Map_for_Planning_Rivers_and_Sea_Flood_Storage_Areas.76,521075,,,
flood-storage-area,,,,government-organisation:EA199,Flood_Map_for_Planning_Rivers_and_Sea_Flood_Storage_Areas.77,521076,,,
flood-storage-area,,,,government-organisation:EA199,Flood_Map_for_Planning_Rivers_and_Sea_Flood_Storage_Areas.78,521077,,,
flood-storage-area,,,,government-organisation:EA199,Flood_Map_for_Planning_Rivers_and_Sea_Flood_Storage_Areas.79,521078,,,
flood-storage-area,,,,government-organisation:EA199,Flood_Map_for_Planning_Rivers_and_Sea_Flood_Storage_Areas.80,521079,,,
flood-storage-area,,,,government-organisation:EA199,Flood_Map_for_Planning_Rivers_and_Sea_Flood_Storage_Areas.81,521080,,,
flood-storage-area,,,,government-organisation:EA199,Flood_Map_for_Planning_Rivers_and_Sea_Flood_Storage_Areas.82,521081,,,
flood-storage-area,,,,government-organisation:EA199,Flood_Map_for_Planning_Rivers_and_Sea_Flood_Storage_Areas.83,521082,,,
flood-storage-area,,,,government-organisation:EA199,Flood_Map_for_Planning_Rivers_and_Sea_Flood_Storage_Areas.84,521083,,,
flood-storage-area,,,,government-organisation:EA199,Flood_Map_for_Planning_Rivers_and_Sea_Flood_Storage_Areas.85,521084,,,
flood-storage-area,,,,government-organisation:EA199,Flood_Map_for_Planning_Rivers_and_Sea_Flood_Storage_Areas.86,521085,,,
flood-storage-area,,,,government-organisation:EA199,Flood_Map_for_Planning_Rivers_and_Sea_Flood_Storage_Areas.87,521086,,,
flood-storage-area,,,,government-organisation:EA199,Flood_Map_for_Planning_Rivers_and_Sea_Flood_Storage_Areas.88,521087,,,
flood-storage-area,,,,government-organisation:EA199,Flood_Map_for_Planning_Rivers_and_Sea_Flood_Storage_Areas.89,521088,,,
flood-storage-area,,,,government-organisation:EA199,Flood_Map_for_Planning_Rivers_and_Sea_Flood_Storage_Areas.90,521089,,,
flood-storage-area,,,,government-organisation:EA199,Flood_Map_for_Planning_Rivers_and_Sea_Flood_Storage_Areas.91,521090,,,
flood-storage-area,,,,government-organisation:EA199,Flood_Map_for_Planning_Rivers_and_Sea_Flood_Storage_Areas.92,521091,,,
flood-storage-area,,,,government-organisation:EA199,Flood_Map_for_Planning_Rivers_and_Sea_Flood_Storage_Areas.93,521092,,,
flood-storage-area,,,,government-organisation:EA199,Flood_Map_for_Planning_Rivers_and_Sea_Flood_Storage_Areas.94,521093,,,
flood-storage-area,,,,government-organisation:EA199,Flood_Map_for_Planning_Rivers_and_Sea_Flood_Storage_Areas.95,521094,,,
flood-storage-area,,,,government-organisation:EA199,Flood_Map_for_Planning_Rivers_and_Sea_Flood_Storage_Areas.96,521095,,,
flood-storage-area,,,,government-organisation:EA199,Flood_Map_for_Planning_Rivers_and_Sea_Flood_Storage_Areas.97,521096,,,
flood-storage-area,,,,government-organisation:EA199,Flood_Map_for_Planning_Rivers_and_Sea_Flood_Storage_Areas.98,521097,,,
flood-storage-area,,,,government-organisation:EA199,Flood_Map_for_Planning_Rivers_and_Sea_Flood_Storage_Areas.99,521098,,,
flood-storage-area,,,,government-organisation:EA199,Flood_Map_for_Planning_Rivers_and_Sea_Flood_Storage_Areas.100,521099,,,
flood-storage-area,,,,government-organisation:EA199,Flood_Map_for_Planning_Rivers_and_Sea_Flood_Storage_Areas.101,521100,,,
flood-storage-area,,,,government-organisation:EA199,Flood_Map_for_Planning_Rivers_and_Sea_Flood_Storage_Areas.102,521101,,,
flood-storage-area,,,,government-organisation:EA199,Flood_Map_for_Planning_Rivers_and_Sea_Flood_Storage_Areas.103,521102,,,
flood-storage-area,,,,government-organisation:EA199,Flood_Map_for_Planning_Rivers_and_Sea_Flood_Storage_Areas.104,521103,,,
flood-storage-area,,,,government-organisation:EA199,Flood_Map_for_Planning_Rivers_and_Sea_Flood_Storage_Areas.105,521104,,,
flood-storage-area,,,,government-organisation:EA199,Flood_Map_for_Planning_Rivers_and_Sea_Flood_Storage_Areas.106,521105,,,
flood-storage-area,,,,government-organisation:EA199,Flood_Map_for_Planning_Rivers_and_Sea_Flood_Storage_Areas.107,521106,,,
flood-storage-area,,,,government-organisation:EA199,Flood_Map_for_Planning_Rivers_and_Sea_Flood_Storage_Areas.108,521107,,,
flood-storage-area,,,,government-organisation:EA199,Flood_Map_for_Planning_Rivers_and_Sea_Flood_Storage_Areas.109,521108,,,
flood-storage-area,,,,government-organisation:EA199,Flood_Map_for_Planning_Rivers_and_Sea_Flood_Storage_Areas.110,521109,,,
flood-storage-area,,,,government-organisation:EA199,Flood_Map_for_Planning_Rivers_and_Sea_Flood_Storage_Areas.111,521110,,,
flood-storage-area,,,,government-organisation:EA199,Flood_Map_for_Planning_Rivers_and_Sea_Flood_Storage_Areas.112,521111,,,
flood-storage-area,,,,government-organisation:EA199,Flood_Map_for_Planning_Rivers_and_Sea_Flood_Storage_Areas.113,521112,,,
flood-storage-area,,,,government-organisation:EA199,Flood_Map_for_Planning_Rivers_and_Sea_Flood_Storage_Areas.114,521113,,,
flood-storage-area,,,,government-organisation:EA199,Flood_Map_for_Planning_Rivers_and_Sea_Flood_Storage_Areas.115,521114,,,
flood-storage-area,,,,government-organisation:EA199,Flood_Map_for_Planning_Rivers_and_Sea_Flood_Storage_Areas.116,521115,,,
flood-storage-area,,,,government-organisation:EA199,Flood_Map_for_Planning_Rivers_and_Sea_Flood_Storage_Areas.117,521116,,,
flood-storage-area,,,,government-organisation:EA199,Flood_Map_for_Planning_Rivers_and_Sea_Flood_Storage_Areas.118,521117,,,
flood-storage-area,,,,government-organisation:EA199,Flood_Map_for_Planning_Rivers_and_Sea_Flood_Storage_Areas.119,521118,,,
flood-storage-area,,,,government-organisation:EA199,Flood_Map_for_Planning_Rivers_and_Sea_Flood_Storage_Areas.120,521119,,,
flood-storage-area,,,,government-organisation:EA199,Flood_Map_for_Planning_Rivers_and_Sea_Flood_Storage_Areas.121,521120,,,
flood-storage-area,,,,government-organisation:EA199,Flood_Map_for_Planning_Rivers_and_Sea_Flood_Storage_Areas.122,521121,,,
flood-storage-area,,,,government-organisation:EA199,Flood_Map_for_Planning_Rivers_and_Sea_Flood_Storage_Areas.123,521122,,,
flood-storage-area,,,,government-organisation:EA199,Flood_Map_for_Planning_Rivers_and_Sea_Flood_Storage_Areas.124,521123,,,
flood-storage-area,,,,government-organisation:EA199,Flood_Map_for_Planning_Rivers_and_Sea_Flood_Storage_Areas.125,521124,,,
flood-storage-area,,,,government-organisation:EA199,Flood_Map_for_Planning_Rivers_and_Sea_Flood_Storage_Areas.126,521125,,,
flood-storage-area,,,,government-organisation:EA199,Flood_Map_for_Planning_Rivers_and_Sea_Flood_Storage_Areas.127,521126,,,
flood-storage-area,,,,government-organisation:EA199,Flood_Map_for_Planning_Rivers_and_Sea_Flood_Storage_Areas.128,521127,,,
flood-storage-area,,,,government-organisation:EA199,Flood_Map_for_Planning_Rivers_and_Sea_Flood_Storage_Areas.129,521128,,,
flood-storage-area,,,,government-organisation:EA199,Flood_Map_for_Planning_Rivers_and_Sea_Flood_Storage_Areas.130,521129,,,
flood-storage-area,,,,government-organisation:EA199,Flood_Map_for_Planning_Rivers_and_Sea_Flood_Storage_Areas.131,521130,,,
flood-storage-area,,,,government-organisation:EA199,Flood_Map_for_Planning_Rivers_and_Sea_Flood_Storage_Areas.132,521131,,,
flood-storage-area,,,,government-organisation:EA199,Flood_Map_for_Planning_Rivers_and_Sea_Flood_Storage_Areas.133,521132,,,
flood-storage-area,,,,government-organisation:EA199,Flood_Map_for_Planning_Rivers_and_Sea_Flood_Storage_Areas.134,521133,,,
flood-storage-area,,,,government-organisation:EA199,Flood_Map_for_Planning_Rivers_and_Sea_Flood_Storage_Areas.135,521134,,,
flood-storage-area,,,,government-organisation:EA199,Flood_Map_for_Planning_Rivers_and_Sea_Flood_Storage_Areas.136,521135,,,
flood-storage-area,,,,government-organisation:EA199,Flood_Map_for_Planning_Rivers_and_Sea_Flood_Storage_Areas.137,521136,,,
flood-storage-area,,,,government-organisation:EA199,Flood_Map_for_Planning_Rivers_and_Sea_Flood_Storage_Areas.138,521137,,,
flood-storage-area,,,,government-organisation:EA199,Flood_Map_for_Planning_Rivers_and_Sea_Flood_Storage_Areas.139,521138,,,
flood-storage-area,,,,government-organisation:EA199,Flood_Map_for_Planning_Rivers_and_Sea_Flood_Storage_Areas.140,521139,,,
flood-storage-area,,,,government-organisation:EA199,Flood_Map_for_Planning_Rivers_and_Sea_Flood_Storage_Areas.141,521140,,,
flood-storage-area,,,,government-organisation:EA199,Flood_Map_for_Planning_Rivers_and_Sea_Flood_Storage_Areas.142,521141,,,
flood-storage-area,,,,government-organisation:EA199,Flood_Map_for_Planning_Rivers_and_Sea_Flood_Storage_Areas.143,521142,,,
flood-storage-area,,,,government-organisation:EA199,Flood_Map_for_Planning_Rivers_and_Sea_Flood_Storage_Areas.144,521143,,,
flood-storage-area,,,,government-organisation:EA199,Flood_Map_for_Planning_Rivers_and_Sea_Flood_Storage_Areas.145,521144,,,
flood-storage-area,,,,government-organisation:EA199,Flood_Map_for_Planning_Rivers_and_Sea_Flood_Storage_Areas.146,521145,,,
flood-storage-area,,,,government-organisation:EA199,Flood_Map_for_Planning_Rivers_and_Sea_Flood_Storage_Areas.147,521146,,,
flood-storage-area,,,,government-organisation:EA199,Flood_Map_for_Planning_Rivers_and_Sea_Flood_Storage_Areas.148,521147,,,
flood-storage-area,,,,government-organisation:EA199,Flood_Map_for_Planning_Rivers_and_Sea_Flood_Storage_Areas.149,521148,,,
flood-storage-area,,,,government-organisation:EA199,Flood_Map_for_Planning_Rivers_and_Sea_Flood_Storage_Areas.150,521149,,,
flood-storage-area,,,,government-organisation:EA199,Flood_Map_for_Planning_Rivers_and_Sea_Flood_Storage_Areas.151,521150,,,
flood-storage-area,,,,government-organisation:EA199,Flood_Map_for_Planning_Rivers_and_Sea_Flood_Storage_Areas.152,521151,,,
flood-storage-area,,,,government-organisation:EA199,Flood_Map_for_Planning_Rivers_and_Sea_Flood_Storage_Areas.153,521152,,,
flood-storage-area,,,,government-organisation:EA199,Flood_Map_for_Planning_Rivers_and_Sea_Flood_Storage_Areas.154,521153,,,
flood-storage-area,,,,government-organisation:EA199,Flood_Map_for_Planning_Rivers_and_Sea_Flood_Storage_Areas.155,521154,,,
flood-storage-area,,,,government-organisation:EA199,Flood_Map_for_Planning_Rivers_and_Sea_Flood_Storage_Areas.156,521155,,,
flood-storage-area,,,,government-organisation:EA199,Flood_Map_for_Planning_Rivers_and_Sea_Flood_Storage_Areas.157,521156,,,
flood-storage-area,,,,government-organisation:EA199,Flood_Map_for_Planning_Rivers_and_Sea_Flood_Storage_Areas.158,521157,,,
flood-storage-area,,,,government-organisation:EA199,Flood_Map_for_Planning_Rivers_and_Sea_Flood_Storage_Areas.159,521158,,,
flood-storage-area,,,,government-organisation:EA199,Flood_Map_for_Planning_Rivers_and_Sea_Flood_Storage_Areas.160,521159,,,
flood-storage-area,,,,government-organisation:EA199,Flood_Map_for_Planning_Rivers_and_Sea_Flood_Storage_Areas.161,521160,,,
flood-storage-area,,,,government-organisation:EA199,Flood_Map_for_Planning_Rivers_and_Sea_Flood_Storage_Areas.162,521161,,,
flood-storage-area,,,,government-organisation:EA199,Flood_Map_for_Planning_Rivers_and_Sea_Flood_Storage_Areas.163,521162,,,
flood-storage-area,,,,government-organisation:EA199,Flood_Map_for_Planning_Rivers_and_Sea_Flood_Storage_Areas.164,521163,,,
flood-storage-area,,,,government-organisation:EA199,Flood_Map_for_Planning_Rivers_and_Sea_Flood_Storage_Areas.165,521164,,,
flood-storage-area,,,,government-organisation:EA199,Flood_Map_for_Planning_Rivers_and_Sea_Flood_Storage_Areas.166,521165,,,
flood-storage-area,,,,government-organisation:EA199,Flood_Map_for_Planning_Rivers_and_Sea_Flood_Storage_Areas.167,521166,,,
flood-storage-area,,,,government-organisation:EA199,Flood_Map_for_Planning_Rivers_and_Sea_Flood_Storage_Areas.168,521167,,,
flood-storage-area,,,,government-organisation:EA199,Flood_Map_for_Planning_Rivers_and_Sea_Flood_Storage_Areas.169,521168,,,
flood-storage-area,,,,government-organisation:EA199,Flood_Map_for_Planning_Rivers_and_Sea_Flood_Storage_Areas.170,521169,,,
flood-storage-area,,,,government-organisation:EA199,Flood_Map_for_Planning_Rivers_and_Sea_Flood_Storage_Areas.171,521170,,,
flood-storage-area,,,,government-organisation:EA199,Flood_Map_for_Planning_Rivers_and_Sea_Flood_Storage_Areas.172,521171,,,
flood-storage-area,,,,government-organisation:EA199,Flood_Map_for_Planning_Rivers_and_Sea_Flood_Storage_Areas.173,521172,,,
flood-storage-area,,,,government-organisation:EA199,Flood_Map_for_Planning_Rivers_and_Sea_Flood_Storage_Areas.174,521173,,,
flood-storage-area,,,,government-organisation:EA199,Flood_Map_for_Planning_Rivers_and_Sea_Flood_Storage_Areas.175,521174,,,
flood-storage-area,,,,government-organisation:EA199,Flood_Map_for_Planning_Rivers_and_Sea_Flood_Storage_Areas.176,521175,,,
flood-storage-area,,,,government-organisation:EA199,Flood_Map_for_Planning_Rivers_and_Sea_Flood_Storage_Areas.177,521176,,,
flood-storage-area,,,,government-organisation:EA199,Flood_Map_for_Planning_Rivers_and_Sea_Flood_Storage_Areas.178,521177,,,
flood-storage-area,,,,government-organisation:EA199,Flood_Map_for_Planning_Rivers_and_Sea_Flood_Storage_Areas.179,521178,,,
flood-storage-area,,,,government-organisation:EA199,Flood_Map_for_Planning_Rivers_and_Sea_Flood_Storage_Areas.180,521179,,,
flood-storage-area,,,,government-organisation:EA199,Flood_Map_for_Planning_Rivers_and_Sea_Flood_Storage_Areas.181,521180,,,
flood-storage-area,,,,government-organisation:EA199,Flood_Map_for_Planning_Rivers_and_Sea_Flood_Storage_Areas.182,521181,,,
flood-storage-area,,,,government-organisation:EA199,Flood_Map_for_Planning_Rivers_and_Sea_Flood_Storage_Areas.183,521182,,,
flood-storage-area,,,,government-organisation:EA199,Flood_Map_for_Planning_Rivers_and_Sea_Flood_Storage_Areas.184,521183,,,
flood-storage-area,,,,government-organisation:EA199,Flood_Map_for_Planning_Rivers_and_Sea_Flood_Storage_Areas.185,521184,,,
flood-storage-area,,,,government-organisation:EA199,Flood_Map_for_Planning_Rivers_and_Sea_Flood_Storage_Areas.186,521185,,,
flood-storage-area,,,,government-organisation:EA199,Flood_Map_for_Planning_Rivers_and_Sea_Flood_Storage_Areas.187,521186,,,
flood-storage-area,,,,government-organisation:EA199,Flood_Map_for_Planning_Rivers_and_Sea_Flood_Storage_Areas.188,521187,,,
flood-storage-area,,,,government-organisation:EA199,Flood_Map_for_Planning_Rivers_and_Sea_Flood_Storage_Areas.189,521188,,,
flood-storage-area,,,,government-organisation:EA199,Flood_Map_for_Planning_Rivers_and_Sea_Flood_Storage_Areas.190,521189,,,
flood-storage-area,,,,government-organisation:EA199,Flood_Map_for_Planning_Rivers_and_Sea_Flood_Storage_Areas.191,521190,,,
flood-storage-area,,,,government-organisation:EA199,Flood_Map_for_Planning_Rivers_and_Sea_Flood_Storage_Areas.192,521191,,,
flood-storage-area,,,,government-organisation:EA199,Flood_Map_for_Planning_Rivers_and_Sea_Flood_Storage_Areas.193,521192,,,
flood-storage-area,,,,government-organisation:EA199,Flood_Map_for_Planning_Rivers_and_Sea_Flood_Storage_Areas.194,521193,,,
flood-storage-area,,,,government-organisation:EA199,Flood_Map_for_Planning_Rivers_and_Sea_Flood_Storage_Areas.195,521194,,,
flood-storage-area,,,,government-organisation:EA199,Flood_Map_for_Planning_Rivers_and_Sea_Flood_Storage_Areas.196,521195,,,
flood-storage-area,,,,government-organisation:EA199,Flood_Map_for_Planning_Rivers_and_Sea_Flood_Storage_Areas.197,521196,,,
flood-storage-area,,,,government-organisation:EA199,Flood_Map_for_Planning_Rivers_and_Sea_Flood_Storage_Areas.198,521197,,,
flood-storage-area,,,,government-organisation:EA199,Flood_Map_for_Planning_Rivers_and_Sea_Flood_Storage_Areas.199,521198,,,
flood-storage-area,,,,government-organisation:EA199,Flood_Map_for_Planning_Rivers_and_Sea_Flood_Storage_Areas.200,521199,,,
flood-storage-area,,,,government-organisation:EA199,Flood_Map_for_Planning_Rivers_and_Sea_Flood_Storage_Areas.201,521200,,,
flood-storage-area,,,,government-organisation:EA199,Flood_Map_for_Planning_Rivers_and_Sea_Flood_Storage_Areas.202,521201,,,
flood-storage-area,,,,government-organisation:EA199,Flood_Map_for_Planning_Rivers_and_Sea_Flood_Storage_Areas.203,521202,,,
flood-storage-area,,,,government-organisation:EA199,Flood_Map_for_Planning_Rivers_and_Sea_Flood_Storage_Areas.204,521203,,,
flood-storage-area,,,,government-organisation:EA199,Flood_Map_for_Planning_Rivers_and_Sea_Flood_Storage_Areas.205,521204,,,
flood-storage-area,,,,government-organisation:EA199,Flood_Map_for_Planning_Rivers_and_Sea_Flood_Storage_Areas.206,521205,,,
flood-storage-area,,,,government-organisation:EA199,Flood_Map_for_Planning_Rivers_and_Sea_Flood_Storage_Areas.207,521206,,,
flood-storage-area,,,,government-organisation:EA199,Flood_Map_for_Planning_Rivers_and_Sea_Flood_Storage_Areas.208,521207,,,
flood-storage-area,,,,government-organisation:EA199,Flood_Map_for_Planning_Rivers_and_Sea_Flood_Storage_Areas.209,521208,,,
flood-storage-area,,,,government-organisation:EA199,Flood_Map_for_Planning_Rivers_and_Sea_Flood_Storage_Areas.210,521209,,,
flood-storage-area,,,,government-organisation:EA199,Flood_Map_for_Planning_Rivers_and_Sea_Flood_Storage_Areas.211,521210,,,
flood-storage-area,,,,government-organisation:EA199,Flood_Map_for_Planning_Rivers_and_Sea_Flood_Storage_Areas.212,521211,,,
flood-storage-area,,,,government-organisation:EA199,Flood_Map_for_Planning_Rivers_and_Sea_Flood_Storage_Areas.213,521212,,,
flood-storage-area,,,,government-organisation:EA199,Flood_Map_for_Planning_Rivers_and_Sea_Flood_Storage_Areas.214,521213,,,
flood-storage-area,,,,government-organisation:EA199,Flood_Map_for_Planning_Rivers_and_Sea_Flood_Storage_Areas.215,521214,,,
flood-storage-area,,,,government-organisation:EA199,Flood_Map_for_Planning_Rivers_and_Sea_Flood_Storage_Areas.216,521215,,,
flood-storage-area,,,,government-organisation:EA199,Flood_Map_for_Planning_Rivers_and_Sea_Flood_Storage_Areas.217,521216,,,
flood-storage-area,,,,government-organisation:EA199,Flood_Map_for_Planning_Rivers_and_Sea_Flood_Storage_Areas.218,521217,,,
flood-storage-area,,,,government-organisation:EA199,Flood_Map_for_Planning_Rivers_and_Sea_Flood_Storage_Areas.219,521218,,,
flood-storage-area,,,,government-organisation:EA199,Flood_Map_for_Planning_Rivers_and_Sea_Flood_Storage_Areas.220,521219,,,
flood-storage-area,,,,government-organisation:EA199,Flood_Map_for_Planning_Rivers_and_Sea_Flood_Storage_Areas.221,521220,,,
flood-storage-area,,,,government-organisation:EA199,Flood_Map_for_Planning_Rivers_and_Sea_Flood_Storage_Areas.222,521221,,,
flood-storage-area,,,,government-organisation:EA199,Flood_Map_for_Planning_Rivers_and_Sea_Flood_Storage_Areas.223,521222,,,
flood-storage-area,,,,government-organisation:EA199,Flood_Map_for_Planning_Rivers_and_Sea_Flood_Storage_Areas.224,521223,,,
flood-storage-area,,,,government-organisation:EA199,Flood_Map_for_Planning_Rivers_and_Sea_Flood_Storage_Areas.225,521224,,,
flood-storage-area,,,,government-organisation:EA199,Flood_Map_for_Planning_Rivers_and_Sea_Flood_Storage_Areas.226,521225,,,
flood-storage-area,,,,government-organisation:EA199,Flood_Map_for_Planning_Rivers_and_Sea_Flood_Storage_Areas.227,521226,,,
flood-storage-area,,,,government-organisation:EA199,Flood_Map_for_Planning_Rivers_and_Sea_Flood_Storage_Areas.228,521227,,,
flood-storage-area,,,,government-organisation:EA199,Flood_Map_for_Planning_Rivers_and_Sea_Flood_Storage_Areas.229,521228,,,
flood-storage-area,,,,government-organisation:EA199,Flood_Map_for_Planning_Rivers_and_Sea_Flood_Storage_Areas.230,521229,,,
flood-storage-area,,,,government-organisation:EA199,Flood_Map_for_Planning_Rivers_and_Sea_Flood_Storage_Areas.231,521230,,,
flood-storage-area,,,,government-organisation:EA199,Flood_Map_for_Planning_Rivers_and_Sea_Flood_Storage_Areas.232,521231,,,
flood-storage-area,,,,government-organisation:EA199,Flood_Map_for_Planning_Rivers_and_Sea_Flood_Storage_Areas.233,521232,,,
flood-storage-area,,,,government-organisation:EA199,Flood_Map_for_Planning_Rivers_and_Sea_Flood_Storage_Areas.234,521233,,,
flood-storage-area,,,,government-organisation:EA199,Flood_Map_for_Planning_Rivers_and_Sea_Flood_Storage_Areas.235,521234,,,
flood-storage-area,,,,government-organisation:EA199,Flood_Map_for_Planning_Rivers_and_Sea_Flood_Storage_Areas.236,521235,,,
flood-storage-area,,,,government-organisation:EA199,Flood_Map_for_Planning_Rivers_and_Sea_Flood_Storage_Areas.237,521236,,,
flood-storage-area,,,,government-organisation:EA199,Flood_Map_for_Planning_Rivers_and_Sea_Flood_Storage_Areas.238,521237,,,
flood-storage-area,,,,government-organisation:EA199,Flood_Map_for_Planning_Rivers_and_Sea_Flood_Storage_Areas.239,521238,,,
flood-storage-area,,,,government-organisation:EA199,Flood_Map_for_Planning_Rivers_and_Sea_Flood_Storage_Areas.240,521239,,,
flood-storage-area,,,,government-organisation:EA199,Flood_Map_for_Planning_Rivers_and_Sea_Flood_Storage_Areas.241,521240,,,
flood-storage-area,,,,government-organisation:EA199,Flood_Map_for_Planning_Rivers_and_Sea_Flood_Storage_Areas.242,521241,,,
flood-storage-area,,,,government-organisation:EA199,Flood_Map_for_Planning_Rivers_and_Sea_Flood_Storage_Areas.243,521242,,,
flood-storage-area,,,,government-organisation:EA199,Flood_Map_for_Planning_Rivers_and_Sea_Flood_Storage_Areas.244,521243,,,
flood-storage-area,,,,government-organisation:EA199,Flood_Map_for_Planning_Rivers_and_Sea_Flood_Storage_Areas.245,521244,,,
flood-storage-area,,,,government-organisation:EA199,Flood_Map_for_Planning_Rivers_and_Sea_Flood_Storage_Areas.246,521245,,,
flood-storage-area,,,,government-organisation:EA199,Flood_Map_for_Planning_Rivers_and_Sea_Flood_Storage_Areas.247,521246,,,
flood-storage-area,,,,government-organisation:EA199,Flood_Map_for_Planning_Rivers_and_Sea_Flood_Storage_Areas.248,521247,,,
flood-storage-area,,,,government-organisation:EA199,Flood_Map_for_Planning_Rivers_and_Sea_Flood_Storage_Areas.249,521248,,,
flood-storage-area,,,,government-organisation:EA199,Flood_Map_for_Planning_Rivers_and_Sea_Flood_Storage_Areas.250,521249,,,
flood-storage-area,,,,government-organisation:EA199,Flood_Map_for_Planning_Rivers_and_Sea_Flood_Storage_Areas.251,521250,,,
flood-storage-area,,,,government-organisation:EA199,Flood_Map_for_Planning_Rivers_and_Sea_Flood_Storage_Areas.252,521251,,,
flood-storage-area,,,,government-organisation:EA199,Flood_Map_for_Planning_Rivers_and_Sea_Flood_Storage_Areas.253,521252,,,
flood-storage-area,,,,government-organisation:EA199,Flood_Map_for_Planning_Rivers_and_Sea_Flood_Storage_Areas.254,521253,,,
flood-storage-area,,,,government-organisation:EA199,Flood_Map_for_Planning_Rivers_and_Sea_Flood_Storage_Areas.255,521254,,,
flood-storage-area,,,,government-organisation:EA199,Flood_Map_for_Planning_Rivers_and_Sea_Flood_Storage_Areas.256,521255,,,
flood-storage-area,,,,government-organisation:EA199,Flood_Map_for_Planning_Rivers_and_Sea_Flood_Storage_Areas.257,521256,,,
flood-storage-area,,,,government-organisation:EA199,Flood_Map_for_Planning_Rivers_and_Sea_Flood_Storage_Areas.258,521257,,,
flood-storage-area,,,,government-organisation:EA199,Flood_Map_for_Planning_Rivers_and_Sea_Flood_Storage_Areas.259,521258,,,
flood-storage-area,,,,government-organisation:EA199,Flood_Map_for_Planning_Rivers_and_Sea_Flood_Storage_Areas.260,521259,,,
flood-storage-area,,,,government-organisation:EA199,Flood_Map_for_Planning_Rivers_and_Sea_Flood_Storage_Areas.261,521260,,,
flood-storage-area,,,,government-organisation:EA199,Flood_Map_for_Planning_Rivers_and_Sea_Flood_Storage_Areas.262,521261,,,
flood-storage-area,,,,government-organisation:EA199,Flood_Map_for_Planning_Rivers_and_Sea_Flood_Storage_Areas.263,521262,,,
flood-storage-area,,,,government-organisation:EA199,Flood_Map_for_Planning_Rivers_and_Sea_Flood_Storage_Areas.264,521263,,,
flood-storage-area,,,,government-organisation:EA199,Flood_Map_for_Planning_Rivers_and_Sea_Flood_Storage_Areas.265,521264,,,
flood-storage-area,,,,government-organisation:EA199,Flood_Map_for_Planning_Rivers_and_Sea_Flood_Storage_Areas.266,521265,,,
flood-storage-area,,,,government-organisation:EA199,Flood_Map_for_Planning_Rivers_and_Sea_Flood_Storage_Areas.267,521266,,,
flood-storage-area,,,,government-organisation:EA199,Flood_Map_for_Planning_Rivers_and_Sea_Flood_Storage_Areas.268,521267,,,
flood-storage-area,,,,government-organisation:EA199,Flood_Map_for_Planning_Rivers_and_Sea_Flood_Storage_Areas.269,521268,,,
flood-storage-area,,,,government-organisation:EA199,Flood_Map_for_Planning_Rivers_and_Sea_Flood_Storage_Areas.270,521269,,,
flood-storage-area,,,,government-organisation:EA199,Flood_Map_for_Planning_Rivers_and_Sea_Flood_Storage_Areas.271,521270,,,
flood-storage-area,,,,government-organisation:EA199,Flood_Map_for_Planning_Rivers_and_Sea_Flood_Storage_Areas.272,521271,,,
flood-storage-area,,,,government-organisation:EA199,Flood_Map_for_Planning_Rivers_and_Sea_Flood_Storage_Areas.273,521272,,,
flood-storage-area,,,,government-organisation:EA199,Flood_Map_for_Planning_Rivers_and_Sea_Flood_Storage_Areas.274,521273,,,
flood-storage-area,,,,government-organisation:EA199,Flood_Map_for_Planning_Rivers_and_Sea_Flood_Storage_Areas.275,521274,,,
flood-storage-area,,,,government-organisation:EA199,Flood_Map_for_Planning_Rivers_and_Sea_Flood_Storage_Areas.276,521275,,,
flood-storage-area,,,,government-organisation:EA199,Flood_Map_for_Planning_Rivers_and_Sea_Flood_Storage_Areas.277,521276,,,
flood-storage-area,,,,government-organisation:EA199,Flood_Map_for_Planning_Rivers_and_Sea_Flood_Storage_Areas.278,521277,,,
flood-storage-area,,,,government-organisation:EA199,Flood_Map_for_Planning_Rivers_and_Sea_Flood_Storage_Areas.279,521278,,,
flood-storage-area,,,,government-organisation:EA199,Flood_Map_for_Planning_Rivers_and_Sea_Flood_Storage_Areas.280,521279,,,
flood-storage-area,,,,government-organisation:EA199,Flood_Map_for_Planning_Rivers_and_Sea_Flood_Storage_Areas.281,521280,,,
flood-storage-area,,,,government-organisation:EA199,Flood_Map_for_Planning_Rivers_and_Sea_Flood_Storage_Areas.282,521281,,,
flood-storage-area,,,,government-organisation:EA199,Flood_Map_for_Planning_Rivers_and_Sea_Flood_Storage_Areas.283,521282,,,
flood-storage-area,,,,government-organisation:EA199,Flood_Map_for_Planning_Rivers_and_Sea_Flood_Storage_Areas.284,521283,,,
flood-storage-area,,,,government-organisation:EA199,Flood_Map_for_Planning_Rivers_and_Sea_Flood_Storage_Areas.285,521284,,,
flood-storage-area,,,,government-organisation:EA199,Flood_Map_for_Planning_Rivers_and_Sea_Flood_Storage_Areas.286,521285,,,
flood-storage-area,,,,government-organisation:EA199,Flood_Map_for_Planning_Rivers_and_Sea_Flood_Storage_Areas.287,521286,,,
flood-storage-area,,,,government-organisation:EA199,Flood_Map_for_Planning_Rivers_and_Sea_Flood_Storage_Areas.288,521287,,,
flood-storage-area,,,,government-organisation:EA199,Flood_Map_for_Planning_Rivers_and_Sea_Flood_Storage_Areas.289,521288,,,
flood-storage-area,,,,government-organisation:EA199,Flood_Map_for_Planning_Rivers_and_Sea_Flood_Storage_Areas.290,521289,,,
flood-storage-area,,,,government-organisation:EA199,Flood_Map_for_Planning_Rivers_and_Sea_Flood_Storage_Areas.291,521290,,,
flood-storage-area,,,,government-organisation:EA199,Flood_Map_for_Planning_Rivers_and_Sea_Flood_Storage_Areas.292,521291,,,
flood-storage-area,,,,government-organisation:EA199,Flood_Map_for_Planning_Rivers_and_Sea_Flood_Storage_Areas.293,521292,,,
flood-storage-area,,,,government-organisation:EA199,Flood_Map_for_Planning_Rivers_and_Sea_Flood_Storage_Areas.294,521293,,,
flood-storage-area,,,,government-organisation:EA199,Flood_Map_for_Planning_Rivers_and_Sea_Flood_Storage_Areas.295,521294,,,
flood-storage-area,,,,government-organisation:EA199,Flood_Map_for_Planning_Rivers_and_Sea_Flood_Storage_Areas.296,521295,,,
flood-storage-area,,,,government-organisation:EA199,Flood_Map_for_Planning_Rivers_and_Sea_Flood_Storage_Areas.297,521296,,,
flood-storage-area,,,,government-organisation:EA199,Flood_Map_for_Planning_Rivers_and_Sea_Flood_Storage_Areas.298,521297,,,
flood-storage-area,,,,government-organisation:EA199,Flood_Map_for_Planning_Rivers_and_Sea_Flood_Storage_Areas.299,521298,,,
flood-storage-area,,,,government-organisation:EA199,Flood_Map_for_Planning_Rivers_and_Sea_Flood_Storage_Areas.300,521299,,,
flood-storage-area,,,,government-organisation:EA199,Flood_Map_for_Planning_Rivers_and_Sea_Flood_Storage_Areas.301,521300,,,
flood-storage-area,,,,government-organisation:EA199,Flood_Map_for_Planning_Rivers_and_Sea_Flood_Storage_Areas.302,521301,,,
flood-storage-area,,,,government-organisation:EA199,Flood_Map_for_Planning_Rivers_and_Sea_Flood_Storage_Areas.303,521302,,,
flood-storage-area,,,,government-organisation:EA199,Flood_Map_for_Planning_Rivers_and_Sea_Flood_Storage_Areas.304,521303,,,
flood-storage-area,,,,government-organisation:EA199,Flood_Map_for_Planning_Rivers_and_Sea_Flood_Storage_Areas.305,521304,,,
flood-storage-area,,,,government-organisation:EA199,Flood_Map_for_Planning_Rivers_and_Sea_Flood_Storage_Areas.306,521305,,,
flood-storage-area,,,,government-organisation:EA199,Flood_Map_for_Planning_Rivers_and_Sea_Flood_Storage_Areas.307,521306,,,
flood-storage-area,,,,government-organisation:EA199,Flood_Map_for_Planning_Rivers_and_Sea_Flood_Storage_Areas.308,521307,,,
flood-storage-area,,,,government-organisation:EA199,Flood_Map_for_Planning_Rivers_and_Sea_Flood_Storage_Areas.309,521308,,,
flood-storage-area,,,,government-organisation:EA199,Flood_Map_for_Planning_Rivers_and_Sea_Flood_Storage_Areas.310,521309,,,
flood-storage-area,,,,government-organisation:EA199,Flood_Map_for_Planning_Rivers_and_Sea_Flood_Storage_Areas.311,521310,,,
flood-storage-area,,,,government-organisation:EA199,Flood_Map_for_Planning_Rivers_and_Sea_Flood_Storage_Areas.312,521311,,,
flood-storage-area,,,,government-organisation:EA199,Flood_Map_for_Planning_Rivers_and_Sea_Flood_Storage_Areas.313,521312,,,
flood-storage-area,,,,government-organisation:EA199,Flood_Map_for_Planning_Rivers_and_Sea_Flood_Storage_Areas.314,521313,,,
flood-storage-area,,,,government-organisation:EA199,Flood_Map_for_Planning_Rivers_and_Sea_Flood_Storage_Areas.315,521314,,,
flood-storage-area,,,,government-organisation:EA199,Flood_Map_for_Planning_Rivers_and_Sea_Flood_Storage_Areas.316,521315,,,
flood-storage-area,,,,government-organisation:EA199,Flood_Map_for_Planning_Rivers_and_Sea_Flood_Storage_Areas.317,521316,,,
flood-storage-area,,,,government-organisation:EA199,Flood_Map_for_Planning_Rivers_and_Sea_Flood_Storage_Areas.318,521317,,,
flood-storage-area,,,,government-organisation:EA199,Flood_Map_for_Planning_Rivers_and_Sea_Flood_Storage_Areas.319,521318,,,
flood-storage-area,,,,government-organisation:EA199,Flood_Map_for_Planning_Rivers_and_Sea_Flood_Storage_Areas.320,521319,,,
flood-storage-area,,,,government-organisation:EA199,Flood_Map_for_Planning_Rivers_and_Sea_Flood_Storage_Areas.321,521320,,,
flood-storage-area,,,,government-organisation:EA199,Flood_Map_for_Planning_Rivers_and_Sea_Flood_Storage_Areas.322,521321,,,
flood-storage-area,,,,government-organisation:EA199,Flood_Map_for_Planning_Rivers_and_Sea_Flood_Storage_Areas.323,521322,,,
flood-storage-area,,,,government-organisation:EA199,Flood_Map_for_Planning_Rivers_and_Sea_Flood_Storage_Areas.324,521323,,,
flood-storage-area,,,,government-organisation:EA199,Flood_Map_for_Planning_Rivers_and_Sea_Flood_Storage_Areas.325,521324,,,
flood-storage-area,,,,government-organisation:EA199,Flood_Map_for_Planning_Rivers_and_Sea_Flood_Storage_Areas.326,521325,,,
flood-storage-area,,,,government-organisation:EA199,Flood_Map_for_Planning_Rivers_and_Sea_Flood_Storage_Areas.327,521326,,,
flood-storage-area,,,,government-organisation:EA199,Flood_Map_for_Planning_Rivers_and_Sea_Flood_Storage_Areas.328,521327,,,
flood-storage-area,,,,government-organisation:EA199,Flood_Map_for_Planning_Rivers_and_Sea_Flood_Storage_Areas.329,521328,,,
flood-storage-area,,,,government-organisation:EA199,Flood_Map_for_Planning_Rivers_and_Sea_Flood_Storage_Areas.330,521329,,,
flood-storage-area,,,,government-organisation:EA199,Flood_Map_for_Planning_Rivers_and_Sea_Flood_Storage_Areas.331,521330,,,
flood-storage-area,,,,government-organisation:EA199,Flood_Map_for_Planning_Rivers_and_Sea_Flood_Storage_Areas.332,521331,,,
flood-storage-area,,,,government-organisation:EA199,Flood_Map_for_Planning_Rivers_and_Sea_Flood_Storage_Areas.333,521332,,,
flood-storage-area,,,,government-organisation:EA199,Flood_Map_for_Planning_Rivers_and_Sea_Flood_Storage_Areas.334,521333,,,
flood-storage-area,,,,government-organisation:EA199,Flood_Map_for_Planning_Rivers_and_Sea_Flood_Storage_Areas.335,521334,,,
flood-storage-area,,,,government-organisation:EA199,Flood_Map_for_Planning_Rivers_and_Sea_Flood_Storage_Areas.336,521335,,,
flood-storage-area,,,,government-organisation:EA199,Flood_Map_for_Planning_Rivers_and_Sea_Flood_Storage_Areas.337,521336,,,
flood-storage-area,,,,government-organisation:EA199,Flood_Map_for_Planning_Rivers_and_Sea_Flood_Storage_Areas.338,521337,,,
flood-storage-area,,,,government-organisation:EA199,Flood_Map_for_Planning_Rivers_and_Sea_Flood_Storage_Areas.339,521338,,,
flood-storage-area,,,,government-organisation:EA199,Flood_Map_for_Planning_Rivers_and_Sea_Flood_Storage_Areas.340,521339,,,
flood-storage-area,,,,government-organisation:EA199,Flood_Map_for_Planning_Rivers_and_Sea_Flood_Storage_Areas.341,521340,,,
flood-storage-area,,,,government-organisation:EA199,Flood_Map_for_Planning_Rivers_and_Sea_Flood_Storage_Areas.342,521341,,,
flood-storage-area,,,,government-organisation:EA199,Flood_Map_for_Planning_Rivers_and_Sea_Flood_Storage_Areas.343,521342,,,
flood-storage-area,,,,government-organisation:EA199,Flood_Map_for_Planning_Rivers_and_Sea_Flood_Storage_Areas.344,521343,,,
flood-storage-area,,,,government-organisation:EA199,Flood_Map_for_Planning_Rivers_and_Sea_Flood_Storage_Areas.345,521344,,,
flood-storage-area,,,,government-organisation:EA199,Flood_Map_for_Planning_Rivers_and_Sea_Flood_Storage_Areas.346,521345,,,
flood-storage-area,,,,government-organisation:EA199,Flood_Map_for_Planning_Rivers_and_Sea_Flood_Storage_Areas.347,521346,,,
flood-storage-area,,,,government-organisation:EA199,Flood_Map_for_Planning_Rivers_and_Sea_Flood_Storage_Areas.348,521347,,,
flood-storage-area,,,,government-organisation:EA199,Flood_Map_for_Planning_Rivers_and_Sea_Flood_Storage_Areas.349,521348,,,
flood-storage-area,,,,government-organisation:EA199,Flood_Map_for_Planning_Rivers_and_Sea_Flood_Storage_Areas.350,521349,,,
flood-storage-area,,,,government-organisation:EA199,Flood_Map_for_Planning_Rivers_and_Sea_Flood_Storage_Areas.351,521350,,,
flood-storage-area,,,,government-organisation:EA199,Flood_Map_for_Planning_Rivers_and_Sea_Flood_Storage_Areas.352,521351,,,
flood-storage-area,,,,government-organisation:EA199,Flood_Map_for_Planning_Rivers_and_Sea_Flood_Storage_Areas.353,521352,,,
flood-storage-area,,,,government-organisation:EA199,Flood_Map_for_Planning_Rivers_and_Sea_Flood_Storage_Areas.354,521353,,,
flood-storage-area,,,,government-organisation:EA199,Flood_Map_for_Planning_Rivers_and_Sea_Flood_Storage_Areas.355,521354,,,
flood-storage-area,,,,government-organisation:EA199,Flood_Map_for_Planning_Rivers_and_Sea_Flood_Storage_Areas.356,521355,,,
flood-storage-area,,,,government-organisation:EA199,Flood_Map_for_Planning_Rivers_and_Sea_Flood_Storage_Areas.357,521356,,,
flood-storage-area,,,,government-organisation:EA199,Flood_Map_for_Planning_Rivers_and_Sea_Flood_Storage_Areas.358,521357,,,
flood-storage-area,,,,government-organisation:EA199,Flood_Map_for_Planning_Rivers_and_Sea_Flood_Storage_Areas.359,521358,,,
flood-storage-area,,,,government-organisation:EA199,Flood_Map_for_Planning_Rivers_and_Sea_Flood_Storage_Areas.360,521359,,,
flood-storage-area,,,,government-organisation:EA199,Flood_Map_for_Planning_Rivers_and_Sea_Flood_Storage_Areas.361,521360,,,
flood-storage-area,,,,government-organisation:EA199,Flood_Map_for_Planning_Rivers_and_Sea_Flood_Storage_Areas.362,521361,,,
flood-storage-area,,,,government-organisation:EA199,Flood_Map_for_Planning_Rivers_and_Sea_Flood_Storage_Areas.363,521362,,,
flood-storage-area,,,,government-organisation:EA199,Flood_Map_for_Planning_Rivers_and_Sea_Flood_Storage_Areas.364,521363,,,
flood-storage-area,,,,government-organisation:EA199,Flood_Map_for_Planning_Rivers_and_Sea_Flood_Storage_Areas.365,521364,,,
flood-storage-area,,,,government-organisation:EA199,Flood_Map_for_Planning_Rivers_and_Sea_Flood_Storage_Areas.366,521365,,,
flood-storage-area,,,,government-organisation:EA199,Flood_Map_for_Planning_Rivers_and_Sea_Flood_Storage_Areas.367,521366,,,
flood-storage-area,,,,government-organisation:EA199,Flood_Map_for_Planning_Rivers_and_Sea_Flood_Storage_Areas.368,521367,,,
flood-storage-area,,,,government-organisation:EA199,Flood_Map_for_Planning_Rivers_and_Sea_Flood_Storage_Areas.369,521368,,,
flood-storage-area,,,,government-organisation:EA199,Flood_Map_for_Planning_Rivers_and_Sea_Flood_Storage_Areas.370,521369,,,
flood-storage-area,,,,government-organisation:EA199,Flood_Map_for_Planning_Rivers_and_Sea_Flood_Storage_Areas.371,521370,,,
flood-storage-area,,,,government-organisation:EA199,Flood_Map_for_Planning_Rivers_and_Sea_Flood_Storage_Areas.372,521371,,,
flood-storage-area,,,,government-organisation:EA199,Flood_Map_for_Planning_Rivers_and_Sea_Flood_Storage_Areas.373,521372,,,
flood-storage-area,,,,government-organisation:EA199,Flood_Map_for_Planning_Rivers_and_Sea_Flood_Storage_Areas.374,521373,,,
flood-storage-area,,,,government-organisation:EA199,Flood_Map_for_Planning_Rivers_and_Sea_Flood_Storage_Areas.375,521374,,,
flood-storage-area,,,,government-organisation:EA199,Flood_Map_for_Planning_Rivers_and_Sea_Flood_Storage_Areas.376,521375,,,
flood-storage-area,,,,government-organisation:EA199,Flood_Map_for_Planning_Rivers_and_Sea_Flood_Storage_Areas.377,521376,,,
flood-storage-area,,,,government-organisation:EA199,Flood_Map_for_Planning_Rivers_and_Sea_Flood_Storage_Areas.378,521377,,,
flood-storage-area,,,,government-organisation:EA199,Flood_Map_for_Planning_Rivers_and_Sea_Flood_Storage_Areas.379,521378,,,
flood-storage-area,,,,government-organisation:EA199,Flood_Map_for_Planning_Rivers_and_Sea_Flood_Storage_Areas.380,521379,,,
flood-storage-area,,,,government-organisation:EA199,Flood_Map_for_Planning_Rivers_and_Sea_Flood_Storage_Areas.381,521380,,,
flood-storage-area,,,,government-organisation:EA199,Flood_Map_for_Planning_Rivers_and_Sea_Flood_Storage_Areas.382,521381,,,
flood-storage-area,,,,government-organisation:EA199,Flood_Map_for_Planning_Rivers_and_Sea_Flood_Storage_Areas.383,521382,,,
flood-storage-area,,,,government-organisation:EA199,Flood_Map_for_Planning_Rivers_and_Sea_Flood_Storage_Areas.384,521383,,,
flood-storage-area,,,,government-organisation:EA199,Flood_Map_for_Planning_Rivers_and_Sea_Flood_Storage_Areas.385,521384,,,
flood-storage-area,,,,government-organisation:EA199,Flood_Map_for_Planning_Rivers_and_Sea_Flood_Storage_Areas.386,521385,,,
flood-storage-area,,,,government-organisation:EA199,Flood_Map_for_Planning_Rivers_and_Sea_Flood_Storage_Areas.387,521386,,,
flood-storage-area,,,,government-organisation:EA199,Flood_Map_for_Planning_Rivers_and_Sea_Flood_Storage_Areas.388,521387,,,
flood-storage-area,,,,government-organisation:EA199,Flood_Map_for_Planning_Rivers_and_Sea_Flood_Storage_Areas.389,521388,,,
flood-storage-area,,,,government-organisation:EA199,Flood_Map_for_Planning_Rivers_and_Sea_Flood_Storage_Areas.390,521389,,,
flood-storage-area,,,,government-organisation:EA199,Flood_Map_for_Planning_Rivers_and_Sea_Flood_Storage_Areas.391,521390,,,
flood-storage-area,,,,government-organisation:EA199,Flood_Map_for_Planning_Rivers_and_Sea_Flood_Storage_Areas.392,521391,,,
flood-storage-area,,,,government-organisation:EA199,Flood_Map_for_Planning_Rivers_and_Sea_Flood_Storage_Areas.393,521392,,,
flood-storage-area,,,,government-organisation:EA199,Flood_Map_for_Planning_Rivers_and_Sea_Flood_Storage_Areas.394,521393,,,
flood-storage-area,,,,government-organisation:EA199,Flood_Map_for_Planning_Rivers_and_Sea_Flood_Storage_Areas.395,521394,,,
flood-storage-area,,,,government-organisation:EA199,Flood_Map_for_Planning_Rivers_and_Sea_Flood_Storage_Areas.396,521395,,,
flood-storage-area,,,,government-organisation:EA199,Flood_Map_for_Planning_Rivers_and_Sea_Flood_Storage_Areas.397,521396,,,
flood-storage-area,,,,government-organisation:EA199,Flood_Map_for_Planning_Rivers_and_Sea_Flood_Storage_Areas.398,521397,,,
flood-storage-area,,,,government-organisation:EA199,Flood_Map_for_Planning_Rivers_and_Sea_Flood_Storage_Areas.399,521398,,,
flood-storage-area,,,,government-organisation:EA199,Flood_Map_for_Planning_Rivers_and_Sea_Flood_Storage_Areas.400,521399,,,
flood-storage-area,,,,government-organisation:EA199,Flood_Map_for_Planning_Rivers_and_Sea_Flood_Storage_Areas.401,521400,,,
flood-storage-area,,,,government-organisation:EA199,Flood_Map_for_Planning_Rivers_and_Sea_Flood_Storage_Areas.402,521401,,,
flood-storage-area,,,,government-organisation:EA199,Flood_Map_for_Planning_Rivers_and_Sea_Flood_Storage_Areas.403,521402,,,
flood-storage-area,,,,government-organisation:EA199,Flood_Map_for_Planning_Rivers_and_Sea_Flood_Storage_Areas.404,521403,,,
flood-storage-area,,,,government-organisation:EA199,Flood_Map_for_Planning_Rivers_and_Sea_Flood_Storage_Areas.405,521404,,,
flood-storage-area,,,,government-organisation:EA199,Flood_Map_for_Planning_Rivers_and_Sea_Flood_Storage_Areas.406,521405,,,
flood-storage-area,,,,government-organisation:EA199,Flood_Map_for_Planning_Rivers_and_Sea_Flood_Storage_Areas.407,521406,,,
flood-storage-area,,,,government-organisation:EA199,Flood_Map_for_Planning_Rivers_and_Sea_Flood_Storage_Areas.408,521407,,,
flood-storage-area,,,,government-organisation:EA199,Flood_Map_for_Planning_Rivers_and_Sea_Flood_Storage_Areas.409,521408,,,
flood-storage-area,,,,government-organisation:EA199,Flood_Map_for_Planning_Rivers_and_Sea_Flood_Storage_Areas.410,521409,,,
flood-storage-area,,,,government-organisation:EA199,Flood_Map_for_Planning_Rivers_and_Sea_Flood_Storage_Areas.411,521410,,,
flood-storage-area,,,,government-organisation:EA199,Flood_Map_for_Planning_Rivers_and_Sea_Flood_Storage_Areas.412,521411,,,
flood-storage-area,,,,government-organisation:EA199,Flood_Map_for_Planning_Rivers_and_Sea_Flood_Storage_Areas.413,521412,,,
flood-storage-area,,,,government-organisation:EA199,Flood_Map_for_Planning_Rivers_and_Sea_Flood_Storage_Areas.414,521413,,,
flood-storage-area,,,,government-organisation:EA199,Flood_Map_for_Planning_Rivers_and_Sea_Flood_Storage_Areas.415,521414,,,
flood-storage-area,,,,government-organisation:EA199,Flood_Map_for_Planning_Rivers_and_Sea_Flood_Storage_Areas.416,521415,,,
flood-storage-area,,,,government-organisation:EA199,Flood_Map_for_Planning_Rivers_and_Sea_Flood_Storage_Areas.417,521416,,,
flood-storage-area,,,,government-organisation:EA199,Flood_Map_for_Planning_Rivers_and_Sea_Flood_Storage_Areas.418,521417,,,
flood-storage-area,,,,government-organisation:EA199,Flood_Map_for_Planning_Rivers_and_Sea_Flood_Storage_Areas.419,521418,,,
flood-storage-area,,,,government-organisation:EA199,Flood_Map_for_Planning_Rivers_and_Sea_Flood_Storage_Areas.420,521419,,,
flood-storage-area,,,,government-organisation:EA199,Flood_Map_for_Planning_Rivers_and_Sea_Flood_Storage_Areas.421,521420,,,
flood-storage-area,,,,government-organisation:EA199,Flood_Map_for_Planning_Rivers_and_Sea_Flood_Storage_Areas.422,521421,,,
flood-storage-area,,,,government-organisation:EA199,Flood_Map_for_Planning_Rivers_and_Sea_Flood_Storage_Areas.423,521422,,,
flood-storage-area,,,,government-organisation:EA199,Flood_Map_for_Planning_Rivers_and_Sea_Flood_Storage_Areas.424,521423,,,
flood-storage-area,,,,government-organisation:EA199,Flood_Map_for_Planning_Rivers_and_Sea_Flood_Storage_Areas.425,521424,,,
flood-storage-area,,,,government-organisation:EA199,Flood_Map_for_Planning_Rivers_and_Sea_Flood_Storage_Areas.426,521425,,,
flood-storage-area,,,,government-organisation:EA199,Flood_Map_for_Planning_Rivers_and_Sea_Flood_Storage_Areas.427,521426,,,
flood-storage-area,,,,government-organisation:EA199,Flood_Map_for_Planning_Rivers_and_Sea_Flood_Storage_Areas.428,521427,,,
flood-storage-area,,,,government-organisation:EA199,Flood_Map_for_Planning_Rivers_and_Sea_Flood_Storage_Areas.429,521428,,,
flood-storage-area,,,,government-organisation:EA199,Flood_Map_for_Planning_Rivers_and_Sea_Flood_Storage_Areas.430,521429,,,
flood-storage-area,,,,government-organisation:EA199,Flood_Map_for_Planning_Rivers_and_Sea_Flood_Storage_Areas.431,521430,,,
flood-storage-area,,,,government-organisation:EA199,Flood_Map_for_Planning_Rivers_and_Sea_Flood_Storage_Areas.432,521431,,,
flood-storage-area,,,,government-organisation:EA199,Flood_Map_for_Planning_Rivers_and_Sea_Flood_Storage_Areas.433,521432,,,
flood-storage-area,,,,government-organisation:EA199,Flood_Map_for_Planning_Rivers_and_Sea_Flood_Storage_Areas.434,521433,,,
flood-storage-area,,,,government-organisation:EA199,Flood_Map_for_Planning_Rivers_and_Sea_Flood_Storage_Areas.435,521434,,,
flood-storage-area,,,,government-organisation:EA199,Flood_Map_for_Planning_Rivers_and_Sea_Flood_Storage_Areas.436,521435,,,
flood-storage-area,,,,government-organisation:EA199,Flood_Map_for_Planning_Rivers_and_Sea_Flood_Storage_Areas.437,521436,,,
flood-storage-area,,,,government-organisation:EA199,Flood_Map_for_Planning_Rivers_and_Sea_Flood_Storage_Areas.438,521437,,,
flood-storage-area,,,,government-organisation:EA199,Flood_Map_for_Planning_Rivers_and_Sea_Flood_Storage_Areas.439,521438,,,
flood-storage-area,,,,government-organisation:EA199,Flood_Map_for_Planning_Rivers_and_Sea_Flood_Storage_Areas.440,521439,,,
flood-storage-area,,,,government-organisation:EA199,Flood_Map_for_Planning_Rivers_and_Sea_Flood_Storage_Areas.441,521440,,,
flood-storage-area,,,,government-organisation:EA199,Flood_Map_for_Planning_Rivers_and_Sea_Flood_Storage_Areas.442,521441,,,
flood-storage-area,,,,government-organisation:EA199,Flood_Map_for_Planning_Rivers_and_Sea_Flood_Storage_Areas.443,521442,,,
flood-storage-area,,,,government-organisation:EA199,Flood_Map_for_Planning_Rivers_and_Sea_Flood_Storage_Areas.444,521443,,,
flood-storage-area,,,,government-organisation:EA199,Flood_Map_for_Planning_Rivers_and_Sea_Flood_Storage_Areas.445,521444,,,
flood-storage-area,,,,government-organisation:EA199,Flood_Map_for_Planning_Rivers_and_Sea_Flood_Storage_Areas.446,521445,,,
flood-storage-area,,,,government-organisation:EA199,Flood_Map_for_Planning_Rivers_and_Sea_Flood_Storage_Areas.447,521446,,,
flood-storage-area,,,,government-organisation:EA199,Flood_Map_for_Planning_Rivers_and_Sea_Flood_Storage_Areas.448,521447,,,
flood-storage-area,,,,government-organisation:EA199,Flood_Map_for_Planning_Rivers_and_Sea_Flood_Storage_Areas.449,521448,,,
flood-storage-area,,,,government-organisation:EA199,Flood_Map_for_Planning_Rivers_and_Sea_Flood_Storage_Areas.450,521449,,,
flood-storage-area,,,,government-organisation:EA199,Flood_Map_for_Planning_Rivers_and_Sea_Flood_Storage_Areas.451,521450,,,
flood-storage-area,,,,government-organisation:EA199,Flood_Map_for_Planning_Rivers_and_Sea_Flood_Storage_Areas.452,521451,,,
flood-storage-area,,,,government-organisation:EA199,Flood_Map_for_Planning_Rivers_and_Sea_Flood_Storage_Areas.453,521452,,,
flood-storage-area,,,,government-organisation:EA199,Flood_Map_for_Planning_Rivers_and_Sea_Flood_Storage_Areas.454,521453,,,
flood-storage-area,,,,government-organisation:EA199,Flood_Map_for_Planning_Rivers_and_Sea_Flood_Storage_Areas.455,521454,,,
flood-storage-area,,,,government-organisation:EA199,Flood_Map_for_Planning_Rivers_and_Sea_Flood_Storage_Areas.456,521455,,,
flood-storage-area,,,,government-organisation:EA199,Flood_Map_for_Planning_Rivers_and_Sea_Flood_Storage_Areas.457,521456,,,
flood-storage-area,,,,government-organisation:EA199,Flood_Map_for_Planning_Rivers_and_Sea_Flood_Storage_Areas.458,521457,,,
flood-storage-area,,,,government-organisation:EA199,Flood_Map_for_Planning_Rivers_and_Sea_Flood_Storage_Areas.459,521458,,,
flood-storage-area,,,,government-organisation:EA199,Flood_Map_for_Planning_Rivers_and_Sea_Flood_Storage_Areas.460,521459,,,
flood-storage-area,,,,government-organisation:EA199,Flood_Map_for_Planning_Rivers_and_Sea_Flood_Storage_Areas.461,521460,,,
flood-storage-area,,,,government-organisation:EA199,Flood_Map_for_Planning_Rivers_and_Sea_Flood_Storage_Areas.462,521461,,,
flood-storage-area,,,,government-organisation:EA199,Flood_Map_for_Planning_Rivers_and_Sea_Flood_Storage_Areas.463,521462,,,
flood-storage-area,,,,government-organisation:EA199,Flood_Map_for_Planning_Rivers_and_Sea_Flood_Storage_Areas.464,521463,,,
flood-storage-area,,,,government-organisation:EA199,Flood_Map_for_Planning_Rivers_and_Sea_Flood_Storage_Areas.465,521464,,,
flood-storage-area,,,,government-organisation:EA199,Flood_Map_for_Planning_Rivers_and_Sea_Flood_Storage_Areas.466,521465,,,
flood-storage-area,,,,government-organisation:EA199,Flood_Map_for_Planning_Rivers_and_Sea_Flood_Storage_Areas.467,521466,,,
flood-storage-area,,,,government-organisation:EA199,Flood_Map_for_Planning_Rivers_and_Sea_Flood_Storage_Areas.468,521467,,,
flood-storage-area,,,,government-organisation:EA199,Flood_Map_for_Planning_Rivers_and_Sea_Flood_Storage_Areas.469,521468,,,
flood-storage-area,,,,government-organisation:EA199,Flood_Map_for_Planning_Rivers_and_Sea_Flood_Storage_Areas.470,521469,,,
flood-storage-area,,,,government-organisation:EA199,Flood_Map_for_Planning_Rivers_and_Sea_Flood_Storage_Areas.471,521470,,,
flood-storage-area,,,,government-organisation:EA199,Flood_Map_for_Planning_Rivers_and_Sea_Flood_Storage_Areas.472,521471,,,
flood-storage-area,,,,government-organisation:EA199,Flood_Map_for_Planning_Rivers_and_Sea_Flood_Storage_Areas.473,521472,,,
flood-storage-area,,,,government-organisation:EA199,Flood_Map_for_Planning_Rivers_and_Sea_Flood_Storage_Areas.474,521473,,,
flood-storage-area,,,,government-organisation:EA199,Flood_Map_for_Planning_Rivers_and_Sea_Flood_Storage_Areas.475,521474,,,
flood-storage-area,,,,government-organisation:EA199,Flood_Map_for_Planning_Rivers_and_Sea_Flood_Storage_Areas.476,521475,,,
flood-storage-area,,,,government-organisation:EA199,Flood_Map_for_Planning_Rivers_and_Sea_Flood_Storage_Areas.477,521476,,,
flood-storage-area,,,,government-organisation:EA199,Flood_Map_for_Planning_Rivers_and_Sea_Flood_Storage_Areas.478,521477,,,
flood-storage-area,,,,government-organisation:EA199,Flood_Map_for_Planning_Rivers_and_Sea_Flood_Storage_Areas.479,521478,,,
flood-storage-area,,,,government-organisation:EA199,Flood_Map_for_Planning_Rivers_and_Sea_Flood_Storage_Areas.480,521479,,,
flood-storage-area,,,,government-organisation:EA199,Flood_Map_for_Planning_Rivers_and_Sea_Flood_Storage_Areas.481,521480,,,
flood-storage-area,,,,government-organisation:EA199,Flood_Map_for_Planning_Rivers_and_Sea_Flood_Storage_Areas.482,521481,,,
flood-storage-area,,,,government-organisation:EA199,Flood_Map_for_Planning_Rivers_and_Sea_Flood_Storage_Areas.483,521482,,,
flood-storage-area,,,,government-organisation:EA199,Flood_Map_for_Planning_Rivers_and_Sea_Flood_Storage_Areas.484,521483,,,
flood-storage-area,,,,government-organisation:EA199,Flood_Map_for_Planning_Rivers_and_Sea_Flood_Storage_Areas.485,521484,,,
flood-storage-area,,,,government-organisation:EA199,Flood_Map_for_Planning_Rivers_and_Sea_Flood_Storage_Areas.486,521485,,,
flood-storage-area,,,,government-organisation:EA199,Flood_Map_for_Planning_Rivers_and_Sea_Flood_Storage_Areas.487,521486,,,
flood-storage-area,,,,government-organisation:EA199,Flood_Map_for_Planning_Rivers_and_Sea_Flood_Storage_Areas.488,521487,,,
flood-storage-area,,,,government-organisation:EA199,Flood_Map_for_Planning_Rivers_and_Sea_Flood_Storage_Areas.489,521488,,,
flood-storage-area,,,,government-organisation:EA199,Flood_Map_for_Planning_Rivers_and_Sea_Flood_Storage_Areas.490,521489,,,
flood-storage-area,,,,government-organisation:EA199,Flood_Map_for_Planning_Rivers_and_Sea_Flood_Storage_Areas.491,521490,,,
flood-storage-area,,,,government-organisation:EA199,Flood_Map_for_Planning_Rivers_and_Sea_Flood_Storage_Areas.492,521491,,,
flood-storage-area,,,,government-organisation:EA199,Flood_Map_for_Planning_Rivers_and_Sea_Flood_Storage_Areas.493,521492,,,
flood-storage-area,,,,government-organisation:EA199,Flood_Map_for_Planning_Rivers_and_Sea_Flood_Storage_Areas.494,521493,,,
flood-storage-area,,,,government-organisation:EA199,Flood_Map_for_Planning_Rivers_and_Sea_Flood_Storage_Areas.495,521494,,,
flood-storage-area,,,,government-organisation:EA199,Flood_Map_for_Planning_Rivers_and_Sea_Flood_Storage_Areas.496,521495,,,
flood-storage-area,,,,government-organisation:EA199,Flood_Map_for_Planning_Rivers_and_Sea_Flood_Storage_Areas.497,521496,,,
flood-storage-area,,,,government-organisation:EA199,Flood_Map_for_Planning_Rivers_and_Sea_Flood_Storage_Areas.498,521497,,,
flood-storage-area,,,,government-organisation:EA199,Flood_Map_for_Planning_Rivers_and_Sea_Flood_Storage_Areas.499,521498,,,
flood-storage-area,,,,government-organisation:EA199,Flood_Map_for_Planning_Rivers_and_Sea_Flood_Storage_Areas.500,521499,,,
flood-storage-area,,,,government-organisation:EA199,Flood_Map_for_Planning_Rivers_and_Sea_Flood_Storage_Areas.501,521500,,,
flood-storage-area,,,,government-organisation:EA199,Flood_Map_for_Planning_Rivers_and_Sea_Flood_Storage_Areas.502,521501,,,
flood-storage-area,,,,government-organisation:EA199,Flood_Map_for_Planning_Rivers_and_Sea_Flood_Storage_Areas.503,521502,,,
flood-storage-area,,,,government-organisation:EA199,Flood_Map_for_Planning_Rivers_and_Sea_Flood_Storage_Areas.504,521503,,,
flood-storage-area,,,,government-organisation:EA199,Flood_Map_for_Planning_Rivers_and_Sea_Flood_Storage_Areas.505,521504,,,
flood-storage-area,,,,government-organisation:EA199,Flood_Map_for_Planning_Rivers_and_Sea_Flood_Storage_Areas.506,521505,,,
flood-storage-area,,,,government-organisation:EA199,Flood_Map_for_Planning_Rivers_and_Sea_Flood_Storage_Areas.507,521506,,,
flood-storage-area,,,,government-organisation:EA199,Flood_Map_for_Planning_Rivers_and_Sea_Flood_Storage_Areas.508,521507,,,
flood-storage-area,,,,government-organisation:EA199,Flood_Map_for_Planning_Rivers_and_Sea_Flood_Storage_Areas.509,521508,,,
