old-entity,status,entity,notes,end-date,entry-date,start-date
7001999999,410,,,,,
7002019002,410,,Doncaster tree added by mistake,,,
19112546,410,,Doncaster tree zone added by mistake,,,
19117635,410,,Outside of LPA boundary,,,
19117636,410,,Outside of LPA boundary,,,
19117648,410,,Outside of LPA boundary,,,
19117652,410,,Outside of LPA boundary,,,
19117653,410,,Outside of LPA boundary,,,
19117654,410,,Outside of LPA boundary,,,
19117669,410,,Outside of LPA boundary,,,
7002025701,410,,Outside of LPA boundary,,,
7002025707,410,,Outside of LPA boundary,,,
7002019247,410,,Dover - alligning entities
7002019248,410,,Dover - alligning entities
7002019249,410,,Dover - alligning entities
7002019250,410,,Dover - alligning entities
7002019251,410,,Dover - alligning entities
7002019252,410,,Dover - alligning entities
7002019253,410,,Dover - alligning entities
7002019254,410,,Dover - alligning entities
7002019255,410,,Dover - alligning entities
7002019256,410,,Dover - alligning entities
7002019257,410,,Dover - alligning entities
7002019258,410,,Dover - alligning entities
7002019259,410,,Dover - alligning entities
7002019260,410,,Dover - alligning entities
7002019261,410,,Dover - alligning entities
7002019262,410,,Dover - alligning entities
7002019263,410,,Dover - alligning entities
7002019264,410,,Dover - alligning entities
7002019265,410,,Dover - alligning entities
7002019266,410,,Dover - alligning entities
7002019267,410,,Dover - alligning entities
7002019268,410,,Dover - alligning entities
7002019269,410,,Dover - alligning entities
7002019270,410,,Dover - alligning entities
7002019271,410,,Dover - alligning entities
7002019272,410,,Dover - alligning entities
7002019273,410,,Dover - alligning entities
7002019274,410,,Dover - alligning entities
7002019275,410,,Dover - alligning entities
7002019276,410,,Dover - alligning entities
7002019277,410,,Dover - alligning entities
7002019278,410,,Dover - alligning entities
7002019279,410,,Dover - alligning entities
7002019280,410,,Dover - alligning entities
7002019281,410,,Dover - alligning entities
7002019282,410,,Dover - alligning entities
7002019283,410,,Dover - alligning entities
7002019284,410,,Dover - alligning entities
7002019285,410,,Dover - alligning entities
7002019286,410,,Dover - alligning entities
7002019287,410,,Dover - alligning entities
7002019288,410,,Dover - alligning entities
7002019289,410,,Dover - alligning entities
7002019290,410,,Dover - alligning entities
7002019291,410,,Dover - alligning entities
7002019292,410,,Dover - alligning entities
7002019293,410,,Dover - alligning entities
7002019294,410,,Dover - alligning entities
7002019295,410,,Dover - alligning entities
7002019296,410,,Dover - alligning entities
7002019297,410,,Dover - alligning entities
7002019298,410,,Dover - alligning entities
7002019299,410,,Dover - alligning entities
7002019300,410,,Dover - alligning entities
7002019301,410,,Dover - alligning entities
7002019302,410,,Dover - alligning entities
7002019303,410,,Dover - alligning entities
7002019304,410,,Dover - alligning entities
7002019305,410,,Dover - alligning entities
7002019306,410,,Dover - alligning entities
7002019307,410,,Dover - alligning entities
7002019308,410,,Dover - alligning entities
7002019309,410,,Dover - alligning entities
7002019310,410,,Dover - alligning entities
7002019311,410,,Dover - alligning entities
7002019312,410,,Dover - alligning entities
7002019313,410,,Dover - alligning entities
7002019314,410,,Dover - alligning entities
7002019315,410,,Dover - alligning entities
7002019316,410,,Dover - alligning entities
7002019317,410,,Dover - alligning entities
7002019318,410,,Dover - alligning entities
7002019319,410,,Dover - alligning entities
7002019320,410,,Dover - alligning entities
7002019321,410,,Dover - alligning entities
7002019322,410,,Dover - alligning entities
7002019323,410,,Dover - alligning entities
7002019324,410,,Dover - alligning entities
7002019325,410,,Dover - alligning entities
7002019326,410,,Dover - alligning entities
7002019327,410,,Dover - alligning entities
7002019328,410,,Dover - alligning entities
7002019329,410,,Dover - alligning entities
7002019330,410,,Dover - alligning entities
7002019331,410,,Dover - alligning entities
7002019332,410,,Dover - alligning entities
7002019333,410,,Dover - alligning entities
7002019334,410,,Dover - alligning entities
7002019335,410,,Dover - alligning entities
7002019336,410,,Dover - alligning entities
7002019337,410,,Dover - alligning entities
7002019338,410,,Dover - alligning entities
7002019339,410,,Dover - alligning entities
7002019340,410,,Dover - alligning entities
7002019341,410,,Dover - alligning entities
7002019342,410,,Dover - alligning entities
7002019343,410,,Dover - alligning entities
7002019344,410,,Dover - alligning entities
7002019345,410,,Dover - alligning entities
7002019346,410,,Dover - alligning entities
7002019347,410,,Dover - alligning entities
7002019348,410,,Dover - alligning entities
7002019349,410,,Dover - alligning entities
7002019350,410,,Dover - alligning entities
7002019351,410,,Dover - alligning entities
7002019352,410,,Dover - alligning entities
7002019353,410,,Dover - alligning entities
7002019354,410,,Dover - alligning entities
7002019355,410,,Dover - alligning entities
7002019356,410,,Dover - alligning entities
7002019357,410,,Dover - alligning entities
7002019358,410,,Dover - alligning entities
7002019359,410,,Dover - alligning entities
7002019360,410,,Dover - alligning entities
7002019361,410,,Dover - alligning entities
7002019362,410,,Dover - alligning entities
7002019363,410,,Dover - alligning entities
7002019364,410,,Dover - alligning entities
7002019365,410,,Dover - alligning entities
7002019366,410,,Dover - alligning entities
7002019367,410,,Dover - alligning entities
7002019368,410,,Dover - alligning entities
7002019369,410,,Dover - alligning entities
7002019370,410,,Dover - alligning entities
7002019371,410,,Dover - alligning entities
7002019372,410,,Dover - alligning entities
7002019373,410,,Dover - alligning entities
7002019374,410,,Dover - alligning entities
7002019375,410,,Dover - alligning entities
7002019376,410,,Dover - alligning entities
7002019377,410,,Dover - alligning entities
7002019378,410,,Dover - alligning entities
7002019379,410,,Dover - alligning entities
7002019380,410,,Dover - alligning entities
7002019381,410,,Dover - alligning entities
7002019382,410,,Dover - alligning entities
7002019383,410,,Dover - alligning entities
7002019384,410,,Dover - alligning entities
7002019385,410,,Dover - alligning entities
7002019386,410,,Dover - alligning entities
7002019387,410,,Dover - alligning entities
7002019388,410,,Dover - alligning entities
7002019389,410,,Dover - alligning entities
7002019390,410,,Dover - alligning entities
7002019391,410,,Dover - alligning entities
7002019392,410,,Dover - alligning entities
7002019393,410,,Dover - alligning entities
7002019394,410,,Dover - alligning entities
7002019395,410,,Dover - alligning entities
7002019396,410,,Dover - alligning entities
7002019397,410,,Dover - alligning entities
7002019398,410,,Dover - alligning entities
7002019399,410,,Dover - alligning entities
7002019400,410,,Dover - alligning entities
7002019401,410,,Dover - alligning entities
7002019402,410,,Dover - alligning entities
7002019403,410,,Dover - alligning entities
7002019404,410,,Dover - alligning entities
7002019405,410,,Dover - alligning entities
7002019406,410,,Dover - alligning entities
7002019407,410,,Dover - alligning entities
7002019408,410,,Dover - alligning entities
7002019409,410,,Dover - alligning entities
7002019410,410,,Dover - alligning entities
7002019411,410,,Dover - alligning entities
7002019412,410,,Dover - alligning entities
7002019413,410,,Dover - alligning entities
7002019414,410,,Dover - alligning entities
7002019415,410,,Dover - alligning entities
7002019416,410,,Dover - alligning entities
7002019417,410,,Dover - alligning entities
7002019418,410,,Dover - alligning entities
7002019419,410,,Dover - alligning entities
7002019420,410,,Dover - alligning entities
7002019421,410,,Dover - alligning entities
7002019422,410,,Dover - alligning entities
7002019423,410,,Dover - alligning entities
7002019424,410,,Dover - alligning entities
7002019425,410,,Dover - alligning entities
7002019426,410,,Dover - alligning entities
7002019427,410,,Dover - alligning entities
7002019428,410,,Dover - alligning entities
7002019429,410,,Dover - alligning entities
7002019430,410,,Dover - alligning entities
7002019431,410,,Dover - alligning entities
7002019432,410,,Dover - alligning entities
7002019433,410,,Dover - alligning entities
7002019434,410,,Dover - alligning entities
7002019435,410,,Dover - alligning entities
7002019436,410,,Dover - alligning entities
7002019437,410,,Dover - alligning entities
7002019438,410,,Dover - alligning entities
7002019439,410,,Dover - alligning entities
7002019440,410,,Dover - alligning entities
7002019441,410,,Dover - alligning entities
7002019442,410,,Dover - alligning entities
7002019443,410,,Dover - alligning entities
7002019444,410,,Dover - alligning entities
7002019445,410,,Dover - alligning entities
7002019446,410,,Dover - alligning entities
7002019447,410,,Dover - alligning entities
7002019448,410,,Dover - alligning entities
7002019449,410,,Dover - alligning entities
7002019450,410,,Dover - alligning entities
7002019451,410,,Dover - alligning entities
7002019452,410,,Dover - alligning entities
7002019453,410,,Dover - alligning entities
7002019454,410,,Dover - alligning entities
7002019455,410,,Dover - alligning entities
7002019456,410,,Dover - alligning entities
7002019457,410,,Dover - alligning entities
7002019458,410,,Dover - alligning entities
7002019459,410,,Dover - alligning entities
7002019460,410,,Dover - alligning entities
7002019461,410,,Dover - alligning entities
7002019462,410,,Dover - alligning entities
7002019463,410,,Dover - alligning entities
7002019464,410,,Dover - alligning entities
7002019465,410,,Dover - alligning entities
7002019466,410,,Dover - alligning entities
7002019467,410,,Dover - alligning entities
7002019468,410,,Dover - alligning entities
7002019469,410,,Dover - alligning entities
7002019470,410,,Dover - alligning entities
7002019471,410,,Dover - alligning entities
7002019472,410,,Dover - alligning entities
7002019473,410,,Dover - alligning entities
7002019474,410,,Dover - alligning entities
7002019475,410,,Dover - alligning entities
7002019476,410,,Dover - alligning entities
7002019477,410,,Dover - alligning entities
7002019478,410,,Dover - alligning entities
7002019479,410,,Dover - alligning entities
7002019480,410,,Dover - alligning entities
7002019481,410,,Dover - alligning entities
7002019482,410,,Dover - alligning entities
7002019483,410,,Dover - alligning entities
7002019484,410,,Dover - alligning entities
7002019485,410,,Dover - alligning entities
7002019486,410,,Dover - alligning entities
7002019487,410,,Dover - alligning entities
7002019488,410,,Dover - alligning entities
7002019489,410,,Dover - alligning entities
7002019490,410,,Dover - alligning entities
7002019491,410,,Dover - alligning entities
7002019492,410,,Dover - alligning entities
7002019493,410,,Dover - alligning entities
7002019494,410,,Dover - alligning entities
7002019495,410,,Dover - alligning entities
7002019496,410,,Dover - alligning entities
7002019497,410,,Dover - alligning entities
7002019498,410,,Dover - alligning entities
7002019499,410,,Dover - alligning entities
7002019500,410,,Dover - alligning entities
7002019501,410,,Dover - alligning entities
7002019502,410,,Dover - alligning entities
7002019503,410,,Dover - alligning entities
7002019504,410,,Dover - alligning entities
7002019505,410,,Dover - alligning entities
7002019506,410,,Dover - alligning entities
7002019507,410,,Dover - alligning entities
7002019508,410,,Dover - alligning entities
7002019509,410,,Dover - alligning entities
7002019510,410,,Dover - alligning entities
7002019511,410,,Dover - alligning entities
7002019512,410,,Dover - alligning entities
7002019513,410,,Dover - alligning entities
7002019514,410,,Dover - alligning entities
7002019515,410,,Dover - alligning entities
7002019516,410,,Dover - alligning entities
7002019517,410,,Dover - alligning entities
7002019518,410,,Dover - alligning entities
7002019519,410,,Dover - alligning entities
7002019520,410,,Dover - alligning entities
7002019521,410,,Dover - alligning entities
7002019522,410,,Dover - alligning entities
7002019523,410,,Dover - alligning entities
7002019524,410,,Dover - alligning entities
7002019525,410,,Dover - alligning entities
7002019526,410,,Dover - alligning entities
7002019527,410,,Dover - alligning entities
7002019528,410,,Dover - alligning entities
7002019529,410,,Dover - alligning entities
7002019530,410,,Dover - alligning entities
7002019531,410,,Dover - alligning entities
7002019532,410,,Dover - alligning entities
7002019533,410,,Dover - alligning entities
7002019534,410,,Dover - alligning entities
7002019535,410,,Dover - alligning entities
7002019536,410,,Dover - alligning entities
7002019537,410,,Dover - alligning entities
7002019538,410,,Dover - alligning entities
7002019539,410,,Dover - alligning entities
7002019540,410,,Dover - alligning entities
7002019541,410,,Dover - alligning entities
7002019542,410,,Dover - alligning entities
7002019543,410,,Dover - alligning entities
7002019544,410,,Dover - alligning entities
7002019545,410,,Dover - alligning entities
7002019546,410,,Dover - alligning entities
7002019547,410,,Dover - alligning entities
7002019548,410,,Dover - alligning entities
7002019549,410,,Dover - alligning entities
7002019550,410,,Dover - alligning entities
7002019551,410,,Dover - alligning entities
7002019552,410,,Dover - alligning entities
7002019553,410,,Dover - alligning entities
7002019554,410,,Dover - alligning entities
7002019555,410,,Dover - alligning entities
7002019556,410,,Dover - alligning entities
7002019557,410,,Dover - alligning entities
7002019558,410,,Dover - alligning entities
7002019559,410,,Dover - alligning entities
7002019560,410,,Dover - alligning entities
7002019561,410,,Dover - alligning entities
7002019562,410,,Dover - alligning entities
7002019563,410,,Dover - alligning entities
7002019564,410,,Dover - alligning entities
7002019565,410,,Dover - alligning entities
7002019566,410,,Dover - alligning entities
7002019567,410,,Dover - alligning entities
7002019568,410,,Dover - alligning entities
7002019569,410,,Dover - alligning entities
7002019570,410,,Dover - alligning entities
7002019571,410,,Dover - alligning entities
7002019572,410,,Dover - alligning entities
7002019573,410,,Dover - alligning entities
7002019574,410,,Dover - alligning entities
7002019575,410,,Dover - alligning entities
7002019576,410,,Dover - alligning entities
7002019577,410,,Dover - alligning entities
7002019578,410,,Dover - alligning entities
7002019579,410,,Dover - alligning entities
7002019580,410,,Dover - alligning entities
7002019581,410,,Dover - alligning entities
7002019582,410,,Dover - alligning entities
7002019583,410,,Dover - alligning entities
7002019584,410,,Dover - alligning entities
7002019585,410,,Dover - alligning entities
7002019586,410,,Dover - alligning entities
7002019587,410,,Dover - alligning entities
7002019588,410,,Dover - alligning entities
7002019589,410,,Dover - alligning entities
7002019590,410,,Dover - alligning entities
7002019591,410,,Dover - alligning entities
7002019592,410,,Dover - alligning entities
7002019593,410,,Dover - alligning entities
7002019594,410,,Dover - alligning entities
7002019595,410,,Dover - alligning entities
7002019596,410,,Dover - alligning entities
7002019597,410,,Dover - alligning entities
7002019598,410,,Dover - alligning entities
7002019599,410,,Dover - alligning entities
7002019600,410,,Dover - alligning entities
7002019601,410,,Dover - alligning entities
7002019602,410,,Dover - alligning entities
7002019603,410,,Dover - alligning entities
7002019604,410,,Dover - alligning entities
7002019605,410,,Dover - alligning entities
7002019606,410,,Dover - alligning entities
7002019607,410,,Dover - alligning entities
7002019608,410,,Dover - alligning entities
7002019609,410,,Dover - alligning entities
7002019610,410,,Dover - alligning entities
7002019611,410,,Dover - alligning entities
7002019612,410,,Dover - alligning entities
7002019613,410,,Dover - alligning entities
7002019614,410,,Dover - alligning entities
7002019615,410,,Dover - alligning entities
7002019616,410,,Dover - alligning entities
7002019617,410,,Dover - alligning entities
7002019618,410,,Dover - alligning entities
7002019619,410,,Dover - alligning entities
7002019620,410,,Dover - alligning entities
7002019621,410,,Dover - alligning entities
7002019622,410,,Dover - alligning entities
7002019623,410,,Dover - alligning entities
7002019624,410,,Dover - alligning entities
7002019625,410,,Dover - alligning entities
7002019626,410,,Dover - alligning entities
7002019627,410,,Dover - alligning entities
7002019628,410,,Dover - alligning entities
7002019629,410,,Dover - alligning entities
7002019630,410,,Dover - alligning entities
7002019631,410,,Dover - alligning entities
7002019632,410,,Dover - alligning entities
7002019633,410,,Dover - alligning entities
7002019634,410,,Dover - alligning entities
7002019635,410,,Dover - alligning entities
7002019636,410,,Dover - alligning entities
7002019637,410,,Dover - alligning entities
7002019638,410,,Dover - alligning entities
7002019639,410,,Dover - alligning entities
7002019640,410,,Dover - alligning entities
7002019641,410,,Dover - alligning entities
7002019642,410,,Dover - alligning entities
7002019643,410,,Dover - alligning entities
7002019644,410,,Dover - alligning entities
7002019645,410,,Dover - alligning entities
7002019646,410,,Dover - alligning entities
7002019647,410,,Dover - alligning entities
7002019648,410,,Dover - alligning entities
7002019649,410,,Dover - alligning entities
7002019650,410,,Dover - alligning entities
7002019651,410,,Dover - alligning entities
7002019652,410,,Dover - alligning entities
7002019653,410,,Dover - alligning entities
7002019654,410,,Dover - alligning entities
7002019655,410,,Dover - alligning entities
7002019656,410,,Dover - alligning entities
7002019657,410,,Dover - alligning entities
7002019658,410,,Dover - alligning entities
7002019659,410,,Dover - alligning entities
7002019660,410,,Dover - alligning entities
7002019661,410,,Dover - alligning entities
7002019662,410,,Dover - alligning entities
7002019663,410,,Dover - alligning entities
7002019664,410,,Dover - alligning entities
7002019665,410,,Dover - alligning entities
7002019666,410,,Dover - alligning entities
7002019667,410,,Dover - alligning entities
7002019668,410,,Dover - alligning entities
7002019669,410,,Dover - alligning entities
7002019670,410,,Dover - alligning entities
7002019671,410,,Dover - alligning entities
7002019672,410,,Dover - alligning entities
7002019673,410,,Dover - alligning entities
7002019674,410,,Dover - alligning entities
7002019675,410,,Dover - alligning entities
7002019676,410,,Dover - alligning entities
7002019677,410,,Dover - alligning entities
7002019678,410,,Dover - alligning entities
7002019679,410,,Dover - alligning entities
7002019680,410,,Dover - alligning entities
7002019681,410,,Dover - alligning entities
7002019682,410,,Dover - alligning entities
7002019683,410,,Dover - alligning entities
7002019684,410,,Dover - alligning entities
7002019685,410,,Dover - alligning entities
7002019686,410,,Dover - alligning entities
7002019687,410,,Dover - alligning entities
7002019688,410,,Dover - alligning entities
7002019689,410,,Dover - alligning entities
7002019690,410,,Dover - alligning entities
7002019691,410,,Dover - alligning entities
7002019692,410,,Dover - alligning entities
7002019693,410,,Dover - alligning entities
7002019694,410,,Dover - alligning entities
7002019695,410,,Dover - alligning entities
7002019696,410,,Dover - alligning entities
7002019697,410,,Dover - alligning entities
7002019698,410,,Dover - alligning entities
7002019699,410,,Dover - alligning entities
7002019700,410,,Dover - alligning entities
7002019701,410,,Dover - alligning entities
7002019702,410,,Dover - alligning entities
7002019703,410,,Dover - alligning entities
7002019704,410,,Dover - alligning entities
7002019705,410,,Dover - alligning entities
7002019706,410,,Dover - alligning entities
7002019707,410,,Dover - alligning entities
7002019708,410,,Dover - alligning entities
7002019709,410,,Dover - alligning entities
7002019710,410,,Dover - alligning entities
7002019711,410,,Dover - alligning entities
7002019712,410,,Dover - alligning entities
7002019713,410,,Dover - alligning entities
7002019714,410,,Dover - alligning entities
7002019715,410,,Dover - alligning entities
7002019716,410,,Dover - alligning entities
7002019717,410,,Dover - alligning entities
7002019718,410,,Dover - alligning entities
7002019719,410,,Dover - alligning entities
7002019720,410,,Dover - alligning entities
7002019721,410,,Dover - alligning entities
7002019722,410,,Dover - alligning entities
7002019723,410,,Dover - alligning entities
7002019724,410,,Dover - alligning entities
7002019725,410,,Dover - alligning entities
7002019726,410,,Dover - alligning entities
7002019727,410,,Dover - alligning entities
7002019728,410,,Dover - alligning entities
7002019729,410,,Dover - alligning entities
7002019730,410,,Dover - alligning entities
7002019731,410,,Dover - alligning entities
7002019732,410,,Dover - alligning entities
7002019733,410,,Dover - alligning entities
7002019734,410,,Dover - alligning entities
7002019735,410,,Dover - alligning entities
7002019736,410,,Dover - alligning entities
7002019737,410,,Dover - alligning entities
7002019738,410,,Dover - alligning entities
7002019739,410,,Dover - alligning entities
7002019740,410,,Dover - alligning entities
7002019741,410,,Dover - alligning entities
7002019742,410,,Dover - alligning entities
7002019743,410,,Dover - alligning entities
7002019744,410,,Dover - alligning entities
7002019745,410,,Dover - alligning entities
7002019746,410,,Dover - alligning entities
7002019747,410,,Dover - alligning entities
7002019748,410,,Dover - alligning entities
7002019749,410,,Dover - alligning entities
7002019750,410,,Dover - alligning entities
7002019751,410,,Dover - alligning entities
7002019752,410,,Dover - alligning entities
7002019753,410,,Dover - alligning entities
7002019754,410,,Dover - alligning entities
7002019755,410,,Dover - alligning entities
7002019756,410,,Dover - alligning entities
7002019757,410,,Dover - alligning entities
7002019758,410,,Dover - alligning entities
7002019759,410,,Dover - alligning entities
7002019760,410,,Dover - alligning entities
7002019761,410,,Dover - alligning entities
7002019762,410,,Dover - alligning entities
7002019763,410,,Dover - alligning entities
7002019764,410,,Dover - alligning entities
7002019765,410,,Dover - alligning entities
7002019766,410,,Dover - alligning entities
7002019767,410,,Dover - alligning entities
7002019768,410,,Dover - alligning entities
7002019769,410,,Dover - alligning entities
7002019770,410,,Dover - alligning entities
7002019771,410,,Dover - alligning entities
7002019772,410,,Dover - alligning entities
7002019773,410,,Dover - alligning entities
7002019774,410,,Dover - alligning entities
7002019775,410,,Dover - alligning entities
7002019776,410,,Dover - alligning entities
7002019777,410,,Dover - alligning entities
7002019778,410,,Dover - alligning entities
7002019779,410,,Dover - alligning entities
7002019780,410,,Dover - alligning entities
7002019781,410,,Dover - alligning entities
7002019782,410,,Dover - alligning entities
7002019783,410,,Dover - alligning entities
7002019784,410,,Dover - alligning entities
7002019785,410,,Dover - alligning entities
7002019786,410,,Dover - alligning entities
7002019787,410,,Dover - alligning entities
7002019788,410,,Dover - alligning entities
7002019789,410,,Dover - alligning entities
7002019790,410,,Dover - alligning entities
7002019791,410,,Dover - alligning entities
7002019792,410,,Dover - alligning entities
7002019793,410,,Dover - alligning entities
7002019794,410,,Dover - alligning entities
7002019795,410,,Dover - alligning entities
7002019796,410,,Dover - alligning entities
7002019797,410,,Dover - alligning entities
7002019798,410,,Dover - alligning entities
7002019799,410,,Dover - alligning entities
7002019800,410,,Dover - alligning entities
7002019801,410,,Dover - alligning entities
7002019802,410,,Dover - alligning entities
7002019803,410,,Dover - alligning entities
7002019804,410,,Dover - alligning entities
7002019805,410,,Dover - alligning entities
7002019806,410,,Dover - alligning entities
7002019807,410,,Dover - alligning entities
7002019808,410,,Dover - alligning entities
7002019809,410,,Dover - alligning entities
7002019810,410,,Dover - alligning entities
7002019811,410,,Dover - alligning entities
7002019812,410,,Dover - alligning entities
7002019813,410,,Dover - alligning entities
7002019814,410,,Dover - alligning entities
7002019815,410,,Dover - alligning entities
7002019816,410,,Dover - alligning entities
7002019817,410,,Dover - alligning entities
7002019818,410,,Dover - alligning entities
7002019819,410,,Dover - alligning entities
7002019820,410,,Dover - alligning entities
7002019821,410,,Dover - alligning entities
7002019822,410,,Dover - alligning entities
7002019823,410,,Dover - alligning entities
7002019824,410,,Dover - alligning entities
7002019825,410,,Dover - alligning entities
7002019826,410,,Dover - alligning entities
7002019827,410,,Dover - alligning entities
7002019828,410,,Dover - alligning entities
7002019829,410,,Dover - alligning entities
7002019830,410,,Dover - alligning entities
7002019831,410,,Dover - alligning entities
7002019832,410,,Dover - alligning entities
7002019833,410,,Dover - alligning entities
7002019834,410,,Dover - alligning entities
7002019835,410,,Dover - alligning entities
7002019836,410,,Dover - alligning entities
7002019837,410,,Dover - alligning entities
7002019838,410,,Dover - alligning entities
7002019839,410,,Dover - alligning entities
7002019840,410,,Dover - alligning entities
7002019841,410,,Dover - alligning entities
7002019842,410,,Dover - alligning entities
7002019843,410,,Dover - alligning entities
7002019844,410,,Dover - alligning entities
7002019845,410,,Dover - alligning entities
7002019846,410,,Dover - alligning entities
7002019847,410,,Dover - alligning entities
7002019848,410,,Dover - alligning entities
7002019849,410,,Dover - alligning entities
7002019850,410,,Dover - alligning entities
7002019851,410,,Dover - alligning entities
7002019852,410,,Dover - alligning entities
7002019853,410,,Dover - alligning entities
7002019854,410,,Dover - alligning entities
7002019855,410,,Dover - alligning entities
7002019856,410,,Dover - alligning entities
7002019857,410,,Dover - alligning entities
7002019858,410,,Dover - alligning entities
7002019859,410,,Dover - alligning entities
7002019860,410,,Dover - alligning entities
7002019861,410,,Dover - alligning entities
7002019862,410,,Dover - alligning entities
7002019863,410,,Dover - alligning entities
7002019864,410,,Dover - alligning entities
7002019865,410,,Dover - alligning entities
7002019866,410,,Dover - alligning entities
7002019867,410,,Dover - alligning entities
7002019868,410,,Dover - alligning entities
7002019869,410,,Dover - alligning entities
7002019870,410,,Dover - alligning entities
7002019871,410,,Dover - alligning entities
7002019872,410,,Dover - alligning entities
7002019873,410,,Dover - alligning entities
7002019874,410,,Dover - alligning entities
7002019875,410,,Dover - alligning entities
7002019876,410,,Dover - alligning entities
7002019877,410,,Dover - alligning entities
7002019878,410,,Dover - alligning entities
7002019879,410,,Dover - alligning entities
7002019880,410,,Dover - alligning entities
7002019881,410,,Dover - alligning entities
7002019882,410,,Dover - alligning entities
7002019883,410,,Dover - alligning entities
7002019884,410,,Dover - alligning entities
7002019885,410,,Dover - alligning entities
7002019886,410,,Dover - alligning entities
7002019887,410,,Dover - alligning entities
7002019888,410,,Dover - alligning entities
7002019889,410,,Dover - alligning entities
7002019890,410,,Dover - alligning entities
7002019891,410,,Dover - alligning entities
7002019892,410,,Dover - alligning entities
7002019893,410,,Dover - alligning entities
7002019894,410,,Dover - alligning entities
7002019895,410,,Dover - alligning entities
7002019896,410,,Dover - alligning entities
7002019897,410,,Dover - alligning entities
7002019898,410,,Dover - alligning entities
7002019899,410,,Dover - alligning entities
7002019900,410,,Dover - alligning entities
7002019901,410,,Dover - alligning entities
7002019902,410,,Dover - alligning entities
7002019903,410,,Dover - alligning entities
7002019904,410,,Dover - alligning entities
7002019905,410,,Dover - alligning entities
7002019906,410,,Dover - alligning entities
7002019907,410,,Dover - alligning entities
7002019908,410,,Dover - alligning entities
7002019909,410,,Dover - alligning entities
7002019910,410,,Dover - alligning entities
7002019911,410,,Dover - alligning entities
7002019912,410,,Dover - alligning entities
7002019913,410,,Dover - alligning entities
7002019914,410,,Dover - alligning entities
7002019915,410,,Dover - alligning entities
7002019916,410,,Dover - alligning entities
7002019917,410,,Dover - alligning entities
7002019918,410,,Dover - alligning entities
7002019919,410,,Dover - alligning entities
7002019920,410,,Dover - alligning entities
7002019921,410,,Dover - alligning entities
7002019922,410,,Dover - alligning entities
7002019923,410,,Dover - alligning entities
7002019924,410,,Dover - alligning entities
7002019925,410,,Dover - alligning entities
7002019926,410,,Dover - alligning entities
7002019927,410,,Dover - alligning entities
7002021183,410,,Barnet - alligning entities
7002029382,410,,St. Albans - Alligning entities
7002029383,410,,St. Albans - Alligning entities
7002029384,410,,St. Albans - Alligning entities
7002029385,410,,St. Albans - Alligning entities
7002029386,410,,St. Albans - Alligning entities
7002029387,410,,St. Albans - Alligning entities
7002029388,410,,St. Albans - Alligning entities
7002029389,410,,St. Albans - Alligning entities
7002029390,410,,St. Albans - Alligning entities
7002029391,410,,St. Albans - Alligning entities
7002029392,410,,St. Albans - Alligning entities
7002029393,410,,St. Albans - Alligning entities
7002029394,410,,St. Albans - Alligning entities
7002029395,410,,St. Albans - Alligning entities
7002029396,410,,St. Albans - Alligning entities
7002029397,410,,St. Albans - Alligning entities
7002029398,410,,St. Albans - Alligning entities
7002029399,410,,St. Albans - Alligning entities
7002029400,410,,St. Albans - Alligning entities
7002029401,410,,St. Albans - Alligning entities
7002029402,410,,St. Albans - Alligning entities
7002029403,410,,St. Albans - Alligning entities
7002029404,410,,St. Albans - Alligning entities
7002029405,410,,St. Albans - Alligning entities
7002029406,410,,St. Albans - Alligning entities
7002029407,410,,St. Albans - Alligning entities
7002029408,410,,St. Albans - Alligning entities
7002029409,410,,St. Albans - Alligning entities
7002029410,410,,St. Albans - Alligning entities
7002029411,410,,St. Albans - Alligning entities
7002029412,410,,St. Albans - Alligning entities
7002029413,410,,St. Albans - Alligning entities
7002029414,410,,St. Albans - Alligning entities
7002029415,410,,St. Albans - Alligning entities
7002029416,410,,St. Albans - Alligning entities
7002029417,410,,St. Albans - Alligning entities
7002029418,410,,St. Albans - Alligning entities
7002029419,410,,St. Albans - Alligning entities
7002029420,410,,St. Albans - Alligning entities
7002029421,410,,St. Albans - Alligning entities
7002029422,410,,St. Albans - Alligning entities
7002029423,410,,St. Albans - Alligning entities
7002029424,410,,St. Albans - Alligning entities
7002029425,410,,St. Albans - Alligning entities
7002029426,410,,St. Albans - Alligning entities
7002029427,410,,St. Albans - Alligning entities
7002029428,410,,St. Albans - Alligning entities
7002029429,410,,St. Albans - Alligning entities
7002029430,410,,St. Albans - Alligning entities
7002029431,410,,St. Albans - Alligning entities
7002029432,410,,St. Albans - Alligning entities
7002029433,410,,St. Albans - Alligning entities
7002029434,410,,St. Albans - Alligning entities
7002029435,410,,St. Albans - Alligning entities
7002029436,410,,St. Albans - Alligning entities
7002029437,410,,St. Albans - Alligning entities
7002029438,410,,St. Albans - Alligning entities
7002029439,410,,St. Albans - Alligning entities
7002029440,410,,St. Albans - Alligning entities
7002029441,410,,St. Albans - Alligning entities
7002029442,410,,St. Albans - Alligning entities
7002029443,410,,St. Albans - Alligning entities
7002029444,410,,St. Albans - Alligning entities
7002029445,410,,St. Albans - Alligning entities
7002029446,410,,St. Albans - Alligning entities
7002029447,410,,St. Albans - Alligning entities
7002029448,410,,St. Albans - Alligning entities
7002029449,410,,St. Albans - Alligning entities
7002029450,410,,St. Albans - Alligning entities
7002029451,410,,St. Albans - Alligning entities
7002029452,410,,St. Albans - Alligning entities
7002029453,410,,St. Albans - Alligning entities
7002029454,410,,St. Albans - Alligning entities
7002029455,410,,St. Albans - Alligning entities
7002029456,410,,St. Albans - Alligning entities
7002029457,410,,St. Albans - Alligning entities
7002029458,410,,St. Albans - Alligning entities
7002029459,410,,St. Albans - Alligning entities
7002029460,410,,St. Albans - Alligning entities
7002029461,410,,St. Albans - Alligning entities
7002029462,410,,St. Albans - Alligning entities
7002029463,410,,St. Albans - Alligning entities
7002029464,410,,St. Albans - Alligning entities
7002029465,410,,St. Albans - Alligning entities
7002029466,410,,St. Albans - Alligning entities
7002029467,410,,St. Albans - Alligning entities
7002029468,410,,St. Albans - Alligning entities
7002029469,410,,St. Albans - Alligning entities
7002029470,410,,St. Albans - Alligning entities
7002029471,410,,St. Albans - Alligning entities
7002029472,410,,St. Albans - Alligning entities
7002029473,410,,St. Albans - Alligning entities
7002029474,410,,St. Albans - Alligning entities
7002029475,410,,St. Albans - Alligning entities
7002029476,410,,St. Albans - Alligning entities
7002029477,410,,St. Albans - Alligning entities
7002029478,410,,St. Albans - Alligning entities
7002029479,410,,St. Albans - Alligning entities
7002029480,410,,St. Albans - Alligning entities
7002029481,410,,St. Albans - Alligning entities
7002029482,410,,St. Albans - Alligning entities
7002029483,410,,St. Albans - Alligning entities
7002029484,410,,St. Albans - Alligning entities
7002029485,410,,St. Albans - Alligning entities
7002029486,410,,St. Albans - Alligning entities
7002029487,410,,St. Albans - Alligning entities
7002029488,410,,St. Albans - Alligning entities
7002029489,410,,St. Albans - Alligning entities
7002029490,410,,St. Albans - Alligning entities
7002029491,410,,St. Albans - Alligning entities
7002029492,410,,St. Albans - Alligning entities
7002029493,410,,St. Albans - Alligning entities
7002029494,410,,St. Albans - Alligning entities
7002029495,410,,St. Albans - Alligning entities
7002029496,410,,St. Albans - Alligning entities
7002029497,410,,St. Albans - Alligning entities
7002029498,410,,St. Albans - Alligning entities
7002029499,410,,St. Albans - Alligning entities
7002029500,410,,St. Albans - Alligning entities
7002029501,410,,St. Albans - Alligning entities
7002029502,410,,St. Albans - Alligning entities
7002029503,410,,St. Albans - Alligning entities
7002029504,410,,St. Albans - Alligning entities
7002029505,410,,St. Albans - Alligning entities
7002029506,410,,St. Albans - Alligning entities
7002029507,410,,St. Albans - Alligning entities
7002029508,410,,St. Albans - Alligning entities
7002029509,410,,St. Albans - Alligning entities
7002029510,410,,St. Albans - Alligning entities
7002029511,410,,St. Albans - Alligning entities
7002029512,410,,St. Albans - Alligning entities
7002029513,410,,St. Albans - Alligning entities
7002029514,410,,St. Albans - Alligning entities
7002029515,410,,St. Albans - Alligning entities
7002029516,410,,St. Albans - Alligning entities
7002029517,410,,St. Albans - Alligning entities
7002029518,410,,St. Albans - Alligning entities
7002029519,410,,St. Albans - Alligning entities
7002029520,410,,St. Albans - Alligning entities
7002029521,410,,St. Albans - Alligning entities
7002029522,410,,St. Albans - Alligning entities
7002029523,410,,St. Albans - Alligning entities
7002029524,410,,St. Albans - Alligning entities
7002029525,410,,St. Albans - Alligning entities
7002029526,410,,St. Albans - Alligning entities
7002029527,410,,St. Albans - Alligning entities
7002029528,410,,St. Albans - Alligning entities
7002029529,410,,St. Albans - Alligning entities
7002029530,410,,St. Albans - Alligning entities
7002029531,410,,St. Albans - Alligning entities
7002029532,410,,St. Albans - Alligning entities
7002029533,410,,St. Albans - Alligning entities
7002029534,410,,St. Albans - Alligning entities
7002029535,410,,St. Albans - Alligning entities
7002029536,410,,St. Albans - Alligning entities
7002029537,410,,St. Albans - Alligning entities
7002029538,410,,St. Albans - Alligning entities
7002029539,410,,St. Albans - Alligning entities
7002029540,410,,St. Albans - Alligning entities
7002029541,410,,St. Albans - Alligning entities
7002029542,410,,St. Albans - Alligning entities
7002029543,410,,St. Albans - Alligning entities
7002029544,410,,St. Albans - Alligning entities
7002029545,410,,St. Albans - Alligning entities
7002029546,410,,St. Albans - Alligning entities
7002029547,410,,St. Albans - Alligning entities
7002029548,410,,St. Albans - Alligning entities
7002029549,410,,St. Albans - Alligning entities
7002029550,410,,St. Albans - Alligning entities
7002029551,410,,St. Albans - Alligning entities
7002029552,410,,St. Albans - Alligning entities
7002029553,410,,St. Albans - Alligning entities
7002029554,410,,St. Albans - Alligning entities
7002029555,410,,St. Albans - Alligning entities
7002029556,410,,St. Albans - Alligning entities
7002029557,410,,St. Albans - Alligning entities
7002029558,410,,St. Albans - Alligning entities
7002029559,410,,St. Albans - Alligning entities
7002029560,410,,St. Albans - Alligning entities
7002029561,410,,St. Albans - Alligning entities
7002029562,410,,St. Albans - Alligning entities
7002029563,410,,St. Albans - Alligning entities
7002029564,410,,St. Albans - Alligning entities
7002029565,410,,St. Albans - Alligning entities
7002029566,410,,St. Albans - Alligning entities
7002029567,410,,St. Albans - Alligning entities
7002029568,410,,St. Albans - Alligning entities
7002029569,410,,St. Albans - Alligning entities
7002029570,410,,St. Albans - Alligning entities
7002029571,410,,St. Albans - Alligning entities
7002029572,410,,St. Albans - Alligning entities
7002029573,410,,St. Albans - Alligning entities
7002029574,410,,St. Albans - Alligning entities
7002029575,410,,St. Albans - Alligning entities
7002029576,410,,St. Albans - Alligning entities
7002029577,410,,St. Albans - Alligning entities
7002029578,410,,St. Albans - Alligning entities
7002029579,410,,St. Albans - Alligning entities
7002029580,410,,St. Albans - Alligning entities
7002029581,410,,St. Albans - Alligning entities
7002029582,410,,St. Albans - Alligning entities
7002029583,410,,St. Albans - Alligning entities
7002029584,410,,St. Albans - Alligning entities
7002029585,410,,St. Albans - Alligning entities
7002029586,410,,St. Albans - Alligning entities
7002029587,410,,St. Albans - Alligning entities
7002029588,410,,St. Albans - Alligning entities
7002029589,410,,St. Albans - Alligning entities
7002029590,410,,St. Albans - Alligning entities
7002029591,410,,St. Albans - Alligning entities
7002029592,410,,St. Albans - Alligning entities
7002029593,410,,St. Albans - Alligning entities
7002029594,410,,St. Albans - Alligning entities
7002029595,410,,St. Albans - Alligning entities
7002029596,410,,St. Albans - Alligning entities
7002029597,410,,St. Albans - Alligning entities
7002029598,410,,St. Albans - Alligning entities
7002029599,410,,St. Albans - Alligning entities
7002029600,410,,St. Albans - Alligning entities
7002029601,410,,St. Albans - Alligning entities
7002029602,410,,St. Albans - Alligning entities
7002029603,410,,St. Albans - Alligning entities
7002029604,410,,St. Albans - Alligning entities
7002029605,410,,St. Albans - Alligning entities
7002029606,410,,St. Albans - Alligning entities
7002029607,410,,St. Albans - Alligning entities
7002029608,410,,St. Albans - Alligning entities
7002029609,410,,St. Albans - Alligning entities
7002029610,410,,St. Albans - Alligning entities
7002029611,410,,St. Albans - Alligning entities
7002029612,410,,St. Albans - Alligning entities
7002029613,410,,St. Albans - Alligning entities
7002029614,410,,St. Albans - Alligning entities
7002029615,410,,St. Albans - Alligning entities
7002029616,410,,St. Albans - Alligning entities
7002029617,410,,St. Albans - Alligning entities
7002029618,410,,St. Albans - Alligning entities
7002029619,410,,St. Albans - Alligning entities
7002029620,410,,St. Albans - Alligning entities
7002029621,410,,St. Albans - Alligning entities
7002029622,410,,St. Albans - Alligning entities
7002029623,410,,St. Albans - Alligning entities
7002029624,410,,St. Albans - Alligning entities
7002029625,410,,St. Albans - Alligning entities
7002029626,410,,St. Albans - Alligning entities
7002029627,410,,St. Albans - Alligning entities
7002029628,410,,St. Albans - Alligning entities
7002029629,410,,St. Albans - Alligning entities
7002029630,410,,St. Albans - Alligning entities
7002029631,410,,St. Albans - Alligning entities
7002029632,410,,St. Albans - Alligning entities
7002029633,410,,St. Albans - Alligning entities
7002029634,410,,St. Albans - Alligning entities
7002029635,410,,St. Albans - Alligning entities
7002029636,410,,St. Albans - Alligning entities
7002029637,410,,St. Albans - Alligning entities
7002029638,410,,St. Albans - Alligning entities
7002029639,410,,St. Albans - Alligning entities
7002029640,410,,St. Albans - Alligning entities
7002029641,410,,St. Albans - Alligning entities
7002029642,410,,St. Albans - Alligning entities
7002029643,410,,St. Albans - Alligning entities
7002029644,410,,St. Albans - Alligning entities
7002029645,410,,St. Albans - Alligning entities
7002029646,410,,St. Albans - Alligning entities
7002029647,410,,St. Albans - Alligning entities
7002029648,410,,St. Albans - Alligning entities
7002029649,410,,St. Albans - Alligning entities
7002029650,410,,St. Albans - Alligning entities
7002029651,410,,St. Albans - Alligning entities
7002029652,410,,St. Albans - Alligning entities
7002029653,410,,St. Albans - Alligning entities
7002029654,410,,St. Albans - Alligning entities
7002029655,410,,St. Albans - Alligning entities
7002029656,410,,St. Albans - Alligning entities
7002029657,410,,St. Albans - Alligning entities
7002029658,410,,St. Albans - Alligning entities
7002029659,410,,St. Albans - Alligning entities
7002029660,410,,St. Albans - Alligning entities
7002029661,410,,St. Albans - Alligning entities
7002029662,410,,St. Albans - Alligning entities
7002029663,410,,St. Albans - Alligning entities
7002029664,410,,St. Albans - Alligning entities
7002029665,410,,St. Albans - Alligning entities
7002029666,410,,St. Albans - Alligning entities
7002029667,410,,St. Albans - Alligning entities
7002029668,410,,St. Albans - Alligning entities
7002029669,410,,St. Albans - Alligning entities
7002029670,410,,St. Albans - Alligning entities
7002029671,410,,St. Albans - Alligning entities
7002029672,410,,St. Albans - Alligning entities
7002029673,410,,St. Albans - Alligning entities
7002029674,410,,St. Albans - Alligning entities
7002029675,410,,St. Albans - Alligning entities
7002029676,410,,St. Albans - Alligning entities
7002029677,410,,St. Albans - Alligning entities
7002029678,410,,St. Albans - Alligning entities
7002029679,410,,St. Albans - Alligning entities
7002029680,410,,St. Albans - Alligning entities
7002029681,410,,St. Albans - Alligning entities
7002029682,410,,St. Albans - Alligning entities
7002029683,410,,St. Albans - Alligning entities
7002029684,410,,St. Albans - Alligning entities
7002029685,410,,St. Albans - Alligning entities
7002029686,410,,St. Albans - Alligning entities
7002029687,410,,St. Albans - Alligning entities
7002029688,410,,St. Albans - Alligning entities
7002029689,410,,St. Albans - Alligning entities
7002029690,410,,St. Albans - Alligning entities
7002029691,410,,St. Albans - Alligning entities
7002029692,410,,St. Albans - Alligning entities
7002029693,410,,St. Albans - Alligning entities
7002029694,410,,St. Albans - Alligning entities
7002029695,410,,St. Albans - Alligning entities
7002029696,410,,St. Albans - Alligning entities
7002029697,410,,St. Albans - Alligning entities
7002029698,410,,St. Albans - Alligning entities
7002029699,410,,St. Albans - Alligning entities
7002029700,410,,St. Albans - Alligning entities
7002029701,410,,St. Albans - Alligning entities
7002029702,410,,St. Albans - Alligning entities
7002029703,410,,St. Albans - Alligning entities
7002029704,410,,St. Albans - Alligning entities
7002029705,410,,St. Albans - Alligning entities
7002029706,410,,St. Albans - Alligning entities
7002029707,410,,St. Albans - Alligning entities
7002029708,410,,St. Albans - Alligning entities
7002029709,410,,St. Albans - Alligning entities
7002029710,410,,St. Albans - Alligning entities
7002029711,410,,St. Albans - Alligning entities
7002029712,410,,St. Albans - Alligning entities
7002029713,410,,St. Albans - Alligning entities
7002029714,410,,St. Albans - Alligning entities
7002029715,410,,St. Albans - Alligning entities
7002029716,410,,St. Albans - Alligning entities
7002029717,410,,St. Albans - Alligning entities
7002029718,410,,St. Albans - Alligning entities
7002029719,410,,St. Albans - Alligning entities
7002029720,410,,St. Albans - Alligning entities
7002029721,410,,St. Albans - Alligning entities
7002029722,410,,St. Albans - Alligning entities
7002029723,410,,St. Albans - Alligning entities
7002029724,410,,St. Albans - Alligning entities
7002029725,410,,St. Albans - Alligning entities
7002029726,410,,St. Albans - Alligning entities
7002029727,410,,St. Albans - Alligning entities
7002029728,410,,St. Albans - Alligning entities
7002029729,410,,St. Albans - Alligning entities
7002029730,410,,St. Albans - Alligning entities
7002029731,410,,St. Albans - Alligning entities
7002029732,410,,St. Albans - Alligning entities
7002029733,410,,St. Albans - Alligning entities
7002029734,410,,St. Albans - Alligning entities
7002029735,410,,St. Albans - Alligning entities
7002029736,410,,St. Albans - Alligning entities
7002029737,410,,St. Albans - Alligning entities
7002029738,410,,St. Albans - Alligning entities
7002029739,410,,St. Albans - Alligning entities
7002029740,410,,St. Albans - Alligning entities
7002029741,410,,St. Albans - Alligning entities
7002029742,410,,St. Albans - Alligning entities
7002029743,410,,St. Albans - Alligning entities
7002029744,410,,St. Albans - Alligning entities
7002029745,410,,St. Albans - Alligning entities
7002029746,410,,St. Albans - Alligning entities
7002029747,410,,St. Albans - Alligning entities
7002029748,410,,St. Albans - Alligning entities
7002029749,410,,St. Albans - Alligning entities
7002029750,410,,St. Albans - Alligning entities
7002029751,410,,St. Albans - Alligning entities
7002029752,410,,St. Albans - Alligning entities
7002029753,410,,St. Albans - Alligning entities
7002029754,410,,St. Albans - Alligning entities
7002029755,410,,St. Albans - Alligning entities
7002029756,410,,St. Albans - Alligning entities
7002029757,410,,St. Albans - Alligning entities
7002029758,410,,St. Albans - Alligning entities
7002029759,410,,St. Albans - Alligning entities
7002029760,410,,St. Albans - Alligning entities
7002029761,410,,St. Albans - Alligning entities
7002029762,410,,St. Albans - Alligning entities
7002029763,410,,St. Albans - Alligning entities
7002029764,410,,St. Albans - Alligning entities
7002029765,410,,St. Albans - Alligning entities
7002029766,410,,St. Albans - Alligning entities
7002029767,410,,St. Albans - Alligning entities
7002029768,410,,St. Albans - Alligning entities
7002029769,410,,St. Albans - Alligning entities
7002029770,410,,St. Albans - Alligning entities
7002029771,410,,St. Albans - Alligning entities
7002029772,410,,St. Albans - Alligning entities
7002029773,410,,St. Albans - Alligning entities
7002029774,410,,St. Albans - Alligning entities
7002029775,410,,St. Albans - Alligning entities
7002029776,410,,St. Albans - Alligning entities
7002029777,410,,St. Albans - Alligning entities
7002029778,410,,St. Albans - Alligning entities
7002029779,410,,St. Albans - Alligning entities
7002029780,410,,St. Albans - Alligning entities
7002029781,410,,St. Albans - Alligning entities
7002029782,410,,St. Albans - Alligning entities
7002029783,410,,St. Albans - Alligning entities
7002029784,410,,St. Albans - Alligning entities
7002029785,410,,St. Albans - Alligning entities
7002029786,410,,St. Albans - Alligning entities
7002029787,410,,St. Albans - Alligning entities
7002029788,410,,St. Albans - Alligning entities
7002029789,410,,St. Albans - Alligning entities
7002029790,410,,St. Albans - Alligning entities
7002029791,410,,St. Albans - Alligning entities
7002029792,410,,St. Albans - Alligning entities
7002029793,410,,St. Albans - Alligning entities
7002029794,410,,St. Albans - Alligning entities
7002029795,410,,St. Albans - Alligning entities
7002029796,410,,St. Albans - Alligning entities
7002029797,410,,St. Albans - Alligning entities
7002029798,410,,St. Albans - Alligning entities
7002029799,410,,St. Albans - Alligning entities
7002029800,410,,St. Albans - Alligning entities
7002029801,410,,St. Albans - Alligning entities
7002029802,410,,St. Albans - Alligning entities
7002029803,410,,St. Albans - Alligning entities
7002029804,410,,St. Albans - Alligning entities
7002029805,410,,St. Albans - Alligning entities
7002029806,410,,St. Albans - Alligning entities
7002029807,410,,St. Albans - Alligning entities
7002029808,410,,St. Albans - Alligning entities
7002029809,410,,St. Albans - Alligning entities
7002029810,410,,St. Albans - Alligning entities
7002029811,410,,St. Albans - Alligning entities
7002029812,410,,St. Albans - Alligning entities
7002029813,410,,St. Albans - Alligning entities
7002029814,410,,St. Albans - Alligning entities
7002029815,410,,St. Albans - Alligning entities
7002029816,410,,St. Albans - Alligning entities
7002029817,410,,St. Albans - Alligning entities
7002029818,410,,St. Albans - Alligning entities
7002029819,410,,St. Albans - Alligning entities
7002029820,410,,St. Albans - Alligning entities
7002029821,410,,St. Albans - Alligning entities
7002029822,410,,St. Albans - Alligning entities
7002029823,410,,St. Albans - Alligning entities
7002029824,410,,St. Albans - Alligning entities
7002029825,410,,St. Albans - Alligning entities
7002029826,410,,St. Albans - Alligning entities
7002029827,410,,St. Albans - Alligning entities
7002029828,410,,St. Albans - Alligning entities
7002029829,410,,St. Albans - Alligning entities
7002029830,410,,St. Albans - Alligning entities
7002029831,410,,St. Albans - Alligning entities
7002029832,410,,St. Albans - Alligning entities
7002029833,410,,St. Albans - Alligning entities
7002029834,410,,St. Albans - Alligning entities
7002029835,410,,St. Albans - Alligning entities
7002029836,410,,St. Albans - Alligning entities
7002029837,410,,St. Albans - Alligning entities
7002029838,410,,St. Albans - Alligning entities
7002029839,410,,St. Albans - Alligning entities
7002029840,410,,St. Albans - Alligning entities
7002029841,410,,St. Albans - Alligning entities
7002029842,410,,St. Albans - Alligning entities
7002029843,410,,St. Albans - Alligning entities
7002029844,410,,St. Albans - Alligning entities
7002029845,410,,St. Albans - Alligning entities
7002029846,410,,St. Albans - Alligning entities
7002029847,410,,St. Albans - Alligning entities
7002029848,410,,St. Albans - Alligning entities
7002029849,410,,St. Albans - Alligning entities
7002029850,410,,St. Albans - Alligning entities
7002029851,410,,St. Albans - Alligning entities
7002029852,410,,St. Albans - Alligning entities
7002029853,410,,St. Albans - Alligning entities
7002029854,410,,St. Albans - Alligning entities
7002029855,410,,St. Albans - Alligning entities
7002029856,410,,St. Albans - Alligning entities
7002029857,410,,St. Albans - Alligning entities
7002029858,410,,St. Albans - Alligning entities
7002029859,410,,St. Albans - Alligning entities
7002029860,410,,St. Albans - Alligning entities
7002029861,410,,St. Albans - Alligning entities
7002029862,410,,St. Albans - Alligning entities
7002029863,410,,St. Albans - Alligning entities
7002029864,410,,St. Albans - Alligning entities
7002029865,410,,St. Albans - Alligning entities
7002029866,410,,St. Albans - Alligning entities
7002029867,410,,St. Albans - Alligning entities
7002029868,410,,St. Albans - Alligning entities
7002029869,410,,St. Albans - Alligning entities
7002029870,410,,St. Albans - Alligning entities
7002029871,410,,St. Albans - Alligning entities
7002029872,410,,St. Albans - Alligning entities
7002029873,410,,St. Albans - Alligning entities
7002029874,410,,St. Albans - Alligning entities
7002029875,410,,St. Albans - Alligning entities
7002029876,410,,St. Albans - Alligning entities
7002029877,410,,St. Albans - Alligning entities
7002029878,410,,St. Albans - Alligning entities
7002029879,410,,St. Albans - Alligning entities
7002029880,410,,St. Albans - Alligning entities
7002029881,410,,St. Albans - Alligning entities
7002029882,410,,St. Albans - Alligning entities
7002029883,410,,St. Albans - Alligning entities
7002029884,410,,St. Albans - Alligning entities
7002029885,410,,St. Albans - Alligning entities
7002029886,410,,St. Albans - Alligning entities
7002029887,410,,St. Albans - Alligning entities
7002029888,410,,St. Albans - Alligning entities
7002029889,410,,St. Albans - Alligning entities
7002029890,410,,St. Albans - Alligning entities
7002029891,410,,St. Albans - Alligning entities
7002029892,410,,St. Albans - Alligning entities
7002029893,410,,St. Albans - Alligning entities
7002029894,410,,St. Albans - Alligning entities
7002029895,410,,St. Albans - Alligning entities
7002029896,410,,St. Albans - Alligning entities
7002029897,410,,St. Albans - Alligning entities
7002029898,410,,St. Albans - Alligning entities
7002029899,410,,St. Albans - Alligning entities
7002029900,410,,St. Albans - Alligning entities
7002029901,410,,St. Albans - Alligning entities
7002029902,410,,St. Albans - Alligning entities
7002029903,410,,St. Albans - Alligning entities
7002029904,410,,St. Albans - Alligning entities
7002029905,410,,St. Albans - Alligning entities
7002029906,410,,St. Albans - Alligning entities
7002029907,410,,St. Albans - Alligning entities
7002029908,410,,St. Albans - Alligning entities
7002029909,410,,St. Albans - Alligning entities
7002029910,410,,St. Albans - Alligning entities
7002029911,410,,St. Albans - Alligning entities
7002029912,410,,St. Albans - Alligning entities
7002029913,410,,St. Albans - Alligning entities
7002029914,410,,St. Albans - Alligning entities
7002029915,410,,St. Albans - Alligning entities
7002029916,410,,St. Albans - Alligning entities
7002029917,410,,St. Albans - Alligning entities
7002029918,410,,St. Albans - Alligning entities
7002029919,410,,St. Albans - Alligning entities
7002029920,410,,St. Albans - Alligning entities
7002029921,410,,St. Albans - Alligning entities
7002029922,410,,St. Albans - Alligning entities
7002029923,410,,St. Albans - Alligning entities
7002029924,410,,St. Albans - Alligning entities
7002029925,410,,St. Albans - Alligning entities
7002029926,410,,St. Albans - Alligning entities
7002029927,410,,St. Albans - Alligning entities
7002029928,410,,St. Albans - Alligning entities
7002029929,410,,St. Albans - Alligning entities
7002029930,410,,St. Albans - Alligning entities
7002029931,410,,St. Albans - Alligning entities
7002029932,410,,St. Albans - Alligning entities
7002029933,410,,St. Albans - Alligning entities
7002029934,410,,St. Albans - Alligning entities
7002029935,410,,St. Albans - Alligning entities
7002029936,410,,St. Albans - Alligning entities
7002029937,410,,St. Albans - Alligning entities
7002029938,410,,St. Albans - Alligning entities
7002029939,410,,St. Albans - Alligning entities
7002029940,410,,St. Albans - Alligning entities
7002029941,410,,St. Albans - Alligning entities
7002029942,410,,St. Albans - Alligning entities
7002029943,410,,St. Albans - Alligning entities
7002029944,410,,St. Albans - Alligning entities
7002029945,410,,St. Albans - Alligning entities
7002029946,410,,St. Albans - Alligning entities
7002029947,410,,St. Albans - Alligning entities
7002029948,410,,St. Albans - Alligning entities
7002029949,410,,St. Albans - Alligning entities
7002029950,410,,St. Albans - Alligning entities
7002029951,410,,St. Albans - Alligning entities
7002029952,410,,St. Albans - Alligning entities
7002029953,410,,St. Albans - Alligning entities
7002029954,410,,St. Albans - Alligning entities
7002029955,410,,St. Albans - Alligning entities
7002029956,410,,St. Albans - Alligning entities
7002029957,410,,St. Albans - Alligning entities
7002029958,410,,St. Albans - Alligning entities
7002029959,410,,St. Albans - Alligning entities
7002029960,410,,St. Albans - Alligning entities
