dataset,organisation,entity-minimum,entity-maximum
conservation-area,development-corporation:Q6670544,44003422,44003423
conservation-area,development-corporation:Q6670544,44009061,44009061
conservation-area,local-authority:BAB,44005968,44005997
conservation-area,local-authority:BAB,44008683,44008684
conservation-area,local-authority:BAE,44014388,44014420
conservation-area,local-authority:BDG,44002915,44002918
conservation-area,local-authority:BEN,44008733,44008733
conservation-area,local-authority:BEN,44008831,44008831
conservation-area,local-authority:BEN,44008835,44008835
conservation-area,local-authority:BEN,44008875,44008875
conservation-area,local-authority:BEN,44008886,44008886
conservation-area,local-authority:BEN,44008890,44008890
conservation-area,local-authority:BEN,44008892,44008900
conservation-area,local-authority:BEN,44008902,44008908
conservation-area,local-authority:BEN,44008910,44008910
conservation-area,local-authority:BEX,44002792,44002807
conservation-area,local-authority:BEX,44008761,44008761
conservation-area,local-authority:BEX,44008774,44008774
conservation-area,local-authority:BEX,44008873,44008874
conservation-area,local-authority:BEX,44008876,44008876
conservation-area,local-authority:BEX,44008878,44008880
conservation-area,local-authority:BEX,44008901,44008901
conservation-area,local-authority:BEX,44008960,44008960
conservation-area,local-authority:BEX,44008997,44008997
conservation-area,local-authority:BEX,44009008,44009008
conservation-area,local-authority:BEX,44009013,44009013
conservation-area,local-authority:BIR,44009828,44009856
conservation-area,local-authority:BNE,44002411,44002424
conservation-area,local-authority:BNE,44004082,44004082
conservation-area,local-authority:BNE,44006529,44006529
conservation-area,local-authority:BOL,44009108,44009132
conservation-area,local-authority:BOL,44012320,44012320
conservation-area,local-authority:BRC,44001799,44001799
conservation-area,local-authority:BRC,44001838,44001838
conservation-area,local-authority:BRC,44001998,44001998
conservation-area,local-authority:BRC,44002286,44002286
conservation-area,local-authority:BRC,44007964,44007965
conservation-area,local-authority:BRD,44004967,44005025
conservation-area,local-authority:BRT,44000071,44000071
conservation-area,local-authority:BRT,44001418,44001425
conservation-area,local-authority:BRT,44004623,44004628
conservation-area,local-authority:BRT,44007976,44007977
conservation-area,local-authority:BRY,44002813,44002846
conservation-area,local-authority:BRY,44007140,44007144
conservation-area,local-authority:BRY,44008718,44008718
conservation-area,local-authority:BRY,44008729,44008729
conservation-area,local-authority:BRY,44008741,44008741
conservation-area,local-authority:BRY,44008743,44008743
conservation-area,local-authority:BRY,44008745,44008745
conservation-area,local-authority:BRY,44008747,44008747
conservation-area,local-authority:BRY,44008813,44008814
conservation-area,local-authority:BRY,44008853,44008853
conservation-area,local-authority:BRY,44008856,44008856
conservation-area,local-authority:BRY,44008860,44008860
conservation-area,local-authority:BRY,44008889,44008889
conservation-area,local-authority:BRY,44008914,44008914
conservation-area,local-authority:BRY,44008981,44008982
conservation-area,local-authority:BRY,44009016,44009042
conservation-area,local-authority:BRY,44009096,44009096
conservation-area,local-authority:BRY,44009101,44009101
conservation-area,local-authority:BST,44010589,44010622
conservation-area,local-authority:BUC,44007468,44007669
conservation-area,local-authority:BUC,44009392,44009593
conservation-area,local-authority:BUC,44009598,44009613
conservation-area,local-authority:BUC,44010415,44010585
conservation-area,local-authority:CAR,44000997,44001006
conservation-area,local-authority:CAR,44005071,44005076
conservation-area,local-authority:CAR,44007831,44007850
conservation-area,local-authority:CAR,44009142,44009145
conservation-area,local-authority:CAS,44010309,44010310
conservation-area,local-authority:CAT,44001792,44001792
conservation-area,local-authority:CAT,44001824,44001825
conservation-area,local-authority:CAT,44001827,44001829
conservation-area,local-authority:CAT,44001833,44001837
conservation-area,local-authority:CAT,44001841,44001841
conservation-area,local-authority:CAT,44001853,44001856
conservation-area,local-authority:CAT,44001875,44001875
conservation-area,local-authority:CAT,44001883,44001890
conservation-area,local-authority:CAT,44001895,44001895
conservation-area,local-authority:CAT,44001909,44001911
conservation-area,local-authority:CAT,44001921,44001921
conservation-area,local-authority:CAT,44001944,44001944
conservation-area,local-authority:CAT,44001946,44001947
conservation-area,local-authority:CAT,44001953,44001953
conservation-area,local-authority:CAT,44001970,44001970
conservation-area,local-authority:CAT,44002013,44002013
conservation-area,local-authority:CAT,44002025,44002025
conservation-area,local-authority:CAT,44002045,44002045
conservation-area,local-authority:CAT,44002065,44002065
conservation-area,local-authority:CAT,44002082,44002083
conservation-area,local-authority:CAT,44002100,44002101
conservation-area,local-authority:CAT,44002104,44002106
conservation-area,local-authority:CAT,44002129,44002129
conservation-area,local-authority:CAT,44002133,44002133
conservation-area,local-authority:CAT,44002135,44002135
conservation-area,local-authority:CAT,44002150,44002150
conservation-area,local-authority:CAT,44002162,44002173
conservation-area,local-authority:CAT,44002179,44002184
conservation-area,local-authority:CAT,44002192,44002192
conservation-area,local-authority:CAT,44002204,44002205
conservation-area,local-authority:CAT,44002218,44002219
conservation-area,local-authority:CAT,44002241,44002241
conservation-area,local-authority:CAT,44002257,44002260
conservation-area,local-authority:CAT,44002281,44002281
conservation-area,local-authority:CAT,44002287,44002287
conservation-area,local-authority:CAT,44002301,44002301
conservation-area,local-authority:CAT,44002316,44002316
conservation-area,local-authority:CAT,44004189,44004192
conservation-area,local-authority:CAT,44008298,44008336
conservation-area,local-authority:CAT,44009983,44010079
conservation-area,local-authority:CHI,44009104,44009104
conservation-area,local-authority:CHI,44009107,44009107
conservation-area,local-authority:CLD,44003007,44003022
conservation-area,local-authority:CLD,44007919,44007924
conservation-area,local-authority:CMD,44009614,44009662
conservation-area,local-authority:CMD,44009885,44009885
conservation-area,local-authority:CON,44000193,44000377
conservation-area,local-authority:CON,44000581,44000586
conservation-area,local-authority:CON,44000652,44000653
conservation-area,local-authority:CON,44000685,44000700
conservation-area,local-authority:CON,44002596,44002687
conservation-area,local-authority:CON,44002919,44002919
conservation-area,local-authority:CON,44003985,44004002
conservation-area,local-authority:CON,44006430,44006431
conservation-area,local-authority:CON,44006432,44006432
conservation-area,local-authority:CON,44007867,44007870
conservation-area,local-authority:CON,44009594,44009597
conservation-area,local-authority:COT,44003142,44003280
conservation-area,local-authority:COT,44005740,44005740
conservation-area,local-authority:COT,44006675,44006678
conservation-area,local-authority:COT,44007974,44007975
conservation-area,local-authority:CRY,44001014,44001014
conservation-area,local-authority:CRY,44006922,44006938
conservation-area,local-authority:CRY,44008881,44008881
conservation-area,local-authority:CRY,44008883,44008883
conservation-area,local-authority:DNC,44009886,44009931
conservation-area,local-authority:DOV,44009701,44009803
conservation-area,local-authority:DUD,44008197,44008197
conservation-area,local-authority:DUD,44008216,44008246
conservation-area,local-authority:DUR,44008104,44008196
conservation-area,local-authority:EAL,44002323,44002348
conservation-area,local-authority:EAL,44004064,44004066
conservation-area,local-authority:EAL,44008917,44008920
conservation-area,local-authority:ECA,44010180,44010207
conservation-area,local-authority:ENF,44008714,44008717
conservation-area,local-authority:ENF,44008719,44008720
conservation-area,local-authority:ENF,44008722,44008728
conservation-area,local-authority:ENF,44008730,44008732
conservation-area,local-authority:ENF,44008734,44008740
conservation-area,local-authority:ENF,44008742,44008742
conservation-area,local-authority:ENF,44010272,44010295
conservation-area,local-authority:EPS,44001788,44001790
conservation-area,local-authority:EPS,44001803,44001803
conservation-area,local-authority:EPS,44001826,44001826
conservation-area,local-authority:EPS,44001857,44001858
conservation-area,local-authority:EPS,44001904,44001904
conservation-area,local-authority:EPS,44001913,44001913
conservation-area,local-authority:EPS,44001937,44001937
conservation-area,local-authority:EPS,44001965,44001966
conservation-area,local-authority:EPS,44001971,44001971
conservation-area,local-authority:EPS,44001983,44001983
conservation-area,local-authority:EPS,44002009,44002009
conservation-area,local-authority:EPS,44002032,44002032
conservation-area,local-authority:EPS,44002052,44002052
conservation-area,local-authority:EPS,44002068,44002068
conservation-area,local-authority:EPS,44002086,44002090
conservation-area,local-authority:EPS,44002107,44002107
conservation-area,local-authority:EPS,44002139,44002139
conservation-area,local-authority:EPS,44008656,44008682
conservation-area,local-authority:EPS,44009878,44009884
conservation-area,local-authority:ESK,44007891,44007901
conservation-area,local-authority:GAT,44009857,44009877
conservation-area,local-authority:GAT,44010270,44010270
conservation-area,local-authority:GED,44001676,44001678
conservation-area,local-authority:GED,44005047,44005047
conservation-area,local-authority:GED,44006733,44006734
conservation-area,local-authority:GLO,44009664,44009677
conservation-area,local-authority:GRE,44008815,44008815
conservation-area,local-authority:GRE,44009043,44009050
conservation-area,local-authority:GRE,44009052,44009056
conservation-area,local-authority:GRY,44009678,44009700
conservation-area,local-authority:HAL,44000380,44000387
conservation-area,local-authority:HAL,44007961,44007963
conservation-area,local-authority:HAV,44002904,44002914
conservation-area,local-authority:HCK,44006227,44006249
conservation-area,local-authority:HCK,44006876,44006881
conservation-area,local-authority:HCK,44008753,44008753
conservation-area,local-authority:HCK,44008759,44008759
conservation-area,local-authority:HCK,44008762,44008763
conservation-area,local-authority:HCK,44009057,44009057
conservation-area,local-authority:HCK,44009089,44009089
conservation-area,local-authority:HIL,44002425,44002449
conservation-area,local-authority:HIL,44004083,44004085
conservation-area,local-authority:HIL,44006368,44006370
conservation-area,local-authority:HIL,44008848,44008848
conservation-area,local-authority:HIL,44008915,44008916
conservation-area,local-authority:HIL,44008921,44008925
conservation-area,local-authority:HIL,44009093,44009093
conservation-area,local-authority:HMF,44008347,44008380
conservation-area,local-authority:HMF,44008381,44008387
conservation-area,local-authority:HMF,44008744,44008744
conservation-area,local-authority:HMF,44008746,44008746
conservation-area,local-authority:HMF,44008749,44008752
conservation-area,local-authority:HMF,44008755,44008755
conservation-area,local-authority:HMF,44009076,44009076
conservation-area,local-authority:HMF,44012323,44012323
conservation-area,local-authority:HMF,44012330,44012335
conservation-area,local-authority:HMF,44012337,44012342
conservation-area,local-authority:HMF,44012344,44012344
conservation-area,local-authority:HNS,44003402,44003413
conservation-area,local-authority:HNS,44006804,44006805
conservation-area,local-authority:HNS,44006885,44006885
conservation-area,local-authority:HNS,44008758,44008758
conservation-area,local-authority:HNS,44008818,44008818
conservation-area,local-authority:HNS,44008820,44008820
conservation-area,local-authority:HNS,44009062,44009067
conservation-area,local-authority:HNS,44009070,44009072
conservation-area,local-authority:HNS,44009074,44009075
conservation-area,local-authority:HOR,44003564,44003599
conservation-area,local-authority:HOR,44005186,44005186
conservation-area,local-authority:HOR,44010306,44010308
conservation-area,local-authority:HRW,44008756,44008757
conservation-area,local-authority:HRW,44008760,44008760
conservation-area,local-authority:HRW,44008768,44008768
conservation-area,local-authority:HRW,44008772,44008772
conservation-area,local-authority:HRW,44008777,44008777
conservation-area,local-authority:HRW,44008784,44008784
conservation-area,local-authority:HRW,44008790,44008790
conservation-area,local-authority:HRW,44008799,44008804
conservation-area,local-authority:HRW,44008807,44008809
conservation-area,local-authority:HRW,44008811,44008812
conservation-area,local-authority:HRW,44009088,44009088
conservation-area,local-authority:HRW,44009092,44009092
conservation-area,local-authority:HRW,44009094,44009095
conservation-area,local-authority:HRW,44009098,44009100
conservation-area,local-authority:HRW,44009102,44009102
conservation-area,local-authority:HRY,44008721,44008721
conservation-area,local-authority:HRY,44008748,44008748
conservation-area,local-authority:HRY,44008765,44008765
conservation-area,local-authority:HRY,44008767,44008767
conservation-area,local-authority:HRY,44008769,44008771
conservation-area,local-authority:HRY,44008773,44008773
conservation-area,local-authority:HRY,44008775,44008776
conservation-area,local-authority:HRY,44008778,44008783
conservation-area,local-authority:HRY,44008785,44008786
conservation-area,local-authority:HRY,44008788,44008789
conservation-area,local-authority:HRY,44008791,44008798
conservation-area,local-authority:HRY,44009091,44009091
conservation-area,local-authority:ISL,44008712,44008712
conservation-area,local-authority:ISL,44008956,44008958
conservation-area,local-authority:ISL,44008968,44008980
conservation-area,local-authority:ISL,44008983,44008996
conservation-area,local-authority:ISL,44008998,44009007
conservation-area,local-authority:KEC,44008857,44008857
conservation-area,local-authority:KEC,44008882,44008882
conservation-area,local-authority:KEC,44008926,44008955
conservation-area,local-authority:KEC,44008959,44008959
conservation-area,local-authority:KEC,44008961,44008967
conservation-area,local-authority:KTT,44002387,44002410
conservation-area,local-authority:KTT,44004086,44004086
conservation-area,local-authority:KTT,44008806,44008806
conservation-area,local-authority:KTT,44008810,44008810
conservation-area,local-authority:KTT,44008821,44008821
conservation-area,local-authority:KTT,44009068,44009068
conservation-area,local-authority:KWL,44007851,44007865
conservation-area,local-authority:LBH,44000550,44000550
conservation-area,local-authority:LBH,44000559,44000559
conservation-area,local-authority:LBH,44000563,44000563
conservation-area,local-authority:LBH,44000566,44000567
conservation-area,local-authority:LBH,44000862,44000902
conservation-area,local-authority:LBH,44001077,44001077
conservation-area,local-authority:LBH,44004077,44004077
conservation-area,local-authority:LBH,44006592,44006594
conservation-area,local-authority:LBH,44006848,44006861
conservation-area,local-authority:LBH,44008585,44008595
conservation-area,local-authority:LBH,44008826,44008830
conservation-area,local-authority:LBH,44008832,44008832
conservation-area,local-authority:LBH,44008834,44008834
conservation-area,local-authority:LBH,44008836,44008836
conservation-area,local-authority:LBH,44008838,44008839
conservation-area,local-authority:LBH,44012345,44012345
conservation-area,local-authority:LCE,44006443,44006466
conservation-area,local-authority:LCE,44007866,44007866
conservation-area,local-authority:LCE,44010271,44010271
conservation-area,local-authority:LEW,44008713,44008713
conservation-area,local-authority:LEW,44008754,44008754
conservation-area,local-authority:LEW,44008766,44008766
conservation-area,local-authority:LEW,44008787,44008787
conservation-area,local-authority:LEW,44008805,44008805
conservation-area,local-authority:LEW,44008816,44008817
conservation-area,local-authority:LEW,44008822,44008822
conservation-area,local-authority:LEW,44008837,44008837
conservation-area,local-authority:LEW,44008840,44008845
conservation-area,local-authority:LEW,44008847,44008847
conservation-area,local-authority:LEW,44008849,44008852
conservation-area,local-authority:LEW,44008858,44008859
conservation-area,local-authority:LEW,44008861,44008865
conservation-area,local-authority:LEW,44009097,44009097
conservation-area,local-authority:LND,44002494,44002515
conservation-area,local-authority:LND,44009162,44009165
conservation-area,local-authority:LND,44009168,44009168
conservation-area,local-authority:LND,44012283,44012304
conservation-area,local-authority:MAL,44001675,44001675
conservation-area,local-authority:MAL,44001734,44001734
conservation-area,local-authority:MAL,44004492,44004492
conservation-area,local-authority:MAL,44007752,44007830
conservation-area,local-authority:MDW,44009804,44009827
conservation-area,local-authority:MOL,44001802,44001802
conservation-area,local-authority:MOL,44001815,44001815
conservation-area,local-authority:MOL,44001847,44001847
conservation-area,local-authority:MOL,44001877,44001877
conservation-area,local-authority:MOL,44001918,44001918
conservation-area,local-authority:MOL,44001975,44001975
conservation-area,local-authority:MOL,44002094,44002094
conservation-area,local-authority:MOL,44002200,44002200
conservation-area,local-authority:MOL,44002225,44002225
conservation-area,local-authority:MOL,44002245,44002245
conservation-area,local-authority:MOL,44002272,44002277
conservation-area,local-authority:MOL,44002293,44002293
conservation-area,local-authority:MOL,44004241,44004250
conservation-area,local-authority:MOL,44008695,44008707
conservation-area,local-authority:MRT,44005395,44005421
conservation-area,local-authority:MRT,44009012,44009012
conservation-area,local-authority:MRT,44009014,44009014
conservation-area,local-authority:NDO,44008601,44008642
conservation-area,local-authority:NDO,44009166,44009167
conservation-area,local-authority:NDO,44009169,44009177
conservation-area,local-authority:NDO,44009932,44009957
conservation-area,local-authority:NDO,44012343,44012343
conservation-area,local-authority:NED,44003647,44003676
conservation-area,local-authority:NED,44008596,44008600
conservation-area,local-authority:NET,44000537,44000548
conservation-area,local-authority:NET,44002959,44002959
conservation-area,local-authority:NLN,44001414,44001417
conservation-area,local-authority:NLN,44005169,44005181
conservation-area,local-authority:NOW,44007902,44007918
conservation-area,local-authority:NSM,44010141,44010179
conservation-area,local-authority:NWM,44003415,44003421
conservation-area,local-authority:OLD,44000549,44000549
conservation-area,local-authority:OLD,44000551,44000558
conservation-area,local-authority:OLD,44000560,44000562
conservation-area,local-authority:OLD,44000564,44000565
conservation-area,local-authority:OLD,44000568,44000572
conservation-area,local-authority:OLD,44007925,44007960
conservation-area,local-authority:OLD,44009154,44009155
conservation-area,local-authority:OLD,44009958,44009982
conservation-area,local-authority:OLD,44012321,44012322
conservation-area,local-authority:OLD,44012324,44012329
conservation-area,local-authority:PLY,44012305,44012319
conservation-area,local-authority:PTE,44001130,44001130
conservation-area,local-authority:PTE,44001319,44001327
conservation-area,local-authority:PTE,44004541,44004600
conservation-area,local-authority:PTE,44004944,44004959
conservation-area,local-authority:PTE,44005182,44005183
conservation-area,local-authority:PUR,44007978,44008103
conservation-area,local-authority:RDB,44000591,44000604
conservation-area,local-authority:RDB,44004081,44004081
conservation-area,local-authority:RDB,44008819,44008819
conservation-area,local-authority:RDB,44008891,44008891
conservation-area,local-authority:RDB,44009051,44009051
conservation-area,local-authority:RIC,44002450,44002493
conservation-area,local-authority:RIC,44005247,44005253
conservation-area,local-authority:RIC,44006531,44006535
conservation-area,local-authority:RIC,44006706,44006717
conservation-area,local-authority:RIC,44006794,44006794
conservation-area,local-authority:RIC,44009073,44009073
conservation-area,local-authority:RIC,44009077,44009087
conservation-area,local-authority:ROC,44008337,44008346
conservation-area,local-authority:ROH,44010296,44010305
conservation-area,local-authority:ROS,44010125,44010134
conservation-area,local-authority:SAL,44000001,44000014
conservation-area,local-authority:SAL,44004483,44004484
conservation-area,local-authority:SAL,44005481,44005481
conservation-area,local-authority:SAL,44005783,44005783
conservation-area,local-authority:SAL,44010080,44010124
conservation-area,local-authority:SAW,44010208,44010216
conservation-area,local-authority:SEG,44003388,44003401
conservation-area,local-authority:SEG,44007871,44007872
conservation-area,local-authority:SHF,44006554,44006583
conservation-area,local-authority:SHF,44007874,44007890
conservation-area,local-authority:SHF,44008199,44008199
conservation-area,local-authority:SHF,44009157,44009159
conservation-area,local-authority:SHN,44004834,44004834
conservation-area,local-authority:SHN,44004942,44004942
conservation-area,local-authority:SHN,44007672,44007679
conservation-area,local-authority:SKP,44004838,44004874
conservation-area,local-authority:SLF,44004019,44004019
conservation-area,local-authority:SLF,44005150,44005162
conservation-area,local-authority:SLF,44008200,44008215
conservation-area,local-authority:SLF,44008708,44008711
conservation-area,local-authority:SOS,44001617,44001628
conservation-area,local-authority:SOS,44007966,44007973
conservation-area,local-authority:SOX,44004350,44004420
conservation-area,local-authority:SOX,44007680,44007751
conservation-area,local-authority:SOX,44009139,44009141
conservation-area,local-authority:STH,44001995,44001995
conservation-area,local-authority:STH,44004322,44004337
conservation-area,local-authority:STH,44005373,44005375
conservation-area,local-authority:STH,44008198,44008198
conservation-area,local-authority:STN,44008764,44008764
conservation-area,local-authority:STN,44008823,44008825
conservation-area,local-authority:STN,44008833,44008833
conservation-area,local-authority:STN,44008846,44008846
conservation-area,local-authority:STN,44008854,44008855
conservation-area,local-authority:STN,44008866,44008872
conservation-area,local-authority:SWK,44002349,44002381
conservation-area,local-authority:SWK,44004078,44004080
conservation-area,local-authority:SWK,44006536,44006542
conservation-area,local-authority:SWK,44006871,44006874
conservation-area,local-authority:SWK,44007440,44007447
conservation-area,local-authority:SWK,44009058,44009060
conservation-area,local-authority:SWK,44010217,44010269
conservation-area,local-authority:TEW,44000701,44000712
conservation-area,local-authority:TEW,44005232,44005233
conservation-area,local-authority:TRF,44006481,44006515
conservation-area,local-authority:TRF,44009105,44009106
conservation-area,local-authority:TRF,44010414,44010414
conservation-area,local-authority:TWH,44003435,44003489
conservation-area,local-authority:TWH,44006543,44006545
conservation-area,local-authority:TWH,44009009,44009011
conservation-area,local-authority:TWH,44009090,44009090
conservation-area,local-authority:TWH,44010586,44010588
conservation-area,local-authority:VAL,44004423,44004473
conservation-area,local-authority:VAL,44008247,44008297
conservation-area,local-authority:VAL,44009160,44009161
conservation-area,local-authority:WAE,44001859,44001872
conservation-area,local-authority:WAE,44001926,44001926
conservation-area,local-authority:WAE,44001933,44001933
conservation-area,local-authority:WAE,44001989,44001989
conservation-area,local-authority:WAE,44002019,44002022
conservation-area,local-authority:WAE,44002027,44002027
conservation-area,local-authority:WAE,44002043,44002043
conservation-area,local-authority:WAE,44002055,44002060
conservation-area,local-authority:WAE,44002067,44002067
conservation-area,local-authority:WAE,44002102,44002102
conservation-area,local-authority:WAE,44002124,44002124
conservation-area,local-authority:WAE,44002130,44002130
conservation-area,local-authority:WAE,44002151,44002151
conservation-area,local-authority:WAE,44002175,44002175
conservation-area,local-authority:WAE,44002191,44002191
conservation-area,local-authority:WAE,44002211,44002211
conservation-area,local-authority:WAE,44002232,44002237
conservation-area,local-authority:WAE,44002304,44002304
conservation-area,local-authority:WAE,44002315,44002315
conservation-area,local-authority:WAE,44002321,44002321
conservation-area,local-authority:WAE,44008643,44008655
conservation-area,local-authority:WBK,44000713,44000757
conservation-area,local-authority:WBK,44010135,44010140
conservation-area,local-authority:WFT,44003424,44003434
conservation-area,local-authority:WFT,44006546,44006548
conservation-area,local-authority:WFT,44008877,44008877
conservation-area,local-authority:WND,44001043,44001076
conservation-area,local-authority:WND,44004067,44004076
conservation-area,local-authority:WND,44006549,44006549
conservation-area,local-authority:WND,44009103,44009103
conservation-area,local-authority:WNM,44007873,44007873
conservation-area,local-authority:WOX,44001831,44001831
conservation-area,local-authority:WOX,44001891,44001891
conservation-area,local-authority:WOX,44001903,44001903
conservation-area,local-authority:WOX,44001906,44001908
conservation-area,local-authority:WOX,44001916,44001916
conservation-area,local-authority:WOX,44001919,44001919
conservation-area,local-authority:WOX,44001924,44001924
conservation-area,local-authority:WOX,44001930,44001930
conservation-area,local-authority:WOX,44001945,44001945
conservation-area,local-authority:WOX,44001950,44001950
conservation-area,local-authority:WOX,44001954,44001954
conservation-area,local-authority:WOX,44001984,44001984
conservation-area,local-authority:WOX,44001996,44001996
conservation-area,local-authority:WOX,44002002,44002007
conservation-area,local-authority:WOX,44002012,44002012
conservation-area,local-authority:WOX,44002037,44002037
conservation-area,local-authority:WOX,44002048,44002049
conservation-area,local-authority:WOX,44002064,44002064
conservation-area,local-authority:WOX,44002069,44002071
conservation-area,local-authority:WOX,44002091,44002092
conservation-area,local-authority:WOX,44002109,44002109
conservation-area,local-authority:WOX,44002134,44002134
conservation-area,local-authority:WOX,44002137,44002137
conservation-area,local-authority:WOX,44002143,44002144
conservation-area,local-authority:WOX,44002159,44002161
conservation-area,local-authority:WOX,44002177,44002177
conservation-area,local-authority:WOX,44002188,44002188
conservation-area,local-authority:WOX,44002195,44002198
conservation-area,local-authority:WOX,44002203,44002203
conservation-area,local-authority:WOX,44002251,44002251
conservation-area,local-authority:WOX,44002262,44002264
conservation-area,local-authority:WOX,44002284,44002284
conservation-area,local-authority:WOX,44002295,44002295
conservation-area,local-authority:WOX,44002305,44002305
conservation-area,local-authority:WOX,44004421,44004422
conservation-area,local-authority:WOX,44005536,44005536
conservation-area,local-authority:WOX,44006679,44006680
conservation-area,local-authority:WOX,44012336,44012336
conservation-area,local-authority:WSM,44002850,44002903
conservation-area,local-authority:WSM,44004092,44004093
conservation-area,local-authority:WSM,44008909,44008909
conservation-area,local-authority:WSM,44009069,44009069
conservation-area,local-authority:YOR,44005080,44005113
conservation-area,local-authority:YOR,44006150,44006150
conservation-area,local-authority:YOR,44007670,44007671
conservation-area,local-authority:YOR,44009133,44009138
conservation-area,national-park-authority:Q72617988,44000191,44000191
conservation-area,national-park-authority:Q72617988,44001151,44001229
conservation-area,national-park-authority:Q72617988,44003134,44003135
conservation-area,national-park-authority:Q72617988,44004722,44004722
conservation-area,national-park-authority:Q72617988,44005284,44005284
conservation-area,national-park-authority:Q72617988,44005810,44005906
conservation-area,national-park-authority:Q72617988,44006364,44006367
conservation-area,national-park-authority:Q72617988,44007421,44007439
conservation-area-document,local-authority:BIR,6300438,6300479
conservation-area-document,local-authority:BNE,6303262,6303301
conservation-area-document,local-authority:BST,6300480,6300513
conservation-area-document,local-authority:CAS,6300230,6300231
conservation-area-document,local-authority:CMD,6300096,6300157
conservation-area-document,local-authority:NLN,6300045,6300061
conservation-area-document,local-authority:PLY,6303302,6303316
conservation-area-document,local-authority:PTE,6300158,6300213
conservation-area-document,local-authority:ROH,6300214,6300229
conservation-area-document,local-authority:ROS,6300062,6300095
conservation-area-document,local-authority:SAL,6300000,6300044
conservation-area-document,local-authority:WRL,6303118,6303261
conservation-area,local-authority:SLF,44012726,44012731
conservation-area,local-authority:SLF,44012734,44012739
conservation-area,local-authority:SLF,44005149,44005149
conservation-area,local-authority:SLF,44005155,44005155
conservation-area,local-authority:SLF,44005157,44005157
conservation-area,local-authority:SLF,44005163,44005163
conservation-area,local-authority:SST,44006279,44006297
conservation-area,local-authority:NEW,44005388,44005388
conservation-area,local-authority:NEW,44005392,44005392
conservation-area,local-authority:NEW,44006940,44006951
conservation-area,local-authority:NEW,44006961,44006967
conservation-area,local-authority:NEW,44007036,44007036
conservation-area,local-authority:NEW,44007335,44007336
conservation-area,government-organisation:PB1164,44005026,44005046
conservation-area,government-organisation:PB1164,44000106,44000123
conservation-area,government-organisation:PB1164,44000174,44000191
conservation-area,government-organisation:PB1164,44000197,44000197
conservation-area,government-organisation:PB1164,44000201,44000202
conservation-area,government-organisation:PB1164,44000204,44000205
conservation-area,government-organisation:PB1164,44000210,44000210
conservation-area,government-organisation:PB1164,44000212,44000218
conservation-area,government-organisation:PB1164,44000220,44000227
conservation-area,government-organisation:PB1164,44000234,44000245
conservation-area,government-organisation:PB1164,44000274,44000301
conservation-area,government-organisation:PB1164,44000321,44000330
conservation-area,government-organisation:PB1164,44000380,44000381
conservation-area,government-organisation:PB1164,44000383,44000430
conservation-area,government-organisation:PB1164,44000514,44000527
conservation-area,government-organisation:PB1164,44000587,44000588
conservation-area,government-organisation:PB1164,44000590,44000604
conservation-area,government-organisation:PB1164,44000780,44000784
conservation-area,government-organisation:PB1164,44000809,44000840
conservation-area,government-organisation:PB1164,44000977,44000995
conservation-area,government-organisation:PB1164,44001007,44001009
conservation-area,government-organisation:PB1164,44001016,44001019
conservation-area,government-organisation:PB1164,44001078,44001105
conservation-area,government-organisation:PB1164,44001110,44001129
conservation-area,government-organisation:PB1164,44001131,44001138
conservation-area,government-organisation:PB1164,44001150,44001150
conservation-area,government-organisation:PB1164,44001185,44001195
conservation-area,government-organisation:PB1164,44001200,44001220
conservation-area,government-organisation:PB1164,44001223,44001228
conservation-area,government-organisation:PB1164,44001230,44001280
conservation-area,government-organisation:PB1164,44001298,44001298
conservation-area,government-organisation:PB1164,44001328,44001332
conservation-area,government-organisation:PB1164,44001365,44001381
conservation-area,government-organisation:PB1164,44001426,44001472
conservation-area,government-organisation:PB1164,44001533,44001533
conservation-area,government-organisation:PB1164,44001559,44001563
conservation-area,government-organisation:PB1164,44001575,44001587
conservation-area,government-organisation:PB1164,44001596,44001616
conservation-area,government-organisation:PB1164,44001630,44001631
conservation-area,government-organisation:PB1164,44001665,44001674
conservation-area,government-organisation:PB1164,44001676,44001678
conservation-area,government-organisation:PB1164,44001713,44001731
conservation-area,government-organisation:PB1164,44001793,44001793
conservation-area,government-organisation:PB1164,44001804,44001804
conservation-area,government-organisation:PB1164,44001817,44001817
conservation-area,government-organisation:PB1164,44001831,44001831
conservation-area,government-organisation:PB1164,44001843,44001843
conservation-area,government-organisation:PB1164,44001879,44001879
conservation-area,government-organisation:PB1164,44001891,44001891
conservation-area,government-organisation:PB1164,44001903,44001903
conservation-area,government-organisation:PB1164,44001906,44001908
conservation-area,government-organisation:PB1164,44001916,44001916
conservation-area,government-organisation:PB1164,44001919,44001919
conservation-area,government-organisation:PB1164,44001924,44001924
conservation-area,government-organisation:PB1164,44001930,44001930
conservation-area,government-organisation:PB1164,44001945,44001945
conservation-area,government-organisation:PB1164,44001950,44001950
conservation-area,government-organisation:PB1164,44001954,44001954
conservation-area,government-organisation:PB1164,44001967,44001968
conservation-area,government-organisation:PB1164,44001984,44001984
conservation-area,government-organisation:PB1164,44001988,44001988
conservation-area,government-organisation:PB1164,44001995,44001996
conservation-area,government-organisation:PB1164,44002002,44002002
conservation-area,government-organisation:PB1164,44002004,44002004
conservation-area,government-organisation:PB1164,44002007,44002007
conservation-area,government-organisation:PB1164,44002012,44002012
conservation-area,government-organisation:PB1164,44002018,44002018
conservation-area,government-organisation:PB1164,44002031,44002031
conservation-area,government-organisation:PB1164,44002037,44002037
conservation-area,government-organisation:PB1164,44002048,44002049
conservation-area,government-organisation:PB1164,44002064,44002064
conservation-area,government-organisation:PB1164,44002069,44002069
conservation-area,government-organisation:PB1164,44002071,44002071
conservation-area,government-organisation:PB1164,44002091,44002092
conservation-area,government-organisation:PB1164,44002109,44002109
conservation-area,government-organisation:PB1164,44002134,44002134
conservation-area,government-organisation:PB1164,44002137,44002137
conservation-area,government-organisation:PB1164,44002142,44002144
conservation-area,government-organisation:PB1164,44002159,44002159
conservation-area,government-organisation:PB1164,44002161,44002161
conservation-area,government-organisation:PB1164,44002177,44002177
conservation-area,government-organisation:PB1164,44002188,44002188
conservation-area,government-organisation:PB1164,44002195,44002195
conservation-area,government-organisation:PB1164,44002198,44002198
conservation-area,government-organisation:PB1164,44002203,44002203
conservation-area,government-organisation:PB1164,44002235,44002235
conservation-area,government-organisation:PB1164,44002247,44002247
conservation-area,government-organisation:PB1164,44002251,44002251
conservation-area,government-organisation:PB1164,44002256,44002256
conservation-area,government-organisation:PB1164,44002262,44002262
conservation-area,government-organisation:PB1164,44002264,44002264
conservation-area,government-organisation:PB1164,44002284,44002285
conservation-area,government-organisation:PB1164,44002295,44002295
conservation-area,government-organisation:PB1164,44002303,44002303
conservation-area,government-organisation:PB1164,44002305,44002305
conservation-area,government-organisation:PB1164,44002382,44002385
conservation-area,government-organisation:PB1164,44002561,44002595
conservation-area,government-organisation:PB1164,44002688,44002694
conservation-area,government-organisation:PB1164,44002706,44002710
conservation-area,government-organisation:PB1164,44002735,44002766
conservation-area,government-organisation:PB1164,44002791,44002798
conservation-area,government-organisation:PB1164,44002800,44002802
conservation-area,government-organisation:PB1164,44002804,44002805
conservation-area,government-organisation:PB1164,44002807,44002808
conservation-area,government-organisation:PB1164,44002810,44002812
conservation-area,government-organisation:PB1164,44002904,44002914
conservation-area,government-organisation:PB1164,44002950,44002952
conservation-area,government-organisation:PB1164,44003024,44003041
conservation-area,government-organisation:PB1164,44003137,44003141
conservation-area,government-organisation:PB1164,44003422,44003423
conservation-area,government-organisation:PB1164,44003455,44003455
conservation-area,government-organisation:PB1164,44003490,44003507
conservation-area,government-organisation:PB1164,44003601,44003601
conservation-area,government-organisation:PB1164,44003603,44003604
conservation-area,government-organisation:PB1164,44003606,44003622
conservation-area,government-organisation:PB1164,44003967,44003984
conservation-area,government-organisation:PB1164,44004004,44004009
conservation-area,government-organisation:PB1164,44004011,44004018
conservation-area,government-organisation:PB1164,44004020,44004040
conservation-area,government-organisation:PB1164,44004042,44004063
conservation-area,government-organisation:PB1164,44004081,44004081
conservation-area,government-organisation:PB1164,44004094,44004119
conservation-area,government-organisation:PB1164,44004196,44004199
conservation-area,government-organisation:PB1164,44004322,44004327
conservation-area,government-organisation:PB1164,44004329,44004329
conservation-area,government-organisation:PB1164,44004331,44004332
conservation-area,government-organisation:PB1164,44004335,44004335
conservation-area,government-organisation:PB1164,44004349,44004349
conservation-area,government-organisation:PB1164,44004421,44004422
conservation-area,government-organisation:PB1164,44004474,44004475
conservation-area,government-organisation:PB1164,44004480,44004481
conservation-area,government-organisation:PB1164,44004485,44004487
conservation-area,government-organisation:PB1164,44004499,44004523
conservation-area,government-organisation:PB1164,44004648,44004651
conservation-area,government-organisation:PB1164,44004681,44004681
conservation-area,government-organisation:PB1164,44004685,44004685
conservation-area,government-organisation:PB1164,44004687,44004721
conservation-area,government-organisation:PB1164,44004723,44004774
conservation-area,government-organisation:PB1164,44004783,44004804
conservation-area,government-organisation:PB1164,44004837,44004874
conservation-area,government-organisation:PB1164,44004967,44005025
conservation-area,government-organisation:PB1164,44005047,44005048
conservation-area,government-organisation:PB1164,44005062,44005065
conservation-area,government-organisation:PB1164,44005114,44005126
conservation-area,government-organisation:PB1164,44005184,44005185
conservation-area,government-organisation:PB1164,44005234,44005234
conservation-area,government-organisation:PB1164,44005245,44005245
conservation-area,government-organisation:PB1164,44005259,44005262
conservation-area,government-organisation:PB1164,44005272,44005272
conservation-area,government-organisation:PB1164,44005274,44005284
conservation-area,government-organisation:PB1164,44005297,44005298
conservation-area,government-organisation:PB1164,44005311,44005341
conservation-area,government-organisation:PB1164,44005346,44005352
conservation-area,government-organisation:PB1164,44005353,44005369
conservation-area,government-organisation:PB1164,44005373,44005373
conservation-area,government-organisation:PB1164,44005375,44005375
conservation-area,government-organisation:PB1164,44005395,44005421
conservation-area,government-organisation:PB1164,44005423,44005446
conservation-area,government-organisation:PB1164,44005507,44005515
conservation-area,government-organisation:PB1164,44005531,44005531
conservation-area,government-organisation:PB1164,44005533,44005536
conservation-area,government-organisation:PB1164,44005570,44005570
conservation-area,government-organisation:PB1164,44005642,44005659
conservation-area,government-organisation:PB1164,44005665,44005671
conservation-area,government-organisation:PB1164,44005700,44005702
conservation-area,government-organisation:PB1164,44005720,44005739
conservation-area,government-organisation:PB1164,44005774,44005774
conservation-area,government-organisation:PB1164,44005806,44005815
conservation-area,government-organisation:PB1164,44005817,44005821
conservation-area,government-organisation:PB1164,44005867,44005867
conservation-area,government-organisation:PB1164,44005910,44005911
conservation-area,government-organisation:PB1164,44005939,44005956
conservation-area,government-organisation:PB1164,44005958,44005959
conservation-area,government-organisation:PB1164,44005961,44005998
conservation-area,government-organisation:PB1164,44006020,44006020
conservation-area,government-organisation:PB1164,44006065,44006065
conservation-area,government-organisation:PB1164,44006092,44006092
conservation-area,government-organisation:PB1164,44006099,44006118
conservation-area,government-organisation:PB1164,44006174,44006202
conservation-area,government-organisation:PB1164,44006204,44006211
conservation-area,government-organisation:PB1164,44006214,44006226
conservation-area,government-organisation:PB1164,44006235,44006235
conservation-area,government-organisation:PB1164,44006250,44006255
conservation-area,government-organisation:PB1164,44006257,44006272
conservation-area,government-organisation:PB1164,44006299,44006315
conservation-area,government-organisation:PB1164,44006337,44006362
conservation-area,government-organisation:PB1164,44006467,44006467
conservation-area,government-organisation:PB1164,44006477,44006478
conservation-area,government-organisation:PB1164,44006517,44006518
conservation-area,government-organisation:PB1164,44006523,44006523
conservation-area,government-organisation:PB1164,44006530,44006530
conservation-area,government-organisation:PB1164,44006543,44006543
conservation-area,government-organisation:PB1164,44006553,44006553
conservation-area,government-organisation:PB1164,44006598,44006622
conservation-area,government-organisation:PB1164,44006636,44006637
conservation-area,government-organisation:PB1164,44006640,44006640
conservation-area,government-organisation:PB1164,44006642,44006670
conservation-area,government-organisation:PB1164,44006679,44006680
conservation-area,government-organisation:PB1164,44006683,44006683
conservation-area,government-organisation:PB1164,44006685,44006685
conservation-area,government-organisation:PB1164,44006733,44006734
conservation-area,government-organisation:PB1164,44006771,44006773
conservation-area,government-organisation:PB1164,44006775,44006777
conservation-area,government-organisation:PB1164,44006807,44006810
conservation-area,government-organisation:PB1164,44006862,44006870
conservation-area,government-organisation:PB1164,44006952,44006952
conservation-area,government-organisation:PB1164,44006954,44006957
conservation-area,government-organisation:PB1164,44006974,44006981
conservation-area,government-organisation:PB1164,44006985,44007004
conservation-area,government-organisation:PB1164,44007006,44007012
conservation-area,government-organisation:PB1164,44007014,44007030
conservation-area,government-organisation:PB1164,44007039,44007067
conservation-area,government-organisation:PB1164,44007099,44007100
conservation-area,government-organisation:PB1164,44007103,44007106
conservation-area,government-organisation:PB1164,44007108,44007125
conservation-area,government-organisation:PB1164,44007129,44007139
conservation-area,government-organisation:PB1164,44007148,44007149
conservation-area,government-organisation:PB1164,44007310,44007315
conservation-area,government-organisation:PB1164,44007343,44007343
conservation-area,government-organisation:PB1164,44007347,44007357
conservation-area,government-organisation:PB1164,44007359,44007376
conservation-area,government-organisation:PB1164,44007961,44007963
conservation-area,government-organisation:PB1164,44008198,44008198
conservation-area,government-organisation:PB1164,44008337,44008346
conservation-area,government-organisation:PB1164,44008761,44008761
conservation-area,government-organisation:PB1164,44008774,44008774
conservation-area,government-organisation:PB1164,44008873,44008873
conservation-area,government-organisation:PB1164,44008960,44008960
conservation-area,government-organisation:PB1164,44009012,44009012
conservation-area,government-organisation:PB1164,44009193,44009202
conservation-area,government-organisation:PB1164,44009264,44009275
conservation-area,government-organisation:PB1164,44009278,44009282
conservation-area,local-authority:TOB,44002711,44002734
conservation-area,local-authority:EHA,44009283,44009324
conservation-area,local-authority:EHA,44012741,44012758
conservation-area,local-authority:SCA,44012482,44012482
conservation-area,local-authority:SCA,44012566,44012566
conservation-area,local-authority:SCA,44012568,44012648
conservation-area,local-authority:SCA,44012650,44012650
conservation-area,local-authority:CAB,44002382,44002385
conservation-area,local-authority:CAB,44003137,44003139
conservation-area,local-authority:CAB,44005700,44005700
conservation-area,local-authority:CAB,44006862,44006862
conservation-area,local-authority:CAB,44006864,44006870
conservation-area,local-authority:CAB,44012800,44012801
conservation-area,government-organisation:PB1164,44000015,44000034
conservation-area,government-organisation:PB1164,44000046,44000053
conservation-area,government-organisation:PB1164,44000076,44000079
conservation-area,government-organisation:PB1164,44000082,44000082
conservation-area,government-organisation:PB1164,44000084,44000084
conservation-area,government-organisation:PB1164,44000087,44000087
conservation-area,government-organisation:PB1164,44000089,44000091
conservation-area,government-organisation:PB1164,44000093,44000093
conservation-area,government-organisation:PB1164,44000096,44000097
conservation-area,government-organisation:PB1164,44000103,44000103
conservation-area,government-organisation:PB1164,44000124,44000173
conservation-area,government-organisation:PB1164,44000431,44000459
conservation-area,government-organisation:PB1164,44000473,44000513
conservation-area,government-organisation:PB1164,44000532,44000532
conservation-area,government-organisation:PB1164,44000535,44000535
conservation-area,government-organisation:PB1164,44000605,44000624
conservation-area,government-organisation:PB1164,44000632,44000632
conservation-area,government-organisation:PB1164,44000638,44000638
conservation-area,government-organisation:PB1164,44000641,44000641
conservation-area,government-organisation:PB1164,44000643,44000646
conservation-area,government-organisation:PB1164,44000649,44000651
conservation-area,government-organisation:PB1164,44000654,44000661
conservation-area,government-organisation:PB1164,44000758,44000779
conservation-area,government-organisation:PB1164,44000785,44000808
conservation-area,government-organisation:PB1164,44000841,44000861
conservation-area,government-organisation:PB1164,44000903,44000912
conservation-area,government-organisation:PB1164,44000914,44000925
conservation-area,government-organisation:PB1164,44000927,44000946
conservation-area,government-organisation:PB1164,44000948,44000976
conservation-area,government-organisation:PB1164,44001020,44001042
conservation-area,government-organisation:PB1164,44001108,44001108
conservation-area,government-organisation:PB1164,44001140,44001149
conservation-area,government-organisation:PB1164,44001292,44001297
conservation-area,government-organisation:PB1164,44001299,44001318
conservation-area,government-organisation:PB1164,44001357,44001364
conservation-area,government-organisation:PB1164,44001413,44001413
conservation-area,government-organisation:PB1164,44001473,44001507
conservation-area,government-organisation:PB1164,44001534,44001558
conservation-area,government-organisation:PB1164,44001564,44001574
conservation-area,government-organisation:PB1164,44001629,44001629
conservation-area,government-organisation:PB1164,44001632,44001635
conservation-area,government-organisation:PB1164,44001690,44001690
conservation-area,government-organisation:PB1164,44001708,44001712
conservation-area,government-organisation:PB1164,44001732,44001733
conservation-area,government-organisation:PB1164,44001773,44001780
conservation-area,government-organisation:PB1164,44001784,44001787
conservation-area,government-organisation:PB1164,44001794,44001796
conservation-area,government-organisation:PB1164,44001798,44001798
conservation-area,government-organisation:PB1164,44001800,44001801
conservation-area,government-organisation:PB1164,44001807,44001808
conservation-area,government-organisation:PB1164,44001810,44001810
conservation-area,government-organisation:PB1164,44001812,44001814
conservation-area,government-organisation:PB1164,44001818,44001822
conservation-area,government-organisation:PB1164,44001830,44001830
conservation-area,government-organisation:PB1164,44001832,44001832
conservation-area,government-organisation:PB1164,44001842,44001842
conservation-area,government-organisation:PB1164,44001846,44001846
conservation-area,government-organisation:PB1164,44001849,44001849
conservation-area,government-organisation:PB1164,44001876,44001876
conservation-area,government-organisation:PB1164,44001880,44001881
conservation-area,government-organisation:PB1164,44001894,44001894
conservation-area,government-organisation:PB1164,44001896,44001896
conservation-area,government-organisation:PB1164,44001899,44001901
conservation-area,government-organisation:PB1164,44001905,44001905
conservation-area,government-organisation:PB1164,44001914,44001915
conservation-area,government-organisation:PB1164,44001922,44001922
conservation-area,government-organisation:PB1164,44001925,44001925
conservation-area,government-organisation:PB1164,44001927,44001927
conservation-area,government-organisation:PB1164,44001929,44001929
conservation-area,government-organisation:PB1164,44001931,44001932
conservation-area,government-organisation:PB1164,44001938,44001938
conservation-area,government-organisation:PB1164,44001940,44001941
conservation-area,government-organisation:PB1164,44001949,44001949
conservation-area,government-organisation:PB1164,44001951,44001951
conservation-area,government-organisation:PB1164,44001957,44001957
conservation-area,government-organisation:PB1164,44001964,44001964
conservation-area,government-organisation:PB1164,44001972,44001973
conservation-area,government-organisation:PB1164,44001976,44001978
conservation-area,government-organisation:PB1164,44001980,44001982
conservation-area,government-organisation:PB1164,44001985,44001985
conservation-area,government-organisation:PB1164,44001992,44001993
conservation-area,government-organisation:PB1164,44001999,44002000
conservation-area,government-organisation:PB1164,44002008,44002008
conservation-area,government-organisation:PB1164,44002011,44002011
conservation-area,government-organisation:PB1164,44002014,44002015
conservation-area,government-organisation:PB1164,44002035,44002036
conservation-area,government-organisation:PB1164,44002042,44002042
conservation-area,government-organisation:PB1164,44002044,44002044
conservation-area,government-organisation:PB1164,44002047,44002047
conservation-area,government-organisation:PB1164,44002050,44002051
conservation-area,government-organisation:PB1164,44002054,44002054
conservation-area,government-organisation:PB1164,44002061,44002061
conservation-area,government-organisation:PB1164,44002073,44002073
conservation-area,government-organisation:PB1164,44002077,44002078
conservation-area,government-organisation:PB1164,44002080,44002081
conservation-area,government-organisation:PB1164,44002084,44002084
conservation-area,government-organisation:PB1164,44002093,44002093
conservation-area,government-organisation:PB1164,44002095,44002095
conservation-area,government-organisation:PB1164,44002097,44002099
conservation-area,government-organisation:PB1164,44002111,44002111
conservation-area,government-organisation:PB1164,44002114,44002117
conservation-area,government-organisation:PB1164,44002121,44002123
conservation-area,government-organisation:PB1164,44002125,44002128
conservation-area,government-organisation:PB1164,44002131,44002131
conservation-area,government-organisation:PB1164,44002136,44002136
conservation-area,government-organisation:PB1164,44002138,44002138
conservation-area,government-organisation:PB1164,44002140,44002140
conservation-area,government-organisation:PB1164,44002148,44002149
conservation-area,government-organisation:PB1164,44002155,44002155
conservation-area,government-organisation:PB1164,44002157,44002158
conservation-area,government-organisation:PB1164,44002176,44002176
conservation-area,government-organisation:PB1164,44002185,44002186
conservation-area,government-organisation:PB1164,44002189,44002190
conservation-area,government-organisation:PB1164,44002202,44002202
conservation-area,government-organisation:PB1164,44002206,44002207
conservation-area,government-organisation:PB1164,44002212,44002213
conservation-area,government-organisation:PB1164,44002216,44002217
conservation-area,government-organisation:PB1164,44002220,44002220
conservation-area,government-organisation:PB1164,44002222,44002223
conservation-area,government-organisation:PB1164,44002226,44002227
conservation-area,government-organisation:PB1164,44002229,44002231
conservation-area,government-organisation:PB1164,44002239,44002240
conservation-area,government-organisation:PB1164,44002248,44002248
conservation-area,government-organisation:PB1164,44002250,44002250
conservation-area,government-organisation:PB1164,44002252,44002253
conservation-area,government-organisation:PB1164,44002261,44002261
conservation-area,government-organisation:PB1164,44002266,44002266
conservation-area,government-organisation:PB1164,44002271,44002271
conservation-area,government-organisation:PB1164,44002278,44002280
conservation-area,government-organisation:PB1164,44002282,44002283
conservation-area,government-organisation:PB1164,44002288,44002288
conservation-area,government-organisation:PB1164,44002290,44002292
conservation-area,government-organisation:PB1164,44002294,44002294
conservation-area,government-organisation:PB1164,44002296,44002296
conservation-area,government-organisation:PB1164,44002302,44002302
conservation-area,government-organisation:PB1164,44002306,44002306
conservation-area,government-organisation:PB1164,44002308,44002308
conservation-area,government-organisation:PB1164,44002311,44002311
conservation-area,government-organisation:PB1164,44002313,44002314
conservation-area,government-organisation:PB1164,44002317,44002318
conservation-area,government-organisation:PB1164,44002320,44002320
conservation-area,government-organisation:PB1164,44002549,44002549
conservation-area,government-organisation:PB1164,44002551,44002560
conservation-area,government-organisation:PB1164,44002695,44002705
conservation-area,government-organisation:PB1164,44002768,44002775
conservation-area,government-organisation:PB1164,44002777,44002778
conservation-area,government-organisation:PB1164,44002783,44002784
conservation-area,government-organisation:PB1164,44002786,44002790
conservation-area,government-organisation:PB1164,44002849,44002849
conservation-area,government-organisation:PB1164,44002953,44002958
conservation-area,government-organisation:PB1164,44002960,44002974
conservation-area,government-organisation:PB1164,44002986,44002988
conservation-area,government-organisation:PB1164,44002990,44002993
conservation-area,government-organisation:PB1164,44002996,44003006
conservation-area,government-organisation:PB1164,44003042,44003068
conservation-area,government-organisation:PB1164,44003070,44003092
conservation-area,government-organisation:PB1164,44003094,44003110
conservation-area,government-organisation:PB1164,44003112,44003133
conservation-area,government-organisation:PB1164,44003136,44003136
conservation-area,government-organisation:PB1164,44003281,44003387
conservation-area,government-organisation:PB1164,44003508,44003563
conservation-area,government-organisation:PB1164,44003623,44003646
conservation-area,government-organisation:PB1164,44003678,44003678
conservation-area,government-organisation:PB1164,44003680,44003680
conservation-area,government-organisation:PB1164,44003686,44003687
conservation-area,government-organisation:PB1164,44003693,44003693
conservation-area,government-organisation:PB1164,44003699,44003699
conservation-area,government-organisation:PB1164,44003709,44003709
conservation-area,government-organisation:PB1164,44003716,44003716
conservation-area,government-organisation:PB1164,44003725,44003725
conservation-area,government-organisation:PB1164,44003727,44003727
conservation-area,government-organisation:PB1164,44003738,44003738
conservation-area,government-organisation:PB1164,44003740,44003740
conservation-area,government-organisation:PB1164,44003766,44003766
conservation-area,government-organisation:PB1164,44003785,44003785
conservation-area,government-organisation:PB1164,44003788,44003790
conservation-area,government-organisation:PB1164,44003793,44003793
conservation-area,government-organisation:PB1164,44003797,44003798
conservation-area,government-organisation:PB1164,44003803,44003803
conservation-area,government-organisation:PB1164,44003805,44003808
conservation-area,government-organisation:PB1164,44003810,44003812
conservation-area,government-organisation:PB1164,44003817,44003818
conservation-area,government-organisation:PB1164,44003822,44003823
conservation-area,government-organisation:PB1164,44003825,44003832
conservation-area,government-organisation:PB1164,44003834,44003834
conservation-area,government-organisation:PB1164,44003836,44003851
conservation-area,government-organisation:PB1164,44003857,44003878
conservation-area,government-organisation:PB1164,44003881,44003890
conservation-area,government-organisation:PB1164,44003893,44003903
conservation-area,government-organisation:PB1164,44003906,44003906
conservation-area,government-organisation:PB1164,44003908,44003909
conservation-area,government-organisation:PB1164,44003912,44003912
conservation-area,government-organisation:PB1164,44003914,44003914
conservation-area,government-organisation:PB1164,44003920,44003966
conservation-area,government-organisation:PB1164,44004128,44004188
conservation-area,government-organisation:PB1164,44004193,44004193
conservation-area,government-organisation:PB1164,44004195,44004195
conservation-area,government-organisation:PB1164,44004200,44004201
conservation-area,government-organisation:PB1164,44004203,44004203
conservation-area,government-organisation:PB1164,44004206,44004206
conservation-area,government-organisation:PB1164,44004211,44004228
conservation-area,government-organisation:PB1164,44004234,44004240
conservation-area,government-organisation:PB1164,44004253,44004290
conservation-area,government-organisation:PB1164,44004292,44004312
conservation-area,government-organisation:PB1164,44004314,44004321
conservation-area,government-organisation:PB1164,44004340,44004348
conservation-area,government-organisation:PB1164,44004476,44004479
conservation-area,government-organisation:PB1164,44004490,44004491
conservation-area,government-organisation:PB1164,44004494,44004494
conservation-area,government-organisation:PB1164,44004496,44004496
conservation-area,government-organisation:PB1164,44004498,44004498
conservation-area,government-organisation:PB1164,44004524,44004527
conservation-area,government-organisation:PB1164,44004536,44004536
conservation-area,government-organisation:PB1164,44004540,44004540
conservation-area,government-organisation:PB1164,44004629,44004647
conservation-area,government-organisation:PB1164,44004652,44004680
conservation-area,government-organisation:PB1164,44004682,44004684
conservation-area,government-organisation:PB1164,44004686,44004686
conservation-area,government-organisation:PB1164,44004775,44004782
conservation-area,government-organisation:PB1164,44004805,44004832
conservation-area,government-organisation:PB1164,44004836,44004836
conservation-area,government-organisation:PB1164,44004917,44004924
conservation-area,government-organisation:PB1164,44004926,44004941
conservation-area,government-organisation:PB1164,44004966,44004966
conservation-area,government-organisation:PB1164,44005057,44005061
conservation-area,government-organisation:PB1164,44005066,44005066
conservation-area,government-organisation:PB1164,44005077,44005079
conservation-area,government-organisation:PB1164,44005127,44005141
conservation-area,government-organisation:PB1164,44005144,44005148
conservation-area,government-organisation:PB1164,44005168,44005168
conservation-area,government-organisation:PB1164,44005189,44005194
conservation-area,government-organisation:PB1164,44005196,44005210
conservation-area,government-organisation:PB1164,44005212,44005231
conservation-area,government-organisation:PB1164,44005235,44005244
conservation-area,government-organisation:PB1164,44005246,44005246
conservation-area,government-organisation:PB1164,44005254,44005257
conservation-area,government-organisation:PB1164,44005264,44005271
conservation-area,government-organisation:PB1164,44005273,44005273
conservation-area,government-organisation:PB1164,44005285,44005296
conservation-area,government-organisation:PB1164,44005299,44005310
conservation-area,government-organisation:PB1164,44005376,44005376
conservation-area,government-organisation:PB1164,44005394,44005394
conservation-area,government-organisation:PB1164,44005469,44005480
conservation-area,government-organisation:PB1164,44005482,44005506
conservation-area,government-organisation:PB1164,44005530,44005530
conservation-area,government-organisation:PB1164,44005537,44005543
conservation-area,government-organisation:PB1164,44005545,44005548
conservation-area,government-organisation:PB1164,44005569,44005569
conservation-area,government-organisation:PB1164,44005571,44005587
conservation-area,government-organisation:PB1164,44005602,44005641
conservation-area,government-organisation:PB1164,44005660,44005664
conservation-area,government-organisation:PB1164,44005672,44005699
conservation-area,government-organisation:PB1164,44005741,44005768
conservation-area,government-organisation:PB1164,44005770,44005770
conservation-area,government-organisation:PB1164,44005775,44005782
conservation-area,government-organisation:PB1164,44005784,44005805
conservation-area,government-organisation:PB1164,44005912,44005933
conservation-area,government-organisation:PB1164,44005935,44005938
conservation-area,government-organisation:PB1164,44005999,44006004
conservation-area,government-organisation:PB1164,44006006,44006019
conservation-area,government-organisation:PB1164,44006021,44006049
conservation-area,government-organisation:PB1164,44006075,44006078
conservation-area,government-organisation:PB1164,44006088,44006091
conservation-area,government-organisation:PB1164,44006093,44006098
conservation-area,government-organisation:PB1164,44006119,44006119
conservation-area,government-organisation:PB1164,44006151,44006173
conservation-area,government-organisation:PB1164,44006203,44006203
conservation-area,government-organisation:PB1164,44006212,44006213
conservation-area,government-organisation:PB1164,44006273,44006278
conservation-area,government-organisation:PB1164,44006316,44006336
conservation-area,government-organisation:PB1164,44006371,44006429
conservation-area,government-organisation:PB1164,44006433,44006441
conservation-area,government-organisation:PB1164,44006473,44006474
conservation-area,government-organisation:PB1164,44006476,44006476
conservation-area,government-organisation:PB1164,44006479,44006479
conservation-area,government-organisation:PB1164,44006516,44006516
conservation-area,government-organisation:PB1164,44006524,44006524
conservation-area,government-organisation:PB1164,44006528,44006528
conservation-area,government-organisation:PB1164,44006550,44006550
conservation-area,government-organisation:PB1164,44006584,44006584
conservation-area,government-organisation:PB1164,44006623,44006635
conservation-area,government-organisation:PB1164,44006638,44006639
conservation-area,government-organisation:PB1164,44006682,44006682
conservation-area,government-organisation:PB1164,44006684,44006684
conservation-area,government-organisation:PB1164,44006687,44006687
conservation-area,government-organisation:PB1164,44006690,44006703
conservation-area,government-organisation:PB1164,44006718,44006721
conservation-area,government-organisation:PB1164,44006735,44006770
conservation-area,government-organisation:PB1164,44006778,44006784
conservation-area,government-organisation:PB1164,44006787,44006793
conservation-area,government-organisation:PB1164,44006795,44006800
conservation-area,government-organisation:PB1164,44006811,44006811
conservation-area,government-organisation:PB1164,44006813,44006813
conservation-area,government-organisation:PB1164,44006818,44006818
conservation-area,government-organisation:PB1164,44006821,44006821
conservation-area,government-organisation:PB1164,44006823,44006823
conservation-area,government-organisation:PB1164,44006828,44006832
conservation-area,government-organisation:PB1164,44006834,44006841
conservation-area,government-organisation:PB1164,44006844,44006847
conservation-area,government-organisation:PB1164,44006882,44006884
conservation-area,government-organisation:PB1164,44006890,44006890
conservation-area,government-organisation:PB1164,44006969,44006973
conservation-area,government-organisation:PB1164,44006982,44006982
conservation-area,government-organisation:PB1164,44006984,44006984
conservation-area,government-organisation:PB1164,44007037,44007038
conservation-area,government-organisation:PB1164,44007068,44007098
conservation-area,government-organisation:PB1164,44007126,44007126
conservation-area,government-organisation:PB1164,44007146,44007147
conservation-area,government-organisation:PB1164,44007230,44007230
conservation-area,government-organisation:PB1164,44007316,44007334
conservation-area,government-organisation:PB1164,44007344,44007344
conservation-area,government-organisation:PB1164,44007396,44007397
conservation-area,government-organisation:PB1164,44009277,44009277
conservation-area,government-organisation:PB1164,44009325,44009329
conservation-area,government-organisation:PB1164,44009331,44009390
conservation-area,government-organisation:PB1164,44009663,44009663
conservation-area,local-authority:SUR,44001805,44001805
conservation-area,local-authority:SUR,44001928,44001928
conservation-area,local-authority:SUR,44001936,44001936
conservation-area,local-authority:SUR,44002016,44002016
conservation-area,local-authority:SUR,44002074,44002074
conservation-area,local-authority:SUR,44002103,44002103
conservation-area,local-authority:SUR,44002310,44002310
conservation-area,local-authority:SUR,44004291,44004291
conservation-area,local-authority:WSM,44002850,44002853
conservation-area,local-authority:WSM,44002855,44002903
conservation-area,local-authority:WSM,44004092,44004093
conservation-area,local-authority:WSM,44009069,44009069
conservation-area,local-authority:SGC,44006120,44006149
conservation-area,local-authority:TAN,44001839,44001839
conservation-area,local-authority:TAN,44001885,44001885 
conservation-area,local-authority:TAN,44001935,44001935
conservation-area,local-authority:TAN,44001997,44001997 
conservation-area,local-authority:TAN,44002033,44002033 
conservation-area,local-authority:TAN,44002063,44002063  
conservation-area,local-authority:TAN,44002119,44002119 
conservation-area,local-authority:TAN,44002141,44002141 
conservation-area,local-authority:TAN,44002180,44002180 
conservation-area,local-authority:TAN,44002208,44002208
conservation-area,local-authority:TAN,44002210,44002210 
conservation-area,local-authority:TAN,44002263,44002263
conservation-area,local-authority:TAN,44002300,44002300 
conservation-area,local-authority:TAN,44002307,44002307
conservation-area,local-authority:TAN,44004229,44004233
conservation-area,local-authority:WRL,44000662,44000662
conservation-area,local-authority:WRL,44013307,44013331
conservation-area,local-authority:BRO,44001397,44001403
conservation-area,local-authority:BRO,44004528,44004533
conservation-area,local-authority:BRO,44013334,44013336
conservation-area,local-authority:BRO,44013340,44013340
conservation-area,local-authority:BRO,44013343,44013343
conservation-area,local-authority:BRO,44013345,44013345
conservation-area,local-authority:BRO,44013347,44013349
conservation-area,local-authority:BRO,44013353,44013357
conservation-area,local-authority:BRO,44013359,44013363
conservation-area,local-authority:SNO,44001106,44001107
conservation-area,local-authority:SNO,44001683,44001683
conservation-area,local-authority:SNO,44001686,44001686
conservation-area,local-authority:SNO,44001691,44001692
conservation-area,local-authority:SNO,44001694,44001695
conservation-area,local-authority:SNO,44001697,44001697
conservation-area,local-authority:SNO,44001702,44001702
conservation-area,local-authority:SNO,44001704,44001704
conservation-area,local-authority:SNO,44001706,44001706
conservation-area,local-authority:SNO,44001781,44001782
conservation-area,local-authority:SNO,44006080,44006080
conservation-area,local-authority:SNO,44006083,44006084
conservation-area,local-authority:SNO,44006086,44006086
conservation-area,local-authority:SNO,44006526,44006527
conservation-area,local-authority:SNO,44013364,44013365
conservation-area,local-authority:SNO,44013367,44013376
conservation-area,local-authority:SNO,44013378,44013379
conservation-area,local-authority:SNO,44013381,44013381
conservation-area,local-authority:SNO,44013383,44013386
conservation-area,local-authority:SNO,44013389,44013390
conservation-area,local-authority:SNO,44013392,44013392
conservation-area,local-authority:SNO,44013394,44013403
conservation-area,local-authority:SNO,44013405,44013405
conservation-area,local-authority:SNO,44013407,44013409
conservation-area,local-authority:SNO,44013412,44013418
conservation-area,local-authority:SNO,44013420,44013420
conservation-area,local-authority:SNO,44013423,44013426
conservation-area,local-authority:SNO,44013428,44013429
conservation-area,local-authority:SNO,44013432,44013436
conservation-area,local-authority:SNO,44013438,44013438
conservation-area,local-authority:SNO,44013440,44013447
conservation-area,local-authority:WFT,44003424,44003434
conservation-area,local-authority:WFT,44006546,44006548
conservation-area,local-authority:WFT,44013449,44013449
conservation-area,local-authority:TWH,6313836,6313893
conservation-area,national-park-authority:Q72617158,44005377,44005393
conservation-area,national-park-authority:Q72617158,44006961,44006961
conservation-area,national-park-authority:Q72617158,44007335,44007336
conservation-area-document,national-park-authority:Q72617158,6313894,6314026
conservation-area,local-authority:WRL,44013322,44013322
conservation-area,local-authority:SPE,44013556,44013563
conservation-area,local-authority:NBL,44013564,44013633
conservation-area,local-authority:DST,44013634,44013944
conservation-area,local-authority:MAI,44013945,44013997
conservation-area,local-authority:ADU,44013998,44014004
conservation-area,local-authority:WOT,44014005,44014031
conservation-area,local-authority:SFT,44014032,44014056
conservation-area,government-organisation:PB1164,44014057,44014120
conservation-area,local-authority:MIK,44014121,44014147
conservation-area,local-authority:EHE,44014173,44014214
conservation-area,local-authority:GRY,44009682,44009682
conservation-area,local-authority:SNO,44013373,44013441
conservation-area,local-authority:WAE,44014249,44014288
conservation-area,local-authority:BUC,44009433,44010553
conservation-area,local-authority:MIK,44014121,44014131
conservation-area,local-authority:SEG,44007872,44007872
conservation-area,local-authority:MAL,44007825,44007825
conservation-area,local-authority:BRO,44013357,44013357
conservation-area,local-authority:CAR,44009143,44009143
conservation-area,local-authority:EHA,44012758,44012758
conservation-area,local-authority:WEA,44014215,44014246
conservation-area-document,local-authority:LIV,6314027,6314062
conservation-area,local-authority:LIV,44014307,44014342
conservation-area,local-authority:BUC,44009470,44012804
conservation-area,government-organisation:PB1164,44003758,44014067
conservation-area,local-authority:ENF,44010272,44010295
conservation-area,local-authority:HMF,44008746,44012337
conservation-area,local-authority:LBH,44008834,44008834
conservation-area,local-authority:SWK,44010257,44010257
conservation-area,local-authority:TWH,44009090,44009090
conservation-area,local-authority:KEC,44012759,44012798
conservation-area,local-authority:SFT,44014148,44014172
conservation-area,local-authority:WAE,44014248,44014287
conservation-area,government-organisation:D1342,44010461,44010461
conservation-area,government-organisation:PB1164,44010553,44010553
conservation-area,government-organisation:PB1164,44014120,44014120
conservation-area,local-authority:BRY,44009026,44009026
conservation-area,local-authority:BRY,44009036,44009036
conservation-area,local-authority:BUC,44010474,44010474
conservation-area,local-authority:EHA,44012758,44012758
conservation-area,local-authority:KTT,44009068,44009068
conservation-area,local-authority:SFT,44014149,44014172
conservation-area,local-authority:WAE,44014248,44014248
conservation-area,local-authority:WAE,44014252,44014252
conservation-area,local-authority:WAE,44014259,44014259
conservation-area,local-authority:WAE,44014275,44014275
conservation-area,local-authority:WAE,44014283,44014283
conservation-area,local-authority:WAE,44014283,44014283
conservation-area-document,development-corporation:Q20648596,6310284,6310287
conservation-area-document,development-corporation:Q6670544,6305657,6305666
conservation-area-document,local-authority:ADU,6301237,6301248
conservation-area-document,local-authority:ALL,6303526,6303567
conservation-area-document,local-authority:AMB,6303641,6303697
conservation-area-document,local-authority:ARU,6306689,6306720
conservation-area-document,local-authority:ASF,6314063,6314106
conservation-area-document,local-authority:ASH,6302937,6302980
conservation-area-document,local-authority:AYL,6306806,6306922
conservation-area-document,local-authority:BAB,6303568,6303594
conservation-area-document,local-authority:BAE,6302685,6302750
conservation-area-document,local-authority:BAN,6306721,6306805
conservation-area-document,local-authority:BAR,6302576,6302587
conservation-area-document,local-authority:BAS,6303595,6303617
conservation-area-document,local-authority:BAS,6306595,6306595
conservation-area-document,local-authority:BBD,6306981,6307008
conservation-area-document,local-authority:BDF,6306923,6306980
conservation-area-document,local-authority:BDG,6313589,6313592
conservation-area-document,local-authority:BEN,6300514,6300559
conservation-area-document,local-authority:BEX,6303698,6303720
conservation-area-document,local-authority:BIR,6300438,6300479
conservation-area-document,local-authority:BLA,6303619,6303640
conservation-area-document,local-authority:BNE,6303262,6303301
conservation-area-document,local-authority:BNH,6307097,6307164
conservation-area-document,local-authority:BNS,6303747,6303782
conservation-area-document,local-authority:BOT,6307191,6307212
conservation-area-document,local-authority:BPC,6303944,6304037
conservation-area-document,local-authority:BPL,6307165,6307178
conservation-area-document,local-authority:BRA,6303790,6303827
conservation-area-document,local-authority:BRC,6307179,6307190
conservation-area-document,local-authority:BRD,6303828,6303943
conservation-area-document,local-authority:BRE,6307009,6307096
conservation-area-document,local-authority:BRM,6307213,6307225
conservation-area-document,local-authority:BRO,6313623,6313654
conservation-area-document,local-authority:BRT,6307226,6307241
conservation-area-document,local-authority:BRW,6303721,6303746
conservation-area-document,local-authority:BRX,6303783,6303789
conservation-area-document,local-authority:BRY,6307309,6307402
conservation-area-document,local-authority:BST,6300480,6300513
conservation-area-document,local-authority:BUN,6304038,6304057
conservation-area-document,local-authority:BUR,6307242,6307269
conservation-area-document,local-authority:CAB,6304058,6304091
conservation-area-document,local-authority:CAN,6302474,6302483
conservation-area-document,local-authority:CAR,6307270,6307308
conservation-area-document,local-authority:CAS,6300230,6300231
conservation-area-document,local-authority:CBF,6313775,6313835
conservation-area-document,local-authority:CHA,6300902,6300977
conservation-area-document,local-authority:CHE,6307476,6307627
conservation-area-document,local-authority:CHI,6307425,6307461
conservation-area-document,local-authority:CHL,6301853,6301892
conservation-area-document,local-authority:CHN,6307628,6307646
conservation-area-document,local-authority:CHO,6304173,6304190
conservation-area-document,local-authority:CHR,6304098,6304170
conservation-area-document,local-authority:CHR,6304172,6304172
conservation-area-document,local-authority:CHR,6306597,6306598
conservation-area-document,local-authority:CHS,6302112,6302135
conservation-area-document,local-authority:CHT,6307462,6307475
conservation-area-document,local-authority:CHW,6301501,6301596
conservation-area-document,local-authority:CLD,6307403,6307424
conservation-area-document,local-authority:CMD,6300096,6300157
conservation-area-document,local-authority:COL,6307667,6307714
conservation-area-document,local-authority:CON,6308009,6308154
conservation-area-document,local-authority:COP,6307715,6307722
conservation-area-document,local-authority:COT,6307723,6308008
conservation-area-document,local-authority:CRA,6300612,6300630
conservation-area-document,local-authority:CRW,6307647,6307666
conservation-area-document,local-authority:CUA,6308377,6308447
conservation-area-document,local-authority:DAL,6304191,6304224
conservation-area-document,local-authority:DAR,6304092,6304097
conservation-area-document,local-authority:DEB,6304440,6304505
conservation-area-document,local-authority:DER,6308155,6308171
conservation-area-document,local-authority:DUD,6308172,6308215
conservation-area-document,local-authority:DUR,6308251,6308376
conservation-area-document,local-authority:EAL,6308216,6308250
conservation-area-document,local-authority:EAS,6308497,6308520
conservation-area-document,local-authority:EAT,6304506,6304513
conservation-area-document,local-authority:ECA,6306644,6306688
conservation-area-document,local-authority:EDE,6302991,6303028
conservation-area-document,local-authority:EDN,6308521,6308538
conservation-area-document,local-authority:ELI,6304225,6304258
conservation-area-document,local-authority:ELM,6308448,6308496
conservation-area-document,local-authority:ENF,6302751,6302772
conservation-area-document,local-authority:EPP,6304284,6304333
conservation-area-document,local-authority:ERE,6308638,6308676
conservation-area-document,local-authority:ERY,6304334,6304439
conservation-area-document,local-authority:ESK,6308588,6308637
conservation-area-document,local-authority:EST,6304259,6304283
conservation-area-document,local-authority:EXE,6304665,6304704
conservation-area-document,local-authority:FAR,6304639,6304664
conservation-area-document,local-authority:FEN,6304514,6304533
conservation-area-document,local-authority:FOE,6304534,6304585
conservation-area-document,local-authority:FYL,6302773,6302792
conservation-area-document,local-authority:GED,6304586,6304592
conservation-area-document,local-authority:GOS,6308726,6308760
conservation-area-document,local-authority:GRA,6304593,6304638
conservation-area-document,local-authority:GRE,6302066,6302111
conservation-area-document,local-authority:GRT,6308539,6308587
conservation-area-document,local-authority:HAA,6300684,6300700
conservation-area-document,local-authority:HAE,6308677,6308725
conservation-area-document,local-authority:HAG,6304859,6304911
conservation-area-document,local-authority:HAL,6304705,6304714
conservation-area-document,local-authority:HAO,6308761,6308884
conservation-area-document,local-authority:HAR,6303029,6303048
conservation-area-document,local-authority:HAS,6304795,6304830
conservation-area-document,local-authority:HAT,6300579,6300611
conservation-area-document,local-authority:HAV,6304777,6304794
conservation-area-document,local-authority:HEF,6308947,6309073
conservation-area-document,local-authority:HER,6304831,6304858
conservation-area-document,local-authority:HIG,6304715,6304776
conservation-area-document,local-authority:HIL,6308885,6308946
conservation-area-document,local-authority:HIN,6304989,6305037
conservation-area-document,local-authority:HMF,6309074,6309158
conservation-area-document,local-authority:HPL,6304912,6304927
conservation-area-document,local-authority:HRW,6300701,6300757
conservation-area-document,local-authority:HRY,6314648,6314675
conservation-area-document,local-authority:HUN,6309159,6309251
conservation-area-document,local-authority:HYN,6304969,6304988
conservation-area-document,local-authority:IOS,6300978,6300978
conservation-area-document,local-authority:IOW,6301007,6301102
conservation-area-document,local-authority:IPS,6304928,6304942
conservation-area-document,local-authority:ISL,6301418,6301458
conservation-area-document,local-authority:KEC,6302866,6302936
conservation-area-document,local-authority:KHL,6304943,6304968
conservation-area-document,local-authority:KIN,6309453,6309499
conservation-area-document,local-authority:KIR,6309295,6309412
conservation-area-document,local-authority:KWL,6302051,6302065
conservation-area-document,local-authority:LAC,6302513,6302575
conservation-area-document,local-authority:LCE,6303317,6303349
conservation-area-document,local-authority:LDS,6301893,6302050
conservation-area-document,local-authority:LEE,6309252,6309294
conservation-area-document,local-authority:LEW,6302588,6302644
conservation-area-document,local-authority:LIC,6305038,6305059
conservation-area-document,local-authority:LIF,6309413,6309452
conservation-area-document,local-authority:LIV,6314027,6314062
conservation-area-document,local-authority:LUT,6309500,6309509
conservation-area-document,local-authority:MAI,6301597,6301678
conservation-area-document,local-authority:MAL,6309630,6309659
conservation-area-document,local-authority:MAN,6305237,6305300
conservation-area-document,local-authority:MAS,6305154,6305164
conservation-area-document,local-authority:MAV,6301459,6301500
conservation-area-document,local-authority:MDB,6305221,6305236
conservation-area-document,local-authority:MDE,6301751,6301852
conservation-area-document,local-authority:MEL,6301103,6301188
conservation-area-document,local-authority:MEN,6309510,6309512
conservation-area-document,local-authority:MOL,6309660,6309689
conservation-area-document,local-authority:MRT,6305165,6305220
conservation-area-document,local-authority:MSS,6309594,6309629
conservation-area-document,local-authority:MSU,6305301,6305331
conservation-area-document,local-authority:NBL,6314133,6314382
conservation-area-document,local-authority:NDE,6309513,6309593
conservation-area-document,local-authority:NEA,6305060,6305153
conservation-area-document,local-authority:NEC,6305428,6305469
conservation-area-document,local-authority:NEL,6305354,6305383
conservation-area-document,local-authority:NEW,6303369,6303525
conservation-area-document,local-authority:NGM,6301249,6301345
conservation-area-document,local-authority:NHE,6309878,6309962
conservation-area-document,local-authority:NKE,6310015,6310088
conservation-area-document,local-authority:NLN,6300045,6300061
conservation-area-document,local-authority:NNO,6309711,6309877
conservation-area-document,local-authority:NOW,6302495,6302512
conservation-area-document,local-authority:NTY,6314623,6314647
conservation-area-document,local-authority:NUN,6305402,6305406
conservation-area-document,local-authority:NWA,6309690,6309710
conservation-area-document,local-authority:NWL,6309963,6310014
conservation-area-document,local-authority:NWM,6310199,6310216
conservation-area-document,local-authority:OAD,6305384,6305401
conservation-area-document,local-authority:OLD,6310163,6310198
conservation-area-document,local-authority:OXO,6310089,6310112
conservation-area-document,local-authority:PEN,6305332,6305353
conservation-area-document,local-authority:PLY,6303302,6303316
conservation-area-document,local-authority:POR,6310113,6310162
conservation-area-document,local-authority:PRE,6303049,6303067
conservation-area-document,local-authority:PTE,6300158,6300213
conservation-area-document,local-authority:RCC,6310739,6310755
conservation-area-document,local-authority:RCH,6313504,6313532
conservation-area-document,local-authority:RDB,6305625,6305656
conservation-area-document,local-authority:RDG,6305564,6305578
conservation-area-document,local-authority:RED,6300900,6300901
conservation-area-document,local-authority:REI,6310466,6310486
conservation-area-document,local-authority:RIB,6305520,6305563
conservation-area-document,local-authority:RIC,6310342,6310465
conservation-area-document,local-authority:RIH,6310896,6310936
conservation-area-document,local-authority:ROC,6305876,6305886
conservation-area-document,local-authority:ROH,6300214,6300229
conservation-area-document,local-authority:ROS,6300062,6300095
conservation-area-document,local-authority:ROT,6305715,6305770
conservation-area-document,local-authority:RUG,6300560,6300578
conservation-area-document,local-authority:RUH,6302981,6302990
conservation-area-document,local-authority:RUN,6310756,6310770
conservation-area-document,local-authority:RUS,6310937,6310999
conservation-area-document,local-authority:RUT,6305808,6305875
conservation-area-document,local-authority:RYE,6310813,6310895
conservation-area-document,local-authority:SAL,6300000,6300044
conservation-area-document,local-authority:SAW,6313739,6313759
conservation-area-document,local-authority:SBU,6310771,6310812
conservation-area-document,local-authority:SCA,6314530,6314613
conservation-area-document,local-authority:SCE,6311172,6311201
conservation-area-document,local-authority:SDE,6305693,6305714
conservation-area-document,local-authority:SEL,6311124,6311171
conservation-area-document,local-authority:SEV,6300758,6300831
conservation-area-document,local-authority:SFT,6314394,6314467
conservation-area-document,local-authority:SGC,6313593,6313622
conservation-area-document,local-authority:SHA,6302196,6302289
conservation-area-document,local-authority:SHE,6311082,6311123
conservation-area-document,local-authority:SHF,6311013,6311081
conservation-area-document,local-authority:SHN,6311000,6311012
conservation-area-document,local-authority:SHO,6305667,6305692
conservation-area-document,local-authority:SHR,6311310,6311511
conservation-area-document,local-authority:SKE,6301189,6301236
conservation-area-document,local-authority:SKP,6305931,6305977
conservation-area-document,local-authority:SLA,6305978,6305997
conservation-area-document,local-authority:SLF,6314110,6314132
conservation-area-document,local-authority:SLG,6305998,6306002
conservation-area-document,local-authority:SND,6306003,6306013
conservation-area-document,local-authority:SNO,6313655,6313738
conservation-area-document,local-authority:SOL,6302645,6302684
conservation-area-document,local-authority:SOS,6311202,6311222
conservation-area-document,local-authority:SOX,6311512,6311625
conservation-area-document,local-authority:SPE,6314614,6314622
conservation-area-document,local-authority:SRI,6306014,6306021
conservation-area-document,local-authority:SSO,6311223,6311309
conservation-area-document,local-authority:SST,6303350,6303368
conservation-area-document,local-authority:STA,6311626,6311683
conservation-area-document,local-authority:STE,6305887,6305930
conservation-area-document,local-authority:STF,6311903,6311936
conservation-area-document,local-authority:STH,6306040,6306054
conservation-area-document,local-authority:STN,6302188,6302195
conservation-area-document,local-authority:STO,6311684,6311725
conservation-area-document,local-authority:STR,6311937,6312088
conservation-area-document,local-authority:STT,6306022,6306032
conservation-area-document,local-authority:STV,6306033,6306039
conservation-area-document,local-authority:STY,6306168,6306178
conservation-area-document,local-authority:SUA,6311782,6311902
conservation-area-document,local-authority:SUR,6314383,6314393
conservation-area-document,local-authority:SWD,6311726,6311781
conservation-area-document,local-authority:SWL,6312159,6312239
conservation-area-document,local-authority:SWT,6306055,6306153
conservation-area-document,local-authority:TAM,6301346,6301363
conservation-area-document,local-authority:TAW,6306154,6306167
conservation-area-document,local-authority:TEI,6312124,6312158
conservation-area-document,local-authority:TEN,6314510,6314529
conservation-area-document,local-authority:TES,6312240,6312292
conservation-area-document,local-authority:TFW,6312293,6312308
conservation-area-document,local-authority:THA,6300631,6300683
conservation-area-document,local-authority:THE,6312089,6312123
conservation-area-document,local-authority:THR,6306261,6306274
conservation-area-document,local-authority:TOB,6306599,6306643
conservation-area-document,local-authority:TON,6312514,6312573
conservation-area-document,local-authority:TOR,6306298,6306337
conservation-area-document,local-authority:TUN,6303068,6303117
conservation-area-document,local-authority:TWH,6313836,6313893
conservation-area-document,local-authority:UTT,6312452,6312513
conservation-area-document,local-authority:VAL,6312309,6312403
conservation-area-document,local-authority:WAE,6314468,6314509
conservation-area-document,local-authority:WAT,6306215,6306224
conservation-area-document,local-authority:WAW,6312574,6312602
conservation-area-document,local-authority:WDE,6312404,6312451
conservation-area-document,local-authority:WEA,6312641,6312712
conservation-area-document,local-authority:WEW,6312834,6312843
conservation-area-document,local-authority:WFT,6313760,6313774
conservation-area-document,local-authority:WFUA,6312603,6312640
conservation-area-document,local-authority:WGN,6306275,6306297
conservation-area-document,local-authority:WIL,6312713,6312833
conservation-area-document,local-authority:WIN,6312844,6312878
conservation-area-document,local-authority:WKF,6302484,6302494
conservation-area-document,local-authority:WLA,6300979,6301006
conservation-area-document,local-authority:WLI,6313400,6313424
conservation-area-document,local-authority:WLL,6306179,6306214
conservation-area-document,local-authority:WLV,6313166,6313196
conservation-area-document,local-authority:WND,6313197,6313286
conservation-area-document,local-authority:WNM,6302136,6302187
conservation-area-document,local-authority:WNUA,6312933,6313165
conservation-area-document,local-authority:WOC,6306225,6306260
conservation-area-document,local-authority:WOI,6312879,6312932
conservation-area-document,local-authority:WOK,6301364,6301417
conservation-area-document,local-authority:WOT,6302448,6302473
conservation-area-document,local-authority:WOX,6306463,6306564
conservation-area-document,local-authority:WRL,6303118,6303261
conservation-area-document,local-authority:WRL,6313503,6313503
conservation-area-document,local-authority:WRL,6314107,6314109
conservation-area-document,local-authority:WRT,6306565,6306579
conservation-area-document,local-authority:WRT,6306596,6306596
conservation-area-document,local-authority:WSK,6306338,6306433
conservation-area-document,local-authority:WSM,6313533,6313588
conservation-area-document,local-authority:WYC,6313287,6313399
conservation-area-document,local-authority:WYE,6306434,6306462
conservation-area-document,local-authority:WYO,6313425,6313502
conservation-area-document,local-authority:WYR,6306581,6306594
conservation-area-document,national-park-authority:Q20198711,6310288,6310304
conservation-area-document,national-park-authority:Q27159704,6305579,6305624
conservation-area-document,national-park-authority:Q27178932,6310305,6310341
conservation-area-document,national-park-authority:Q4972284,6310217,6310266
conservation-area-document,national-park-authority:Q5225646,6305470,6305519
conservation-area-document,national-park-authority:Q72617158,6313894,6314026
conservation-area-document,national-park-authority:Q72617669,6310267,6310283
conservation-area-document,national-park-authority:Q72617784,6310487,6310520
conservation-area-document,national-park-authority:Q72617988,6310521,6310738


