old-entity,status,entity,end-date,notes,entry-date,start-date
44000536,301,44006677,,,,
44000549,301,44008664,,,,
44000550,301,44008665,,,,
44000551,301,44008357,,,,
44000552,301,44008358,,,,
44000553,301,44008359,,,,
44000564,301,44008673,,,,
44000554,301,44008360,,,,
44000555,301,44008685,,,,
44000556,301,44008686,,,,
44000557,301,44008687,,,,
44000569,301,44008694,,,,
44000558,301,44009106,,,,
44000559,301,44008375,,,,
44000560,301,44008688,,,,
44000561,301,44008689,,,,
44000562,301,44008671,,,,
44000563,301,44008672,,,,
44000565,301,44008291,,,,
44000566,301,44008690,,,,
44000567,301,44008388,,,,
44000568,301,44008691,,,,
44000570,301,44008676,,,,
44000571,301,44008692,,,,
44000572,301,44008693,,,,
44002803,301,44008960,,,,
44005374,301,44008198,,,,
44000378,301,44007961,,,,
44000379,301,44007962,,,,
44000382,301,44007963,,,,
44000460,301,44009664,,,,
44000461,301,44009665,,,,
44000462,301,44009666,,,,
44000463,301,44009667,,,,
44000464,301,44009668,,,,
44000465,301,44009669,,,,
44000466,301,44009670,,,,
44000467,301,44009671,,,,
44000468,301,44009672,,,,
44000469,301,44009673,,,,
44000470,301,44009674,,,,
44000471,301,44009675,,,,
44000472,301,44009676,,,,
44000579,301,44009928,,,,
44000580,301,44009929,,,,
44000996,301,44009144,,,,
44001386,301,44009688,,,,
44001387,301,44009689,,,,
44001388,301,44009690,,,,
44001389,301,44009691,,,,
44001390,301,44009692,,,,
44001391,301,44009693,,,,
44001392,301,44009694,,,,
44001394,301,44009695,,,,
44001395,301,44009697,,,,
44001396,301,44009696,,,,
44001618,301,44007968,,,,
44001619,301,44007970,,,,
44001791,301,44008645,,,,
44001792,301,44010022,,,,
44001809,301,44008654,,,,
44001823,301,44009808,,,,
44001824,301,44009992,,,,
44001825,301,44010027,,,,
44001827,301,44010066,,,,
44001829,301,44010054,,,,
44001833,301,44009998,,,,
44001837,301,44010019,,,,
44001841,301,44010008,,,,
44001853,301,44009995,,,,
44001856,301,44010048,,,,
44001866,301,44009823,,,,
44001875,301,44010039,,,,
44001883,301,44010034,,,,
44001884,301,44008649,,,,
44001886,301,44008653,,,,
44001895,301,44010025,,,,
44001897,301,44009812,,,,
44001909,301,44009996,,,,
44001911,301,44010026,,,,
44001921,301,44010013,,,,
44001944,301,44010047,,,,
44001946,301,44010012,,,,
44001947,301,44010031,,,,
44001953,301,44010011,,,,
44001955,301,44008650,,,,
44001970,301,44010003,,,,
44001986,301,44009814,,,,
44001990,301,44009826,,,,
44002013,301,44009993,,,,
44002029,301,44009825,,,,
44002034,301,44008651,,,,
44002045,301,44010058,,,,
44002057,301,44008652,,,,
44002065,301,44010073,,,,
44002082,301,44010006,,,,
44002083,301,44010018,,,,
44002100,301,44010061,,,,
44002101,301,44010046,,,,
44002104,301,44009984,,,,
44002106,301,44010030,,,,
44002129,301,44010067,,,,
44002133,301,44010056,,,,
44002135,301,44010059,,,,
44002156,301,44009822,,,,
44002162,301,44010044,,,,
44002166,301,44009805,,,,
44002168,301,44010029,,,,
44002169,301,44010051,,,,
44002170,301,44009985,,,,
44002173,301,44010040,,,,
44002179,301,44009989,,,,
44002182,301,44009811,,,,
44002184,301,44010023,,,,
44002192,301,44010062,,,,
44002194,301,44009806,,,,
44002204,301,44010017,,,,
44002205,301,44010001,,,,
44002214,301,44009824,,,,
44002218,301,44010060,,,,
44002219,301,44010063,,,,
44002221,301,44009827,,,,
44002241,301,44010037,,,,
44002257,301,44010045,,,,
44002260,301,44010024,,,,
44002269,301,44009807,,,,
44002273,301,44009813,,,,
44002281,301,44010028,,,,
44002287,301,44010033,,,,
44002297,301,44008647,,,,
44002298,301,44009810,,,,
44002301,301,44010000,,,,
44002316,301,44010004,,,,
44002429,301,44008924,,,,
44002430,301,44008848,,,,
44002451,301,44009077,,,,
44002597,301,44009594,,,,
44002799,301,44008761,,,,
44002806,301,44008774,,,,
44002809,301,44008873,,,,
44002816,301,44008718,,,,
44002820,301,44008853,,,,
44002833,301,44009025,,,,
44002835,301,44009023,,,,
44002838,301,44009016,,,,
44002839,301,44009096,,,,
44002841,301,44008981,,,,
44002845,301,44009022,,,,
44002847,301,44009101,,,,
44002848,301,44009028,,,,
44002854,301,44009069,,,,
44003011,301,44007919,,,,
44003017,301,44007922,,,,
44003019,301,44007921,,,,
44003389,301,44007871,,,,
44003412,301,44008758,,,,
44003414,301,44009063,,,,
44003469,301,44009009,,,,
44003482,301,44009010,,,,
44003486,301,44009011,,,,
44003651,301,44008596,,,,
44003655,301,44008597,,,,
44003664,301,44008598,,,,
44003668,301,44008599,,,,
44003671,301,44008600,,,,
44004120,301,44009804,,,,
44004121,301,44009820,,,,
44004122,301,44009819,,,,
44004123,301,44009821,,,,
44004124,301,44009818,,,,
44004125,301,44009817,,,,
44004126,301,44009816,,,,
44004127,301,44009815,,,,
44004189,301,44010074,,,,
44004190,301,44010075,,,,
44004192,301,44010076,,,,
44004387,301,44009140,,,,
44004943,301,44007677,,,,
44005106,301,44007670,,,,
44005108,301,44007671,,,,
44005422,301,44009012,,,,
44005823,301,44007426,,,,
44005829,301,44007421,,,,
44005840,301,44007422,,,,
44005844,301,44007427,,,,
44005847,301,44007423,,,,
44005851,301,44007428,,,,
44005865,301,44007429,,,,
44005869,301,44007430,,,,
44005870,301,44007431,,,,
44005871,301,44007424,,,,
44005874,301,44007432,,,,
44005877,301,44007433,,,,
44005879,301,44007434,,,,
44005884,301,44007425,,,,
44005899,301,44007435,,,,
44005904,301,44007436,,,,
44005907,301,44007437,,,,
44005908,301,44007438,,,,
44006230,301,44008762,,,,
44006475,301,44009677,,,,
44006480,301,44009105,,,,
44006556,301,44007874,,,,
44006558,301,44007877,,,,
44006561,301,44007878,,,,
44006566,301,44007880,,,,
44006567,301,44007881,,,,
44006573,301,44007884,,,,
44006574,301,44007885,,,,
44006585,301,44007879,,,,
44006688,301,44009071,,,,
44006689,301,44009809,,,,
44006704,301,44009085,,,,
44006705,301,44009087,,,,
44006708,301,44009083,,,,
44006710,301,44009086,,,,
44006715,301,44009078,,,,
44006786,301,44009081,,,,
44006801,301,44009075,,,,
44006806,301,44009065,,,,
44006860,301,44008828,,,,
44006861,301,44008587,,,,
44006886,301,44009064,,,,
44006887,301,44009070,,,,
44006889,301,44009062,,,,
44006925,301,44008881,,,,
44006968,301,44007897,,,,
44006983,301,44007894,,,,
44007143,301,44009042,,,,
44007345,301,44007893,,,,
44007346,301,44007895,,,,
44009931,301,44008291,,,,
44008298,301,44009983,,,,
44008299,301,44009986,,,,
44008300,301,44009987,,,,
44008301,301,44009988,,,,
44008302,301,44009990,,,,
44008303,301,44009991,,,,
44008304,301,44009994,,,,
44008305,301,44009997,,,,
44008306,301,44009999,,,,
44008307,301,44010002,,,,
44008308,301,44010005,,,,
44008309,301,44010007,,,,
44008310,301,44010009,,,,
44008311,301,44010010,,,,
44008312,301,44010014,,,,
44008313,301,44010015,,,,
44008314,301,44010016,,,,
44008315,301,44010020,,,,
44008316,301,44010021,,,,
44008317,301,44010032,,,,
44008318,301,44010035,,,,
44008319,301,44010036,,,,
44008320,301,44010038,,,,
44008321,301,44010041,,,,
44008322,301,44010042,,,,
44008323,301,44010043,,,,
44008326,301,44010052,,,,
44008327,301,44010053,,,,
44008328,301,44010055,,,,
44008329,301,44010057,,,,
44008330,301,44010065,,,,
44008331,301,44010068,,,,
44008332,301,44010069,,,,
44008333,301,44010072,,,,
44008336,301,44010079,,,,
44008349,301,44009889,,,,
44009901,301,44008357,,,,
44009902,301,44008358,,,,
44009903,301,44008359,,,,
44009904,301,44008360,,,,
44008370,301,44009924,,,,
44008371,301,44009925,,,,
44008372,301,44009926,,,,
44008373,301,44009927,,,,
44009909,301,44008375,,,,
44008376,301,44009923,,,,
44009916,301,44008388,,,,
44009276,301,44008591,,,,
44008662,301,44009897,,,,
44009899,301,44008664,,,,
44009900,301,44008665,,,,
44009912,301,44008671,,,,
44009913,301,44008672,,,,
44009914,301,44008673,,,,
44009919,301,44008676,,,,
44008679,301,44009922,,,,
44008681,301,44009930,,,,
44009905,301,44008685,,,,
44009906,301,44008686,,,,
44009907,301,44008687,,,,
44009910,301,44008688,,,,
44009911,301,44008689,,,,
44009915,301,44008690,,,,
44009917,301,44008691,,,,
44009920,301,44008692,,,,
44009921,301,44008693,,,,
44009918,301,44008694,,,,
44009908,301,44009106,,,,
44009146,301,44009887,,,,
44009147,301,44009888,,,,
44009148,301,44009890,,,,
44009149,301,44009891,,,,
44009150,301,44009892,,,,
44009151,301,44009893,,,,
44009152,301,44009894,,,,
44009153,301,44009896,,,,
44009156,301,44009898,,,,
44002365,301,44007441,,,,
44006363,301,44010125,,,,
44000694,301,44010126,,,,
44000690,301,44010127,,,,
44000698,301,44010128,,,,
44000695,301,44010129,,,,
44004835,301,44010131,,,,
44000696,301,44010132,,,,
44000697,301,44010133,,,,
44000689,301,44010134,,,,
44009974,410,,,,,
44005711,301,44010208,,,,
44005712,301,44010209,,,,
44005713,301,44010210,,,,
44005714,301,44010211,,,,
44005716,301,44010213,,,,
44005717,301,44010214,,,,
44005718,301,44010215,,,,
44005719,301,44010216,,,,
44002541,301,44010207,,,,
44002542,301,44010185,,,,
44002543,301,44010180,,,,
44002544,301,44010206,,,,
44002545,301,44010189,,,,
44002546,301,44010182,,,,
44002547,301,44010193,,,,
44004601,301,44010197,,,,
44004602,301,44010201,,,,
44004603,301,44010187,,,,
44004604,301,44010196,,,,
44004605,301,44010191,,,,
44004606,301,44010194,,,,
44004607,301,44010195,,,,
44004608,301,44010181,,,,
44004609,301,44010205,,,,
44004610,301,44010192,,,,
44004611,301,44010203,,,,
44004612,301,44010204,,,,
44004613,301,44010200,,,,
44004614,301,44010183,,,,
44004615,301,44010198,,,,
44004616,301,44010199,,,,
44004617,301,44010184,,,,
44004618,301,44010188,,,,
44004619,301,44010190,,,,
44006050,301,44010202,,,,
44006051,301,44010186,,,,
44002349,301,44010245,,,,
44002350,301,44010242,,,,
44002351,301,44010247,,,,
44002352,301,44010228,,,,
44002353,301,44010250,,,,
44002354,301,44010231,,,,
44002355,301,44010218,,,,
44002356,301,44010227,,,,
44002357,301,44010230,,,,
44002358,301,44010226,,,,
44002359,301,44010239,,,,
44002360,301,44010249,,,,
44002361,301,44010229,,,,
44002362,301,44010224,,,,
44002363,301,44010251,,,,
44002364,301,44010246,,,,
44002366,301,44010233,,,,
44002367,301,44010235,,,,
44002368,301,44010236,,,,
44002369,301,44010221,,,,
44002370,301,44010243,,,,
44002371,301,44010220,,,,
44002372,301,44010234,,,,
44002373,301,44010225,,,,
44002374,301,44010219,,,,
44002375,301,44010252,,,,
44002376,301,44010241,,,,
44002377,301,44010244,,,,
44002378,301,44010240,,,,
44002379,301,44010248,,,,
44002380,301,44010238,,,,
44002381,301,44010217,,,,
44004078,301,44010253,,,,
44004079,301,44010254,,,,
44004080,301,44010255,,,,
44006536,301,44010262,,,,
44006537,301,44010261,,,,
44006538,301,44010260,,,,
44006539,301,44010263,,,,
44006540,301,44010258,,,,
44006541,301,44010256,,,,
44006542,301,44010259,,,,
44006871,301,44010223,,,,
44006872,301,44010257,,,,
44006873,301,44010237,,,,
44007440,301,44010222,,,,
44000589,301,44010146,,,,
44006785,301,44010177,,,,
44006891,301,44010142,,,,
44006892,301,44010171,,,,
44006893,301,44010143,,,,
44006894,301,44010144,,,,
44006895,301,44010147,,,,
44006896,301,44010172,,,,
44006897,301,44010148,,,,
44006898,301,44010149,,,,
44006899,301,44010150,,,,
44006900,301,44010152,,,,
44006901,301,44010176,,,,
44006902,301,44010153,,,,
44006903,301,44010174,,,,
44006906,301,44010155,,,,
44006907,301,44010173,,,,
44006908,301,44010156,,,,
44006909,301,44010157,,,,
44006910,301,44010158,,,,
44006911,301,44010159,,,,
44006912,301,44010160,,,,
44006913,301,44010161,,,,
44006914,301,44010162,,,,
44006916,301,44010163,,,,
44006917,301,44010164,,,,
44006918,301,44010166,,,,
44006920,301,44010167,,,,
44001139,301,44009684,,,,
44006915,301,44010178,,,,
44007891,410,,,ESK entity from endpoint with duplicated reference values,,
44007892,410,,,ESK entity from endpoint with duplicated reference values,,
44007893,410,,,ESK entity from endpoint with duplicated reference values,,
44007894,410,,,ESK entity from endpoint with duplicated reference values,,
44007895,410,,,ESK entity from endpoint with duplicated reference values,,
44007896,410,,,ESK entity from endpoint with duplicated reference values,,
44007897,410,,,ESK entity from endpoint with duplicated reference values,,
44007898,410,,,ESK entity from endpoint with duplicated reference values,,
44007899,410,,,ESK entity from endpoint with duplicated reference values,,
44007900,410,,,ESK entity from endpoint with duplicated reference values,,
44007901,410,,,ESK entity from endpoint with duplicated reference values,,
44012502,301,44013652,,,,
44012504,301,44013659,,,,
44012505,301,44013695,,,,
44012506,301,44013666,,,,
44012507,301,44013653,,,,
44012508,301,44013661,,,,
44012510,301,44013685,,,,
44012511,301,44013687,,,,
44012513,301,44013667,,,,
44012514,301,44013679,,,,
44012515,301,44013673,,,,
44012516,301,44013671,,,,
44012517,301,44013668,,,,
44012518,301,44013664,,,,
44012519,301,44013665,,,,
44012520,301,44013686,,,,
44012521,301,44013658,,,,
44012522,301,44013684,,,,
44012523,301,44013677,,,,
44012524,301,44013705,,,,
44012525,301,44013654,,,,
44012526,301,44013656,,,,
44012527,301,44013655,,,,
44012528,301,44013657,,,,
44012529,301,44013918,,,,
44012530,301,44013682,,,,
44012532,301,44013699,,,,
44012654,301,44009108,,,,
44012655,301,44009109,,,,
44012656,301,44009110,,,,
44012657,301,44009111,,,,
44012658,301,44009112,,,,
44012659,301,44009113,,,,
44012660,301,44009114,,,,
44012661,301,44009115,,,,
44012662,301,44009116,,,,
44012663,301,44009117,,,,
44012664,301,44009118,,,,
44012665,301,44009122,,,,
44012666,301,44009119,,,,
44012667,301,44009120,,,,
44012668,301,44009121,,,,
44012669,301,44009123,,,,
44012670,301,44009125,,,,
44012671,301,44009126,,,,
44012672,301,44009127,,,,
44012673,301,44009124,,,,
44012674,301,44009128,,,,
44012675,301,44009129,,,,
44012676,301,44009130,,,,
44012677,301,44009131,,,,
44012678,301,44009132,,,,
44012679,301,44012320,,,,
44012703,301,44008346,,,,
44012706,301,44010309,,,,
44012707,301,44010310,,,,
44006443,410,,,LPA asked to remove data - DLSD-1061,,
44006444,410,,,LPA asked to remove data - DLSD-1061,,
44006445,410,,,LPA asked to remove data - DLSD-1061,,
44006446,410,,,LPA asked to remove data - DLSD-1061,,
44006447,410,,,LPA asked to remove data - DLSD-1061,,
44006448,410,,,LPA asked to remove data - DLSD-1061,,
44006449,410,,,LPA asked to remove data - DLSD-1061,,
44006450,410,,,LPA asked to remove data - DLSD-1061,,
44006451,410,,,LPA asked to remove data - DLSD-1061,,
44006452,410,,,LPA asked to remove data - DLSD-1061,,
44006453,410,,,LPA asked to remove data - DLSD-1061,,
44006454,410,,,LPA asked to remove data - DLSD-1061,,
44006455,410,,,LPA asked to remove data - DLSD-1061,,
44006456,410,,,LPA asked to remove data - DLSD-1061,,
44006457,410,,,LPA asked to remove data - DLSD-1061,,
44006459,410,,,LPA asked to remove data - DLSD-1061,,
44006460,410,,,LPA asked to remove data - DLSD-1061,,
44006461,410,,,LPA asked to remove data - DLSD-1061,,
44006462,410,,,LPA asked to remove data - DLSD-1061,,
44006463,410,,,LPA asked to remove data - DLSD-1061,,
44006464,410,,,LPA asked to remove data - DLSD-1061,,
44006465,410,,,LPA asked to remove data - DLSD-1061,,
44006466,410,,,LPA asked to remove data - DLSD-1061,,
44007866,410,,,LPA asked to remove data - DLSD-1061,,
44010271,410,,,LPA asked to remove data - DLSD-1061,,
44002322,410,,,No data available for publication by HE,,
44004019,410,,,Duplicate - LPA asked to remove data - DLSD-1016,,
44005150,410,,,Duplicate - LPA asked to remove data - DLSD-1016,,
44005151,410,,,Duplicate - LPA asked to remove data - DLSD-1016,,
44005152,410,,,Duplicate - LPA asked to remove data - DLSD-1016,,
44005153,410,,,Duplicate - LPA asked to remove data - DLSD-1016,,
44005154,410,,,Duplicate - LPA asked to remove data - DLSD-1016,,
44005156,410,,,Duplicate - LPA asked to remove data - DLSD-1016,,
44005158,410,,,Duplicate - LPA asked to remove data - DLSD-1016,,
44005159,410,,,Duplicate - LPA asked to remove data - DLSD-1016,,
44005160,410,,,Duplicate - LPA asked to remove data - DLSD-1016,,
44005161,410,,,Duplicate - LPA asked to remove data - DLSD-1016,,
44005162,410,,,Duplicate - LPA asked to remove data - DLSD-1016,,
44008708,410,,,Duplicate - LPA asked to remove data - DLSD-1016,,
44008709,410,,,Duplicate - LPA asked to remove data - DLSD-1016,,
44008710,410,,,Duplicate - LPA asked to remove data - DLSD-1016,,
44008711,410,,,Duplicate - LPA asked to remove data - DLSD-1016,,
44000663,301,44013307,,redirect Historic England duplicate to LPA entity,2025-03-25,
44000664,301,44013308,,redirect Historic England duplicate to LPA entity,2025-03-25,
44000665,301,44013309,,redirect Historic England duplicate to LPA entity,2025-03-25,
44000666,301,44013310,,redirect Historic England duplicate to LPA entity,2025-03-25,
44000667,301,44013311,,redirect Historic England duplicate to LPA entity,2025-03-25,
44000668,301,44013312,,redirect Historic England duplicate to LPA entity,2025-03-25,
44000669,301,44013313,,redirect Historic England duplicate to LPA entity,2025-03-25,
44000670,301,44013314,,redirect Historic England duplicate to LPA entity,2025-03-25,
44000671,301,44013315,,redirect Historic England duplicate to LPA entity,2025-03-25,
44000672,301,44013316,,redirect Historic England duplicate to LPA entity,2025-03-25,
44000673,301,44013317,,redirect Historic England duplicate to LPA entity,2025-03-25,
44000674,301,44013318,,redirect Historic England duplicate to LPA entity,2025-03-25,
44000675,301,44013320,,redirect Historic England duplicate to LPA entity,2025-03-25,
44000676,301,44013321,,redirect Historic England duplicate to LPA entity,2025-03-25,
44000678,301,44013323,,redirect Historic England duplicate to LPA entity,2025-03-25,
44000679,301,44013324,,redirect Historic England duplicate to LPA entity,2025-03-25,
44000680,301,44013325,,redirect Historic England duplicate to LPA entity,2025-03-25,
44000681,301,44013326,,redirect Historic England duplicate to LPA entity,2025-03-25,
44000682,301,44013327,,redirect Historic England duplicate to LPA entity,2025-03-25,
44000683,301,44013328,,redirect Historic England duplicate to LPA entity,2025-03-25,
44000684,301,44013329,,redirect Historic England duplicate to LPA entity,2025-03-25,
44001281,301,44010596,,redirect Historic England duplicate to LPA entity,2025-03-25,
44001282,301,44010621,,redirect Historic England duplicate to LPA entity,2025-03-25,
44001283,301,44010617,,redirect Historic England duplicate to LPA entity,2025-03-25,
44001284,301,44010597,,redirect Historic England duplicate to LPA entity,2025-03-25,
44001285,301,44010594,,redirect Historic England duplicate to LPA entity,2025-03-25,
44001287,301,44010601,,redirect Historic England duplicate to LPA entity,2025-03-25,
44001288,301,44010619,,redirect Historic England duplicate to LPA entity,2025-03-25,
44001289,301,44010609,,redirect Historic England duplicate to LPA entity,2025-03-25,
44001290,301,44010600,,redirect Historic England duplicate to LPA entity,2025-03-25,
44001291,301,44010618,,redirect Historic England duplicate to LPA entity,2025-03-25,
44002040,301,44002124,,redirect Historic England duplicate to LPA entity,2025-03-25,
44002256,301,44012336,,redirect Historic England duplicate to LPA entity,2025-03-25,
44005447,301,44013319,,redirect Historic England duplicate to LPA entity,2025-03-25,
44005448,301,44013330,,redirect Historic England duplicate to LPA entity,2025-03-25,
44005449,301,44010602,,redirect Historic England duplicate to LPA entity,2025-03-25,
44005450,301,44010592,,redirect Historic England duplicate to LPA entity,2025-03-25,
44005451,301,44010605,,redirect Historic England duplicate to LPA entity,2025-03-25,
44005452,301,44010611,,redirect Historic England duplicate to LPA entity,2025-03-25,
44005453,301,44010614,,redirect Historic England duplicate to LPA entity,2025-03-25,
44005454,301,44010595,,redirect Historic England duplicate to LPA entity,2025-03-25,
44005455,301,44010604,,redirect Historic England duplicate to LPA entity,2025-03-25,
44005456,301,44010599,,redirect Historic England duplicate to LPA entity,2025-03-25,
44005457,301,44010610,,redirect Historic England duplicate to LPA entity,2025-03-25,
44005458,301,44010607,,redirect Historic England duplicate to LPA entity,2025-03-25,
44005459,301,44010590,,redirect Historic England duplicate to LPA entity,2025-03-25,
44005460,301,44010598,,redirect Historic England duplicate to LPA entity,2025-03-25,
44005461,301,44010593,,redirect Historic England duplicate to LPA entity,2025-03-25,
44005463,301,44010606,,redirect Historic England duplicate to LPA entity,2025-03-25,
44005464,301,44010615,,redirect Historic England duplicate to LPA entity,2025-03-25,
44005465,301,44010591,,redirect Historic England duplicate to LPA entity,2025-03-25,
44005466,301,44010616,,redirect Historic England duplicate to LPA entity,2025-03-25,
44005467,301,44010612,,redirect Historic England duplicate to LPA entity,2025-03-25,
44005468,301,44010608,,redirect Historic England duplicate to LPA entity,2025-03-25,
44005564,301,44010479,,redirect Historic England duplicate to LPA entity,2025-03-25,
44005816,301,44005896,,redirect Historic England duplicate to LPA entity,2025-03-25,
44006551,301,44010603,,redirect Historic England duplicate to LPA entity,2025-03-25,
44006552,301,44010620,,redirect Historic England duplicate to LPA entity,2025-03-25,
44000677,301,44013322,,redirect Historic England duplicate to LPA entity,2025-05-13,
44009107,410,,,wrong data was added in 2020 for Chichester District Council,,
44002023,301,44013559,,redirect Historic England duplicate to LPA entity,2025-05-13,
44001961,301,44013557,,redirect Historic England duplicate to LPA entity,2025-05-13,
44002030,301,44013562,,redirect Historic England duplicate to LPA entity,2025-05-13,
44002053,301,44013563,,redirect Historic England duplicate to LPA entity,2025-05-13,
44002172,301,44013556,,redirect Historic England duplicate to LPA entity,2025-05-13,
44002550,301,44013561,,redirect Historic England duplicate to LPA entity,2025-05-13,
44002118,301,44013560,,redirect Historic England duplicate to LPA entity,2025-05-13,
44002163,301,44013558,,redirect Historic England duplicate to LPA entity,2025-05-13,
44002920,301,44013566,,redirect Historic England duplicate to LPA entity,2025-08-27,
44002921,301,44013567,,redirect Historic England duplicate to LPA entity,2025-08-27,
44002922,301,44013568,,redirect Historic England duplicate to LPA entity,2025-08-27,
44002923,301,44013575,,redirect Historic England duplicate to LPA entity,2025-08-27,
44002924,301,44013576,,redirect Historic England duplicate to LPA entity,2025-08-27,
44002925,301,44013577,,redirect Historic England duplicate to LPA entity,2025-08-27,
44002926,301,44013581,,redirect Historic England duplicate to LPA entity,2025-08-27,
44002927,301,44013582,,redirect Historic England duplicate to LPA entity,2025-08-27,
44002928,301,44013583,,redirect Historic England duplicate to LPA entity,2025-08-27,
44002929,301,44013584,,redirect Historic England duplicate to LPA entity,2025-08-27,
44002930,301,44013585,,redirect Historic England duplicate to LPA entity,2025-08-27,
44002931,301,44013586,,redirect Historic England duplicate to LPA entity,2025-08-27,
44002932,301,44013587,,redirect Historic England duplicate to LPA entity,2025-08-27,
44002933,301,44013588,,redirect Historic England duplicate to LPA entity,2025-08-27,
44002934,301,44013590,,redirect Historic England duplicate to LPA entity,2025-08-27,
44002935,301,44013591,,redirect Historic England duplicate to LPA entity,2025-08-27,
44002936,301,44013633,,redirect Historic England duplicate to LPA entity,2025-08-27,
44002937,301,44013592,,redirect Historic England duplicate to LPA entity,2025-08-27,
44002938,301,44013593,,redirect Historic England duplicate to LPA entity,2025-08-27,
44002939,301,44013589,,redirect Historic England duplicate to LPA entity,2025-08-27,
44002940,301,44013610,,redirect Historic England duplicate to LPA entity,2025-08-27,
44002941,301,44013611,,redirect Historic England duplicate to LPA entity,2025-08-27,
44002942,301,44013618,,redirect Historic England duplicate to LPA entity,2025-08-27,
44002943,301,44013621,,redirect Historic England duplicate to LPA entity,2025-08-27,
44002944,301,44013625,,redirect Historic England duplicate to LPA entity,2025-08-27,
44002945,301,44013626,,redirect Historic England duplicate to LPA entity,2025-08-27,
44002946,301,44013627,,redirect Historic England duplicate to LPA entity,2025-08-27,
44002947,301,44013628,,redirect Historic England duplicate to LPA entity,2025-08-27,
44004875,301,44013630,,redirect Historic England duplicate to LPA entity,2025-08-27,
44004876,301,44013631,,redirect Historic England duplicate to LPA entity,2025-08-27,
44004877,301,44013629,,redirect Historic England duplicate to LPA entity,2025-08-27,
44004878,301,44013569,,redirect Historic England duplicate to LPA entity,2025-08-27,
44004879,301,44013565,,redirect Historic England duplicate to LPA entity,2025-08-27,
44004880,301,44013578,,redirect Historic England duplicate to LPA entity,2025-08-27,
44004881,301,44013595,,redirect Historic England duplicate to LPA entity,2025-08-27,
44004882,301,44013594,,redirect Historic England duplicate to LPA entity,2025-08-27,
44004883,301,44013604,,redirect Historic England duplicate to LPA entity,2025-08-27,
44004884,301,44013579,,redirect Historic England duplicate to LPA entity,2025-08-27,
44004885,301,44013580,,redirect Historic England duplicate to LPA entity,2025-08-27,
44004886,301,44013570,,redirect Historic England duplicate to LPA entity,2025-08-27,
44004887,301,44013607,,redirect Historic England duplicate to LPA entity,2025-08-27,
44004888,301,44013605,,redirect Historic England duplicate to LPA entity,2025-08-27,
44004889,301,44013598,,redirect Historic England duplicate to LPA entity,2025-08-27,
44004890,301,44013600,,redirect Historic England duplicate to LPA entity,2025-08-27,
44004891,301,44013603,,redirect Historic England duplicate to LPA entity,2025-08-27,
44004892,301,44013596,,redirect Historic England duplicate to LPA entity,2025-08-27,
44004893,301,44013601,,redirect Historic England duplicate to LPA entity,2025-08-27,
44004894,301,44013597,,redirect Historic England duplicate to LPA entity,2025-08-27,
44004895,301,44013571,,redirect Historic England duplicate to LPA entity,2025-08-27,
44004896,301,44013606,,redirect Historic England duplicate to LPA entity,2025-08-27,
44004897,301,44013602,,redirect Historic England duplicate to LPA entity,2025-08-27,
44004898,301,44013609,,redirect Historic England duplicate to LPA entity,2025-08-27,
44004899,301,44013572,,redirect Historic England duplicate to LPA entity,2025-08-27,
44004900,301,44013608,,redirect Historic England duplicate to LPA entity,2025-08-27,
44004901,301,44013599,,redirect Historic England duplicate to LPA entity,2025-08-27,
44004902,301,44013573,,redirect Historic England duplicate to LPA entity,2025-08-27,
44004903,301,44013564,,redirect Historic England duplicate to LPA entity,2025-08-27,
44004904,301,44013574,,redirect Historic England duplicate to LPA entity,2025-08-27,
44004905,301,44013619,,redirect Historic England duplicate to LPA entity,2025-08-27,
44004906,301,44013614,,redirect Historic England duplicate to LPA entity,2025-08-27,
44004907,301,44013613,,redirect Historic England duplicate to LPA entity,2025-08-27,
44004908,301,44013615,,redirect Historic England duplicate to LPA entity,2025-08-27,
44004909,301,44013622,,redirect Historic England duplicate to LPA entity,2025-08-27,
44004910,301,44013623,,redirect Historic England duplicate to LPA entity,2025-08-27,
44004911,301,44013620,,redirect Historic England duplicate to LPA entity,2025-08-27,
44004912,301,44013612,,redirect Historic England duplicate to LPA entity,2025-08-27,
44004913,301,44013616,,redirect Historic England duplicate to LPA entity,2025-08-27,
44004914,301,44013617,,redirect Historic England duplicate to LPA entity,2025-08-27,
44004915,301,44013624,,redirect Historic England duplicate to LPA entity,2025-08-27,
44012560,301,44013632,,redirect Historic England duplicate to LPA entity,2025-08-27,
44000302,301,44013580,,redirect Historic England duplicate to LPA entity,2025-08-27,
44000175,301,44014035,,redirect Historic England duplicate to LPA entity,2025-08-28,
44000176,301,44014036,,redirect Historic England duplicate to LPA entity,2025-08-28,
44000177,301,44014038,,redirect Historic England duplicate to LPA entity,2025-08-28,
44000178,301,44014039,,redirect Historic England duplicate to LPA entity,2025-08-28,
44000179,301,44014040,,redirect Historic England duplicate to LPA entity,2025-08-28,
44000180,301,44014041,,redirect Historic England duplicate to LPA entity,2025-08-28,
44000181,301,44014042,,redirect Historic England duplicate to LPA entity,2025-08-28,
44000182,301,44014044,,redirect Historic England duplicate to LPA entity,2025-08-28,
44000183,301,44014045,,redirect Historic England duplicate to LPA entity,2025-08-28,
44000184,301,44014046,,redirect Historic England duplicate to LPA entity,2025-08-28,
44000185,301,44014047,,redirect Historic England duplicate to LPA entity,2025-08-28,
44000186,301,44014048,,redirect Historic England duplicate to LPA entity,2025-08-28,
44000187,301,44014050,,redirect Historic England duplicate to LPA entity,2025-08-28,
44000188,301,44014051,,redirect Historic England duplicate to LPA entity,2025-08-28,
44000189,301,44014052,,redirect Historic England duplicate to LPA entity,2025-08-28,
44000190,301,44014054,,redirect Historic England duplicate to LPA entity,2025-08-28,
44004800,301,44014053,,redirect Historic England duplicate to LPA entity,2025-08-28,
44004801,301,44014049,,redirect Historic England duplicate to LPA entity,2025-08-28,
44004802,301,44014037,,redirect Historic England duplicate to LPA entity,2025-08-28,
44006214,301,44014034,,redirect Historic England duplicate to LPA entity,2025-08-28,
44006215,301,44014033,,redirect Historic England duplicate to LPA entity,2025-08-28,
44006771,301,44014056,,redirect Historic England duplicate to LPA entity,2025-08-28,
44006772,301,44014055,,redirect Historic England duplicate to LPA entity,2025-08-28,
44006773,301,44014043,,redirect Historic England duplicate to LPA entity,2025-08-28,
44007031,301,44013920,,redirect Historic England duplicate to LPA entity,2025-08-28,
44007032,301,44013719,,redirect Historic England duplicate to LPA entity,2025-08-28,
44007033,301,44013713,,redirect Historic England duplicate to LPA entity,2025-08-28,
44007101,301,44013923,,redirect Historic England duplicate to LPA entity,2025-08-28,
44007102,301,44013944,,redirect Historic England duplicate to LPA entity,2025-08-28,
44007107,301,44013720,,redirect Historic England duplicate to LPA entity,2025-08-28,
44007127,301,44013714,,redirect Historic England duplicate to LPA entity,2025-08-28,
44007128,301,44013712,,redirect Historic England duplicate to LPA entity,2025-08-28,
44007145,301,44013928,,redirect Historic England duplicate to LPA entity,2025-08-28,
44007337,301,44013710,,redirect Historic England duplicate to LPA entity,2025-08-28,
44007338,301,44013711,,redirect Historic England duplicate to LPA entity,2025-08-28,
44007339,301,44013707,,redirect Historic England duplicate to LPA entity,2025-08-28,
44007340,301,44013721,,redirect Historic England duplicate to LPA entity,2025-08-28,
44007341,301,44013708,,redirect Historic England duplicate to LPA entity,2025-08-28,
44007342,301,44013706,,redirect Historic England duplicate to LPA entity,2025-08-28,
44007377,301,44013647,,redirect Historic England duplicate to LPA entity,2025-08-28,
44007378,301,44013646,,redirect Historic England duplicate to LPA entity,2025-08-28,
44007379,301,44013635,,redirect Historic England duplicate to LPA entity,2025-08-28,
44007380,301,44013637,,redirect Historic England duplicate to LPA entity,2025-08-28,
44007381,301,44013638,,redirect Historic England duplicate to LPA entity,2025-08-28,
44007382,301,44013645,,redirect Historic England duplicate to LPA entity,2025-08-28,
44007383,301,44013640,,redirect Historic England duplicate to LPA entity,2025-08-28,
44007384,301,44013639,,redirect Historic England duplicate to LPA entity,2025-08-28,
44007385,301,44013634,,redirect Historic England duplicate to LPA entity,2025-08-28,
44007386,301,44013931,,redirect Historic England duplicate to LPA entity,2025-08-28,
44007387,301,44013927,,redirect Historic England duplicate to LPA entity,2025-08-28,
44007388,301,44013643,,redirect Historic England duplicate to LPA entity,2025-08-28,
44007389,301,44013644,,redirect Historic England duplicate to LPA entity,2025-08-28,
44007390,301,44013648,,redirect Historic England duplicate to LPA entity,2025-08-28,
44007391,301,44013925,,redirect Historic England duplicate to LPA entity,2025-08-28,
44007392,301,44013636,,redirect Historic England duplicate to LPA entity,2025-08-28,
44007393,301,44013641,,redirect Historic England duplicate to LPA entity,2025-08-28,
44007394,301,44013642,,redirect Historic England duplicate to LPA entity,2025-08-28,
44007395,301,44013649,,redirect Historic England duplicate to LPA entity,2025-08-28,
44007398,301,44013888,,redirect Historic England duplicate to LPA entity,2025-08-28,
44007399,301,44013892,,redirect Historic England duplicate to LPA entity,2025-08-28,
44007400,301,44013933,,redirect Historic England duplicate to LPA entity,2025-08-28,
44007401,301,44013897,,redirect Historic England duplicate to LPA entity,2025-08-28,
44007402,301,44013891,,redirect Historic England duplicate to LPA entity,2025-08-28,
44007403,301,44013894,,redirect Historic England duplicate to LPA entity,2025-08-28,
44007404,301,44013893,,redirect Historic England duplicate to LPA entity,2025-08-28,
44007405,301,44013895,,redirect Historic England duplicate to LPA entity,2025-08-28,
44007406,301,44013889,,redirect Historic England duplicate to LPA entity,2025-08-28,
44007407,301,44013896,,redirect Historic England duplicate to LPA entity,2025-08-28,
44007408,301,44013887,,redirect Historic England duplicate to LPA entity,2025-08-28,
44007409,301,44013890,,redirect Historic England duplicate to LPA entity,2025-08-28,
44007411,301,44013939,,redirect Historic England duplicate to LPA entity,2025-08-28,
44007413,301,44013709,,redirect Historic England duplicate to LPA entity,2025-08-28,
44007414,301,44013929,,redirect Historic England duplicate to LPA entity,2025-08-28,
44007415,301,44013935,,redirect Historic England duplicate to LPA entity,2025-08-28,
44007416,301,44013917,,redirect Historic England duplicate to LPA entity,2025-08-28,
44007417,301,44013930,,redirect Historic England duplicate to LPA entity,2025-08-28,
44007418,301,44013921,,redirect Historic England duplicate to LPA entity,2025-08-28,
44007419,301,44013936,,redirect Historic England duplicate to LPA entity,2025-08-28,
44007420,301,44013919,,redirect Historic England duplicate to LPA entity,2025-08-28,
44009178,301,44013779,,redirect Historic England duplicate to LPA entity,2025-08-28,
44009179,301,44013866,,redirect Historic England duplicate to LPA entity,2025-08-28,
44009181,301,44013873,,redirect Historic England duplicate to LPA entity,2025-08-28,
44009184,301,44013723,,redirect Historic England duplicate to LPA entity,2025-08-28,
44009187,301,44013780,,redirect Historic England duplicate to LPA entity,2025-08-28,
44009188,301,44013868,,redirect Historic England duplicate to LPA entity,2025-08-28,
44009189,301,44013776,,redirect Historic England duplicate to LPA entity,2025-08-28,
44009190,301,44013792,,redirect Historic England duplicate to LPA entity,2025-08-28,
44009191,301,44013865,,redirect Historic England duplicate to LPA entity,2025-08-28,
44009204,301,44013742,,redirect Historic England duplicate to LPA entity,2025-08-28,
44009205,301,44013781,,redirect Historic England duplicate to LPA entity,2025-08-28,
44009207,301,44013812,,redirect Historic England duplicate to LPA entity,2025-08-28,
44009209,301,44013784,,redirect Historic England duplicate to LPA entity,2025-08-28,
44009210,301,44013757,,redirect Historic England duplicate to LPA entity,2025-08-28,
44009211,301,44013837,,redirect Historic England duplicate to LPA entity,2025-08-28,
44009212,301,44013785,,redirect Historic England duplicate to LPA entity,2025-08-28,
44009213,301,44013844,,redirect Historic England duplicate to LPA entity,2025-08-28,
44009214,301,44013813,,redirect Historic England duplicate to LPA entity,2025-08-28,
44009215,301,44013845,,redirect Historic England duplicate to LPA entity,2025-08-28,
44009217,301,44013775,,redirect Historic England duplicate to LPA entity,2025-08-28,
44009218,301,44013771,,redirect Historic England duplicate to LPA entity,2025-08-28,
44009220,301,44013772,,redirect Historic England duplicate to LPA entity,2025-08-28,
44009221,301,44013874,,redirect Historic England duplicate to LPA entity,2025-08-28,
44009223,301,44013722,,redirect Historic England duplicate to LPA entity,2025-08-28,
44009224,301,44013809,,redirect Historic England duplicate to LPA entity,2025-08-28,
44009225,301,44013869,,redirect Historic England duplicate to LPA entity,2025-08-28,
44009226,301,44013934,,redirect Historic England duplicate to LPA entity,2025-08-28,
44009227,301,44013791,,redirect Historic England duplicate to LPA entity,2025-08-28,
44009228,301,44013885,,redirect Historic England duplicate to LPA entity,2025-08-28,
44009229,301,44013849,,redirect Historic England duplicate to LPA entity,2025-08-28,
44009230,301,44013856,,redirect Historic England duplicate to LPA entity,2025-08-28,
44009231,301,44013843,,redirect Historic England duplicate to LPA entity,2025-08-28,
44009232,301,44013867,,redirect Historic England duplicate to LPA entity,2025-08-28,
44009233,301,44013778,,redirect Historic England duplicate to LPA entity,2025-08-28,
44009234,301,44013926,,redirect Historic England duplicate to LPA entity,2025-08-28,
44009235,301,44013846,,redirect Historic England duplicate to LPA entity,2025-08-28,
44009236,301,44013872,,redirect Historic England duplicate to LPA entity,2025-08-28,
44009238,301,44013773,,redirect Historic England duplicate to LPA entity,2025-08-28,
44009239,301,44013886,,redirect Historic England duplicate to LPA entity,2025-08-28,
44009240,301,44013922,,redirect Historic England duplicate to LPA entity,2025-08-28,
44009242,301,44013754,,redirect Historic England duplicate to LPA entity,2025-08-28,
44009243,301,44013810,,redirect Historic England duplicate to LPA entity,2025-08-28,
44009244,301,44013830,,redirect Historic England duplicate to LPA entity,2025-08-28,
44009245,301,44013932,,redirect Historic England duplicate to LPA entity,2025-08-28,
44009246,301,44013774,,redirect Historic England duplicate to LPA entity,2025-08-28,
44009247,301,44013864,,redirect Historic England duplicate to LPA entity,2025-08-28,
44009248,301,44013768,,redirect Historic England duplicate to LPA entity,2025-08-28,
44009249,301,44013796,,redirect Historic England duplicate to LPA entity,2025-08-28,
44009250,301,44013857,,redirect Historic England duplicate to LPA entity,2025-08-28,
44009252,301,44013924,,redirect Historic England duplicate to LPA entity,2025-08-28,
44009254,301,44013855,,redirect Historic England duplicate to LPA entity,2025-08-28,
44009255,301,44013724,,redirect Historic England duplicate to LPA entity,2025-08-28,
44009256,301,44013937,,redirect Historic England duplicate to LPA entity,2025-08-28,
44009257,301,44013836,,redirect Historic England duplicate to LPA entity,2025-08-28,
44009259,301,44013854,,redirect Historic England duplicate to LPA entity,2025-08-28,
44009260,301,44013831,,redirect Historic England duplicate to LPA entity,2025-08-28,
44012480,301,44013808,,redirect Historic England duplicate to LPA entity,2025-08-28,
44012490,301,44013681,,redirect Historic England duplicate to LPA entity,2025-08-28,
44012491,301,44013680,,redirect Historic England duplicate to LPA entity,2025-08-28,
44012492,301,44013663,,redirect Historic England duplicate to LPA entity,2025-08-28,
44012493,301,44013701,,redirect Historic England duplicate to LPA entity,2025-08-28,
44012494,301,44013674,,redirect Historic England duplicate to LPA entity,2025-08-28,
44012495,301,44013662,,redirect Historic England duplicate to LPA entity,2025-08-28,
44012496,301,44013702,,redirect Historic England duplicate to LPA entity,2025-08-28,
44012497,301,44013672,,redirect Historic England duplicate to LPA entity,2025-08-28,
44012498,301,44013660,,redirect Historic England duplicate to LPA entity,2025-08-28,
44012499,301,44013670,,redirect Historic England duplicate to LPA entity,2025-08-28,
44012500,301,44013678,,redirect Historic England duplicate to LPA entity,2025-08-28,
44012501,301,44013669,,redirect Historic England duplicate to LPA entity,2025-08-28,
44012503,301,44013651,,redirect Historic England duplicate to LPA entity,2025-08-28,
44012509,301,44013696,,redirect Historic England duplicate to LPA entity,2025-08-28,
44012512,301,44013703,,redirect Historic England duplicate to LPA entity,2025-08-28,
44007034,410,,,Duplicate - LPA asked to remove HE data - DLSD-1639,,
44007035,410,,,Duplicate - LPA asked to remove HE data - DLSD-1639,,
44007410,410,,,Duplicate - LPA asked to remove HE data - DLSD-1639,,
44007412,410,,,Duplicate - LPA asked to remove HE data - DLSD-1639,,
44009180,410,,,Duplicate - LPA asked to remove HE data - DLSD-1639,,
44009182,410,,,Duplicate - LPA asked to remove HE data - DLSD-1639,,
44009183,410,,,Duplicate - LPA asked to remove HE data - DLSD-1639,,
44009185,410,,,Duplicate - LPA asked to remove HE data - DLSD-1639,,
44009186,410,,,Duplicate - LPA asked to remove HE data - DLSD-1639,,
44009192,410,,,Duplicate - LPA asked to remove HE data - DLSD-1639,,
44009203,410,,,Duplicate - LPA asked to remove HE data - DLSD-1639,,
44009206,410,,,Duplicate - LPA asked to remove HE data - DLSD-1639,,
44009208,410,,,Duplicate - LPA asked to remove HE data - DLSD-1639,,
44009216,410,,,Duplicate - LPA asked to remove HE data - DLSD-1639,,
44009219,410,,,Duplicate - LPA asked to remove HE data - DLSD-1639,,
44009222,410,,,Duplicate - LPA asked to remove HE data - DLSD-1639,,
44009237,410,,,Duplicate - LPA asked to remove HE data - DLSD-1639,,
44009241,410,,,Duplicate - LPA asked to remove HE data - DLSD-1639,,
44009251,410,,,Duplicate - LPA asked to remove HE data - DLSD-1639,,
44009253,410,,,Duplicate - LPA asked to remove HE data - DLSD-1639,,
44009258,410,,,Duplicate - LPA asked to remove HE data - DLSD-1639,,
44009261,410,,,Duplicate - LPA asked to remove HE data - DLSD-1639,,
44009262,410,,,Duplicate - LPA asked to remove HE data - DLSD-1639,,
44009263,410,,,Duplicate - LPA asked to remove HE data - DLSD-1639,,
44012478,410,,,Duplicate - LPA asked to remove HE data - DLSD-1639,,
44012479,410,,,Duplicate - LPA asked to remove HE data - DLSD-1639,,
44012531,410,,,Duplicate - LPA asked to remove HE data - DLSD-1639,,
44012533,410,,,Duplicate - LPA asked to remove HE data - DLSD-1639,,
44012534,410,,,Duplicate - LPA asked to remove HE data - DLSD-1639,,
44012535,410,,,Duplicate - LPA asked to remove HE data - DLSD-1639,,
44012536,410,,,Duplicate - LPA asked to remove HE data - DLSD-1639,,
44009169,301,44013698,,redirect North Dorset duplicate to Dorset Council entity,2025-09-17,
44009170,301,44013705,,redirect North Dorset duplicate to Dorset Council entity,2025-09-17,
44009171,301,44013654,,redirect North Dorset duplicate to Dorset Council entity,2025-09-17,
44009172,301,44013656,,redirect North Dorset duplicate to Dorset Council entity,2025-09-17,
44009173,301,44013655,,redirect North Dorset duplicate to Dorset Council entity,2025-09-17,
44009174,301,44013657,,redirect North Dorset duplicate to Dorset Council entity,2025-09-17,
44009177,301,44013918,,redirect North Dorset duplicate to Dorset Council entity,2025-09-17,
44009932,301,44013684,,redirect North Dorset duplicate to Dorset Council entity,2025-09-17,
44009933,301,44013652,,redirect North Dorset duplicate to Dorset Council entity,2025-09-17,
44009934,301,44013682,,redirect North Dorset duplicate to Dorset Council entity,2025-09-17,
44009935,301,44013659,,redirect North Dorset duplicate to Dorset Council entity,2025-09-17,
44009936,301,44013695,,redirect North Dorset duplicate to Dorset Council entity,2025-09-17,
44009937,301,44013699,,redirect North Dorset duplicate to Dorset Council entity,2025-09-17,
44009938,301,44013666,,redirect North Dorset duplicate to Dorset Council entity,2025-09-17,
44009942,301,44013685,,redirect North Dorset duplicate to Dorset Council entity,2025-09-17,
44009943,301,44013667,,redirect North Dorset duplicate to Dorset Council entity,2025-09-17,
44009945,301,44013653,,redirect North Dorset duplicate to Dorset Council entity,2025-09-17,
44009946,301,44013661,,redirect North Dorset duplicate to Dorset Council entity,2025-09-17,
44009947,301,44013687,,redirect North Dorset duplicate to Dorset Council entity,2025-09-17,
44009949,301,44013679,,redirect North Dorset duplicate to Dorset Council entity,2025-09-17,
44009950,301,44013673,,redirect North Dorset duplicate to Dorset Council entity,2025-09-17,
44009952,301,44013671,,redirect North Dorset duplicate to Dorset Council entity,2025-09-17,
44009953,301,44013668,,redirect North Dorset duplicate to Dorset Council entity,2025-09-17,
44009954,301,44013664,,redirect North Dorset duplicate to Dorset Council entity,2025-09-17,
44009955,301,44013688,,redirect North Dorset duplicate to Dorset Council entity,2025-09-17,
44009956,301,44013665,,redirect North Dorset duplicate to Dorset Council entity,2025-09-17,
44009957,301,44013686,,redirect North Dorset duplicate to Dorset Council entity,2025-09-17,
44012343,301,44013658,,redirect North Dorset duplicate to Dorset Council entity,2025-09-17,
44009166,301,44013677,,redirect North Dorset duplicate to Dorset Council entity,2025-09-17,
44009167,301,44013697,,redirect North Dorset duplicate to Dorset Council entity,2025-09-17,
44009175,301,44013675,,redirect North Dorset duplicate to Dorset Council entity,2025-09-17,
44009176,301,44013676,,redirect North Dorset duplicate to Dorset Council entity,2025-09-17,
44009939,301,44013693,,redirect North Dorset duplicate to Dorset Council entity,2025-09-17,
44009940,301,44013692,,redirect North Dorset duplicate to Dorset Council entity,2025-09-17,
44009941,301,44013694,,redirect North Dorset duplicate to Dorset Council entity,2025-09-17,
44009944,301,44013650,,redirect North Dorset duplicate to Dorset Council entity,2025-09-17,
44009948,301,44013689,,redirect North Dorset duplicate to Dorset Council entity,2025-09-17,
44009951,301,44013690,,redirect North Dorset duplicate to Dorset Council entity,2025-09-17,
44007978,410,,,LPA asked to remove HE data - DLSD-1639,,
44007979,410,,,LPA asked to remove HE data - DLSD-1639,,
44007980,410,,,LPA asked to remove HE data - DLSD-1639,,
44007981,410,,,LPA asked to remove HE data - DLSD-1639,,
44007982,410,,,LPA asked to remove HE data - DLSD-1639,,
44007983,410,,,LPA asked to remove HE data - DLSD-1639,,
44007984,410,,,LPA asked to remove HE data - DLSD-1639,,
44007985,410,,,LPA asked to remove HE data - DLSD-1639,,
44007986,410,,,LPA asked to remove HE data - DLSD-1639,,
44007987,410,,,LPA asked to remove HE data - DLSD-1639,,
44007988,410,,,LPA asked to remove HE data - DLSD-1639,,
44007989,410,,,LPA asked to remove HE data - DLSD-1639,,
44007990,410,,,LPA asked to remove HE data - DLSD-1639,,
44007991,410,,,LPA asked to remove HE data - DLSD-1639,,
44007992,410,,,LPA asked to remove HE data - DLSD-1639,,
44007993,410,,,LPA asked to remove HE data - DLSD-1639,,
44007994,410,,,LPA asked to remove HE data - DLSD-1639,,
44007995,410,,,LPA asked to remove HE data - DLSD-1639,,
44007996,410,,,LPA asked to remove HE data - DLSD-1639,,
44007997,410,,,LPA asked to remove HE data - DLSD-1639,,
44007998,410,,,LPA asked to remove HE data - DLSD-1639,,
44007999,410,,,LPA asked to remove HE data - DLSD-1639,,
44008000,410,,,LPA asked to remove HE data - DLSD-1639,,
44008001,410,,,LPA asked to remove HE data - DLSD-1639,,
44008002,410,,,LPA asked to remove HE data - DLSD-1639,,
44008003,410,,,LPA asked to remove HE data - DLSD-1639,,
44008004,410,,,LPA asked to remove HE data - DLSD-1639,,
44008005,410,,,LPA asked to remove HE data - DLSD-1639,,
44008006,410,,,LPA asked to remove HE data - DLSD-1639,,
44008007,410,,,LPA asked to remove HE data - DLSD-1639,,
44008008,410,,,LPA asked to remove HE data - DLSD-1639,,
44008009,410,,,LPA asked to remove HE data - DLSD-1639,,
44008010,410,,,LPA asked to remove HE data - DLSD-1639,,
44008011,410,,,LPA asked to remove HE data - DLSD-1639,,
44008012,410,,,LPA asked to remove HE data - DLSD-1639,,
44008013,410,,,LPA asked to remove HE data - DLSD-1639,,
44008014,410,,,LPA asked to remove HE data - DLSD-1639,,
44008015,410,,,LPA asked to remove HE data - DLSD-1639,,
44008016,410,,,LPA asked to remove HE data - DLSD-1639,,
44008017,410,,,LPA asked to remove HE data - DLSD-1639,,
44008018,410,,,LPA asked to remove HE data - DLSD-1639,,
44008019,410,,,LPA asked to remove HE data - DLSD-1639,,
44008020,410,,,LPA asked to remove HE data - DLSD-1639,,
44008021,410,,,LPA asked to remove HE data - DLSD-1639,,
44008022,410,,,LPA asked to remove HE data - DLSD-1639,,
44008023,410,,,LPA asked to remove HE data - DLSD-1639,,
44008024,410,,,LPA asked to remove HE data - DLSD-1639,,
44008025,410,,,LPA asked to remove HE data - DLSD-1639,,
44008026,410,,,LPA asked to remove HE data - DLSD-1639,,
44008027,410,,,LPA asked to remove HE data - DLSD-1639,,
44008028,410,,,LPA asked to remove HE data - DLSD-1639,,
44008029,410,,,LPA asked to remove HE data - DLSD-1639,,
44008030,410,,,LPA asked to remove HE data - DLSD-1639,,
44008031,410,,,LPA asked to remove HE data - DLSD-1639,,
44008032,410,,,LPA asked to remove HE data - DLSD-1639,,
44008033,410,,,LPA asked to remove HE data - DLSD-1639,,
44008034,410,,,LPA asked to remove HE data - DLSD-1639,,
44008035,410,,,LPA asked to remove HE data - DLSD-1639,,
44008036,410,,,LPA asked to remove HE data - DLSD-1639,,
44008037,410,,,LPA asked to remove HE data - DLSD-1639,,
44008038,410,,,LPA asked to remove HE data - DLSD-1639,,
44008039,410,,,LPA asked to remove HE data - DLSD-1639,,
44008040,410,,,LPA asked to remove HE data - DLSD-1639,,
44008041,410,,,LPA asked to remove HE data - DLSD-1639,,
44008042,410,,,LPA asked to remove HE data - DLSD-1639,,
44008043,410,,,LPA asked to remove HE data - DLSD-1639,,
44008044,410,,,LPA asked to remove HE data - DLSD-1639,,
44008045,410,,,LPA asked to remove HE data - DLSD-1639,,
44008046,410,,,LPA asked to remove HE data - DLSD-1639,,
44008047,410,,,LPA asked to remove HE data - DLSD-1639,,
44008048,410,,,LPA asked to remove HE data - DLSD-1639,,
44008049,410,,,LPA asked to remove HE data - DLSD-1639,,
44008050,410,,,LPA asked to remove HE data - DLSD-1639,,
44008051,410,,,LPA asked to remove HE data - DLSD-1639,,
44008052,410,,,LPA asked to remove HE data - DLSD-1639,,
44008053,410,,,LPA asked to remove HE data - DLSD-1639,,
44008054,410,,,LPA asked to remove HE data - DLSD-1639,,
44008055,410,,,LPA asked to remove HE data - DLSD-1639,,
44008056,410,,,LPA asked to remove HE data - DLSD-1639,,
44008057,410,,,LPA asked to remove HE data - DLSD-1639,,
44008058,410,,,LPA asked to remove HE data - DLSD-1639,,
44008059,410,,,LPA asked to remove HE data - DLSD-1639,,
44008060,410,,,LPA asked to remove HE data - DLSD-1639,,
44008061,410,,,LPA asked to remove HE data - DLSD-1639,,
44008062,410,,,LPA asked to remove HE data - DLSD-1639,,
44008063,410,,,LPA asked to remove HE data - DLSD-1639,,
44008064,410,,,LPA asked to remove HE data - DLSD-1639,,
44008065,410,,,LPA asked to remove HE data - DLSD-1639,,
44008066,410,,,LPA asked to remove HE data - DLSD-1639,,
44008067,410,,,LPA asked to remove HE data - DLSD-1639,,
44008068,410,,,LPA asked to remove HE data - DLSD-1639,,
44008069,410,,,LPA asked to remove HE data - DLSD-1639,,
44008070,410,,,LPA asked to remove HE data - DLSD-1639,,
44008071,410,,,LPA asked to remove HE data - DLSD-1639,,
44008072,410,,,LPA asked to remove HE data - DLSD-1639,,
44008073,410,,,LPA asked to remove HE data - DLSD-1639,,
44008074,410,,,LPA asked to remove HE data - DLSD-1639,,
44008075,410,,,LPA asked to remove HE data - DLSD-1639,,
44008076,410,,,LPA asked to remove HE data - DLSD-1639,,
44008077,410,,,LPA asked to remove HE data - DLSD-1639,,
44008078,410,,,LPA asked to remove HE data - DLSD-1639,,
44008079,410,,,LPA asked to remove HE data - DLSD-1639,,
44008080,410,,,LPA asked to remove HE data - DLSD-1639,,
44008081,410,,,LPA asked to remove HE data - DLSD-1639,,
44008082,410,,,LPA asked to remove HE data - DLSD-1639,,
44008083,410,,,LPA asked to remove HE data - DLSD-1639,,
44008084,410,,,LPA asked to remove HE data - DLSD-1639,,
44008085,410,,,LPA asked to remove HE data - DLSD-1639,,
44008086,410,,,LPA asked to remove HE data - DLSD-1639,,
44008087,410,,,LPA asked to remove HE data - DLSD-1639,,
44008088,410,,,LPA asked to remove HE data - DLSD-1639,,
44008089,410,,,LPA asked to remove HE data - DLSD-1639,,
44008090,410,,,LPA asked to remove HE data - DLSD-1639,,
44008091,410,,,LPA asked to remove HE data - DLSD-1639,,
44008092,410,,,LPA asked to remove HE data - DLSD-1639,,
44008093,410,,,LPA asked to remove HE data - DLSD-1639,,
44008094,410,,,LPA asked to remove HE data - DLSD-1639,,
44008095,410,,,LPA asked to remove HE data - DLSD-1639,,
44008096,410,,,LPA asked to remove HE data - DLSD-1639,,
44008097,410,,,LPA asked to remove HE data - DLSD-1639,,
44008098,410,,,LPA asked to remove HE data - DLSD-1639,,
44008099,410,,,LPA asked to remove HE data - DLSD-1639,,
44008100,410,,,LPA asked to remove HE data - DLSD-1639,,
44008101,410,,,LPA asked to remove HE data - DLSD-1639,,
44008102,410,,,LPA asked to remove HE data - DLSD-1639,,
44008103,410,,,LPA asked to remove HE data - DLSD-1639,,
44001657,301,44014212,,redirect Historic England duplicate to LPA entity,2024-09-19,
44001658,301,44014213,,redirect Historic England duplicate to LPA entity,2024-09-19,
44001659,301,44014214,,redirect Historic England duplicate to LPA entity,2024-09-19,
44001660,301,44014211,,redirect Historic England duplicate to LPA entity,2024-09-19,
44001661,301,44014173,,redirect Historic England duplicate to LPA entity,2024-09-19,
44001662,301,44014175,,redirect Historic England duplicate to LPA entity,2024-09-19,
44005588,301,44014184,,redirect Historic England duplicate to LPA entity,2024-09-19,
44005589,301,44014188,,redirect Historic England duplicate to LPA entity,2024-09-19,
44005590,301,44014177,,redirect Historic England duplicate to LPA entity,2024-09-19,
44005591,301,44014187,,redirect Historic England duplicate to LPA entity,2024-09-19,
44005592,301,44014182,,redirect Historic England duplicate to LPA entity,2024-09-19,
44005593,301,44014174,,redirect Historic England duplicate to LPA entity,2024-09-19,
44005594,301,44014185,,redirect Historic England duplicate to LPA entity,2024-09-19,
44005595,301,44014186,,redirect Historic England duplicate to LPA entity,2024-09-19,
44005596,301,44014178,,redirect Historic England duplicate to LPA entity,2024-09-19,
44005597,301,44014176,,redirect Historic England duplicate to LPA entity,2024-09-19,
44005598,301,44014183,,redirect Historic England duplicate to LPA entity,2024-09-19,
44005599,301,44014179,,redirect Historic England duplicate to LPA entity,2024-09-19,
44005600,301,44014180,,redirect Historic England duplicate to LPA entity,2024-09-19,
44005601,301,44014181,,redirect Historic England duplicate to LPA entity,2024-09-19,
44006468,301,44014193,,redirect Historic England duplicate to LPA entity,2024-09-19,
44006469,301,44014191,,redirect Historic England duplicate to LPA entity,2024-09-19,
44006470,301,44014190,,redirect Historic England duplicate to LPA entity,2024-09-19,
44006471,301,44014189,,redirect Historic England duplicate to LPA entity,2024-09-19,
44006472,301,44014192,,redirect Historic England duplicate to LPA entity,2024-09-19,
44006519,301,44014197,,redirect Historic England duplicate to LPA entity,2024-09-19,
44006520,301,44014195,,redirect Historic England duplicate to LPA entity,2024-09-19,
44006521,301,44014194,,redirect Historic England duplicate to LPA entity,2024-09-19,
44006522,301,44014196,,redirect Historic England duplicate to LPA entity,2024-09-19,
44006587,301,44014199,,redirect Historic England duplicate to LPA entity,2024-09-19,
44006588,301,44014198,,redirect Historic England duplicate to LPA entity,2024-09-19,
44006722,301,44014205,,redirect Historic England duplicate to LPA entity,2024-09-19,
44006723,301,44014203,,redirect Historic England duplicate to LPA entity,2024-09-19,
44006724,301,44014202,,redirect Historic England duplicate to LPA entity,2024-09-19,
44006725,301,44014201,,redirect Historic England duplicate to LPA entity,2024-09-19,
44006726,301,44014209,,redirect Historic England duplicate to LPA entity,2024-09-19,
44006727,301,44014204,,redirect Historic England duplicate to LPA entity,2024-09-19,
44006728,301,44014208,,redirect Historic England duplicate to LPA entity,2024-09-19,
44006729,301,44014210,,redirect Historic England duplicate to LPA entity,2024-09-19,
44006730,301,44014206,,redirect Historic England duplicate to LPA entity,2024-09-19,
44006731,301,44014200,,redirect Historic England duplicate to LPA entity,2024-09-19,
44006732,301,44014207,,redirect Historic England duplicate to LPA entity,2024-09-19,
44001384,301,44009682,,redirect Historic England duplicate to LPA entity,2025-09-26,
44001679,301,44013441,,redirect Historic England duplicate to LPA entity,2025-09-26,
44001681,301,44013440,,redirect Historic England duplicate to LPA entity,2025-09-26,
44001682,301,44013424,,redirect Historic England duplicate to LPA entity,2025-09-26,
44001684,301,44013383,,redirect Historic England duplicate to LPA entity,2025-09-26,
44001688,301,44013415,,redirect Historic England duplicate to LPA entity,2025-09-26,
44001693,301,44013426,,redirect Historic England duplicate to LPA entity,2025-09-26,
44001698,301,44013381,,redirect Historic England duplicate to LPA entity,2025-09-26,
44001700,301,44013423,,redirect Historic England duplicate to LPA entity,2025-09-26,
44001701,301,44013425,,redirect Historic England duplicate to LPA entity,2025-09-26,
44001703,301,44013373,,redirect Historic England duplicate to LPA entity,2025-09-26,
44001707,301,44013394,,redirect Historic England duplicate to LPA entity,2025-09-26,
44001797,301,44014260,,redirect Historic England duplicate to LPA entity,2025-09-26,
44001834,301,44014288,,redirect Historic England duplicate to LPA entity,2025-09-26,
44001912,301,44014249,,redirect Historic England duplicate to LPA entity,2025-09-26,
44002017,301,44014264,,redirect Historic England duplicate to LPA entity,2025-09-26,
44002436,301,44010462,,redirect Historic England duplicate to LPA entity,2025-09-26,
44002442,301,44010463,,redirect Historic England duplicate to LPA entity,2025-09-26,
44002516,301,44014121,,redirect Historic England duplicate to LPA entity,2025-09-26,
44002525,301,44014123,,redirect Historic England duplicate to LPA entity,2025-09-26,
44002527,301,44014129,,redirect Historic England duplicate to LPA entity,2025-09-26,
44002532,301,44014128,,redirect Historic England duplicate to LPA entity,2025-09-26,
44002533,301,44014127,,redirect Historic England duplicate to LPA entity,2025-09-26,
44002534,301,44014122,,redirect Historic England duplicate to LPA entity,2025-09-26,
44002536,301,44014126,,redirect Historic England duplicate to LPA entity,2025-09-26,
44002538,301,44014125,,redirect Historic England duplicate to LPA entity,2025-09-26,
44003395,301,44007872,,redirect Historic England duplicate to LPA entity,2025-09-26,
44004338,301,44014131,,redirect Historic England duplicate to LPA entity,2025-09-26,
44004339,301,44014124,,redirect Historic England duplicate to LPA entity,2025-09-26,
44004488,301,44007825,,redirect Historic England duplicate to LPA entity,2025-09-26,
44004527,301,44013357,,redirect Historic England duplicate to LPA entity,2025-09-26,
44005070,301,44009143,,redirect Historic England duplicate to LPA entity,2025-09-26,
44006079,301,44013434,,redirect Historic England duplicate to LPA entity,2025-09-26,
44012758,301,44006677,,redirect Historic England duplicate to LPA entity,2025-09-26,
44006735,301,44014230,,redirect Historic England duplicate to LPA entity,2025-09-26,
44006736,301,44014238,,redirect Historic England duplicate to LPA entity,2025-09-26,
44006737,301,44014231,,redirect Historic England duplicate to LPA entity,2025-09-26,
44006741,301,44014232,,redirect Historic England duplicate to LPA entity,2025-09-26,
44006742,301,44014218,,redirect Historic England duplicate to LPA entity,2025-09-26,
44006743,301,44014220,,redirect Historic England duplicate to LPA entity,2025-09-26,
44006744,301,44014242,,redirect Historic England duplicate to LPA entity,2025-09-26,
44006745,301,44014233,,redirect Historic England duplicate to LPA entity,2025-09-26,
44006746,301,44014234,,redirect Historic England duplicate to LPA entity,2025-09-26,
44006747,301,44014243,,redirect Historic England duplicate to LPA entity,2025-09-26,
44006748,301,44014240,,redirect Historic England duplicate to LPA entity,2025-09-26,
44006749,301,44014221,,redirect Historic England duplicate to LPA entity,2025-09-26,
44006750,301,44014239,,redirect Historic England duplicate to LPA entity,2025-09-26,
44006751,301,44014215,,redirect Historic England duplicate to LPA entity,2025-09-26,
44006752,301,44014222,,redirect Historic England duplicate to LPA entity,2025-09-26,
44006753,301,44014216,,redirect Historic England duplicate to LPA entity,2025-09-26,
44006754,301,44014219,,redirect Historic England duplicate to LPA entity,2025-09-26,
44006758,301,44014224,,redirect Historic England duplicate to LPA entity,2025-09-26,
44006759,301,44014241,,redirect Historic England duplicate to LPA entity,2025-09-26,
44006760,301,44014225,,redirect Historic England duplicate to LPA entity,2025-09-26,
44006761,301,44014226,,redirect Historic England duplicate to LPA entity,2025-09-26,
44006762,301,44014227,,redirect Historic England duplicate to LPA entity,2025-09-26,
44006763,301,44014228,,redirect Historic England duplicate to LPA entity,2025-09-26,
44006764,301,44014237,,redirect Historic England duplicate to LPA entity,2025-09-26,
44006765,301,44014245,,redirect Historic England duplicate to LPA entity,2025-09-26,
44006766,301,44014236,,redirect Historic England duplicate to LPA entity,2025-09-26,
44006767,301,44014244,,redirect Historic England duplicate to LPA entity,2025-09-26,
44006768,301,44014229,,redirect Historic England duplicate to LPA entity,2025-09-26,
44006769,301,44014246,,redirect Historic England duplicate to LPA entity,2025-09-26,
44006770,301,44014223,,redirect Historic England duplicate to LPA entity,2025-09-26,
44007191,301,44010553,,redirect Historic England duplicate to LPA entity,2025-09-26,
44010461,301,44008848,,redirect Historic England duplicate to LPA entity,2025-09-26,
6314027,410,,,Data added to wrong dataset,2025-10-09,
6314028,410,,,Data added to wrong dataset,2025-10-09,
6314029,410,,,Data added to wrong dataset,2025-10-09,
6314030,410,,,Data added to wrong dataset,2025-10-09,
6314031,410,,,Data added to wrong dataset,2025-10-09,
6314032,410,,,Data added to wrong dataset,2025-10-09,
6314033,410,,,Data added to wrong dataset,2025-10-09,
6314034,410,,,Data added to wrong dataset,2025-10-09,
6314035,410,,,Data added to wrong dataset,2025-10-09,
6314036,410,,,Data added to wrong dataset,2025-10-09,
6314037,410,,,Data added to wrong dataset,2025-10-09,
6314038,410,,,Data added to wrong dataset,2025-10-09,
6314039,410,,,Data added to wrong dataset,2025-10-09,
6314040,410,,,Data added to wrong dataset,2025-10-09,
6314041,410,,,Data added to wrong dataset,2025-10-09,
6314042,410,,,Data added to wrong dataset,2025-10-09,
6314043,410,,,Data added to wrong dataset,2025-10-09,
6314044,410,,,Data added to wrong dataset,2025-10-09,
6314045,410,,,Data added to wrong dataset,2025-10-09,
6314046,410,,,Data added to wrong dataset,2025-10-09,
6314047,410,,,Data added to wrong dataset,2025-10-09,
6314048,410,,,Data added to wrong dataset,2025-10-09,
6314049,410,,,Data added to wrong dataset,2025-10-09,
6314050,410,,,Data added to wrong dataset,2025-10-09,
6314051,410,,,Data added to wrong dataset,2025-10-09,
6314052,410,,,Data added to wrong dataset,2025-10-09,
6314053,410,,,Data added to wrong dataset,2025-10-09,
6314054,410,,,Data added to wrong dataset,2025-10-09,
6314055,410,,,Data added to wrong dataset,2025-10-09,
6314056,410,,,Data added to wrong dataset,2025-10-09,
6314057,410,,,Data added to wrong dataset,2025-10-09,
6314058,410,,,Data added to wrong dataset,2025-10-09,
6314059,410,,,Data added to wrong dataset,2025-10-09,
6314060,410,,,Data added to wrong dataset,2025-10-09,
6314061,410,,,Data added to wrong dataset,2025-10-09,
6314062,410,,,Data added to wrong dataset,2025-10-09,
44001859,301,44014284,,redirect GLA duplicate to LPA entity,2025-10-10,
44001872,301,44014271,,redirect GLA duplicate to LPA entity,2025-10-10,
44001926,301,44014256,,redirect GLA duplicate to LPA entity,2025-10-10,
44001933,301,44014269,,redirect GLA duplicate to LPA entity,2025-10-10,
44001989,301,44014257,,redirect GLA duplicate to LPA entity,2025-10-10,
44002019,301,44014258,,redirect GLA duplicate to LPA entity,2025-10-10,
44002027,301,44014250,,redirect GLA duplicate to LPA entity,2025-10-10,
44002043,301,44014286,,redirect GLA duplicate to LPA entity,2025-10-10,
44002055,301,44014266,,redirect GLA duplicate to LPA entity,2025-10-10,
44002067,301,44014274,,redirect GLA duplicate to LPA entity,2025-10-10,
44002102,301,44014277,,redirect GLA duplicate to LPA entity,2025-10-10,
44002130,301,44014279,,redirect GLA duplicate to LPA entity,2025-10-10,
44002151,301,44014270,,redirect GLA duplicate to LPA entity,2025-10-10,
44002175,301,44014278,,redirect GLA duplicate to LPA entity,2025-10-10,
44002191,301,44014251,,redirect GLA duplicate to LPA entity,2025-10-10,
44002211,301,44014280,,redirect GLA duplicate to LPA entity,2025-10-10,
44002232,301,44014285,,redirect GLA duplicate to LPA entity,2025-10-10,
44002237,301,44014272,,redirect GLA duplicate to LPA entity,2025-10-10,
44002304,301,44014282,,redirect GLA duplicate to LPA entity,2025-10-10,
44002315,301,44014253,,redirect GLA duplicate to LPA entity,2025-10-10,
44002321,301,44014254,,redirect GLA duplicate to LPA entity,2025-10-10,
44008643,301,44014261,,redirect GLA duplicate to LPA entity,2025-10-10,
44008644,301,44014262,,redirect GLA duplicate to LPA entity,2025-10-10,
44014263,301,44008645,,redirect GLA duplicate to LPA entity,2025-10-10,
44008646,301,44014265,,redirect GLA duplicate to LPA entity,2025-10-10,
44014248,301,44008647,,redirect GLA duplicate to LPA entity,2025-10-10,
44014252,301,44008649,,redirect GLA duplicate to LPA entity,2025-10-10,
44014259,301,44008650,,redirect GLA duplicate to LPA entity,2025-10-10,
44014275,301,44008651,,redirect GLA duplicate to LPA entity,2025-10-10,
44014281,301,44008652,,redirect GLA duplicate to LPA entity,2025-10-10,
44014287,301,44008653,,redirect GLA duplicate to LPA entity,2025-10-10,
44014283,301,44008654,,redirect GLA duplicate to LPA entity,2025-10-10,
44008655,301,44014267,,redirect GLA duplicate to LPA entity,2025-10-10,
44002817,301,44009026,,redirect Historic England duplicate to LPA entity,2025-11-10,
44007142,301,44009036,,redirect Historic England duplicate to LPA entity,2025-11-10,
44002407,301,44009068,,redirect Historic England duplicate to LPA entity,2025-11-10,
44004364,301,44010474,,redirect Historic England duplicate to LPA entity,2025-11-10,
44009433,301,44010553,,redirect Historic England duplicate to LPA entity,2025-11-10,
44014029,301,44014120,,redirect Historic England duplicate to LPA entity,2025-11-10,
44007636,301,44009485,,redirect duplicate entity,2025-11-26,
44007638,301,44009486,,redirect duplicate entity,2025-11-26,
44007640,301,44009483,,redirect duplicate entity,2025-11-26,
44007642,301,44009471,,redirect duplicate entity,2025-11-26,
44007643,301,44009470,,redirect duplicate entity,2025-11-26,
44007644,301,44009474,,redirect duplicate entity,2025-11-26,
44007645,301,44009476,,redirect duplicate entity,2025-11-26,
44007647,301,44009477,,redirect duplicate entity,2025-11-26,
44007648,301,44009475,,redirect duplicate entity,2025-11-26,
44007649,301,44009473,,redirect duplicate entity,2025-11-26,
44007650,301,44009472,,redirect duplicate entity,2025-11-26,
44007651,301,44009479,,redirect duplicate entity,2025-11-26,
44007653,301,44009480,,redirect duplicate entity,2025-11-26,
44007654,301,44009481,,redirect duplicate entity,2025-11-26,
44007655,301,44009478,,redirect duplicate entity,2025-11-26,
44010575,301,44009394,,redirect duplicate entity,2025-11-26,
44010580,301,44009423,,redirect duplicate entity,2025-11-26,
44010554,301,44009434,,redirect duplicate entity,2025-11-26,
44010555,301,44009436,,redirect duplicate entity,2025-11-26,
44010556,301,44009437,,redirect duplicate entity,2025-11-26,
44010557,301,44009438,,redirect duplicate entity,2025-11-26,
44010558,301,44009439,,redirect duplicate entity,2025-11-26,
44010559,301,44009440,,redirect duplicate entity,2025-11-26,
44010560,301,44009443,,redirect duplicate entity,2025-11-26,
44010561,301,44009444,,redirect duplicate entity,2025-11-26,
44010562,301,44009445,,redirect duplicate entity,2025-11-26,
44010563,301,44009446,,redirect duplicate entity,2025-11-26,
44010564,301,44009448,,redirect duplicate entity,2025-11-26,
44010565,301,44009449,,redirect duplicate entity,2025-11-26,
44010566,301,44009450,,redirect duplicate entity,2025-11-26,
44010567,301,44009451,,redirect duplicate entity,2025-11-26,
44010568,301,44009452,,redirect duplicate entity,2025-11-26,
44010569,301,44009453,,redirect duplicate entity,2025-11-26,
44010570,301,44009455,,redirect duplicate entity,2025-11-26,
44010571,301,44009456,,redirect duplicate entity,2025-11-26,
44010572,301,44009457,,redirect duplicate entity,2025-11-26,
44010573,301,44009458,,redirect duplicate entity,2025-11-26,
44010574,301,44009459,,redirect duplicate entity,2025-11-26,
44010576,301,44009461,,redirect duplicate entity,2025-11-26,
44010577,301,44009462,,redirect duplicate entity,2025-11-26,
44010578,301,44009463,,redirect duplicate entity,2025-11-26,
44010579,301,44009464,,redirect duplicate entity,2025-11-26,
44010581,301,44009467,,redirect duplicate entity,2025-11-26,
44010582,301,44009469,,redirect duplicate entity,2025-11-26,
44010583,301,44009482,,redirect duplicate entity,2025-11-26,
44010584,301,44009484,,redirect duplicate entity,2025-11-26,
44010585,301,44009510,,redirect duplicate entity,2025-11-26,
44009591,301,44012803,,redirect duplicate entity,2025-11-26,
44009592,301,44012804,,redirect duplicate entity,2025-11-26,
44009593,301,44012802,,redirect duplicate entity,2025-11-26,
44001902,301,44003758,,redirect duplicate entity,2025-11-26,
44008714,301,44010294,,redirect duplicate entity,2025-11-26,
44008715,301,44010278,,redirect duplicate entity,2025-11-26,
44008717,301,44010284,,redirect duplicate entity,2025-11-26,
44008719,301,44010287,,redirect duplicate entity,2025-11-26,
44008723,301,44010272,,redirect duplicate entity,2025-11-26,
44008724,301,44010274,,redirect duplicate entity,2025-11-26,
44008725,301,44010285,,redirect duplicate entity,2025-11-26,
44008726,301,44010286,,redirect duplicate entity,2025-11-26,
44008728,301,44010281,,redirect duplicate entity,2025-11-26,
44008730,301,44010290,,redirect duplicate entity,2025-11-26,
44008731,301,44010282,,redirect duplicate entity,2025-11-26,
44008732,301,44010279,,redirect duplicate entity,2025-11-26,
44008734,301,44010293,,redirect duplicate entity,2025-11-26,
44008735,301,44010276,,redirect duplicate entity,2025-11-26,
44008736,301,44010291,,redirect duplicate entity,2025-11-26,
44008737,301,44010295,,redirect duplicate entity,2025-11-26,
44008738,301,44010289,,redirect duplicate entity,2025-11-26,
44008739,301,44010288,,redirect duplicate entity,2025-11-26,
44008740,301,44010292,,redirect duplicate entity,2025-11-26,
44008742,301,44010280,,redirect duplicate entity,2025-11-26,
44008367,301,44008746,,redirect duplicate entity,2025-11-26,
44008750,301,44012323,,redirect duplicate entity,2025-11-26,
44008751,301,44012337,,redirect duplicate entity,2025-11-26,
44008752,301,44012335,,redirect duplicate entity,2025-11-26,
44008721,301,44014364,,redirect duplicate entity,2025-11-26,
44008748,301,44014359,,redirect duplicate entity,2025-11-26,
44008765,301,44014360,,redirect duplicate entity,2025-11-26,
44008767,301,44014367,,redirect duplicate entity,2025-11-26,
44008769,301,44014361,,redirect duplicate entity,2025-11-26,
44008770,301,44014362,,redirect duplicate entity,2025-11-26,
44008771,301,44014363,,redirect duplicate entity,2025-11-26,
44008778,301,44014356,,redirect duplicate entity,2025-11-26,
44008779,301,44014357,,redirect duplicate entity,2025-11-26,
44008780,301,44014358,,redirect duplicate entity,2025-11-26,
44008785,301,44014346,,redirect duplicate entity,2025-11-26,
44008786,301,44014347,,redirect duplicate entity,2025-11-26,
44008788,301,44014348,,redirect duplicate entity,2025-11-26,
44008789,301,44014349,,redirect duplicate entity,2025-11-26,
44008791,301,44014365,,redirect duplicate entity,2025-11-26,
44008793,301,44014351,,redirect duplicate entity,2025-11-26,
44008794,301,44014352,,redirect duplicate entity,2025-11-26,
44009091,301,44014366,,redirect duplicate entity,2025-11-26,
44006854,301,44008834,,redirect duplicate entity,2025-11-26,
44009060,301,44010257,,redirect duplicate entity,2025-11-26,
44003488,301,44009090,,redirect duplicate entity,2025-11-26,
44008857,301,44012774,,redirect duplicate entity,2025-11-26,
44008882,301,44012761,,redirect duplicate entity,2025-11-26,
44008926,301,44012781,,redirect duplicate entity,2025-11-26,
44008927,301,44012792,,redirect duplicate entity,2025-11-26,
44008928,301,44012775,,redirect duplicate entity,2025-11-26,
44008929,301,44012795,,redirect duplicate entity,2025-11-26,
44008930,301,44012772,,redirect duplicate entity,2025-11-26,
44008931,301,44012782,,redirect duplicate entity,2025-11-26,
44008932,301,44012773,,redirect duplicate entity,2025-11-26,
44008933,301,44012767,,redirect duplicate entity,2025-11-26,
44008934,301,44012770,,redirect duplicate entity,2025-11-26,
44008935,301,44012778,,redirect duplicate entity,2025-11-26,
44008936,301,44012779,,redirect duplicate entity,2025-11-26,
44008937,301,44012783,,redirect duplicate entity,2025-11-26,
44008938,301,44012790,,redirect duplicate entity,2025-11-26,
44008939,301,44012776,,redirect duplicate entity,2025-11-26,
44008940,301,44012786,,redirect duplicate entity,2025-11-26,
44008941,301,44012788,,redirect duplicate entity,2025-11-26,
44008942,301,44012787,,redirect duplicate entity,2025-11-26,
44008943,301,44012780,,redirect duplicate entity,2025-11-26,
44008944,301,44012793,,redirect duplicate entity,2025-11-26,
44008945,301,44012760,,redirect duplicate entity,2025-11-26,
44008946,301,44012791,,redirect duplicate entity,2025-11-26,
44008947,301,44012764,,redirect duplicate entity,2025-11-26,
44008948,301,44012762,,redirect duplicate entity,2025-11-26,
44008949,301,44012765,,redirect duplicate entity,2025-11-26,
44008950,301,44012768,,redirect duplicate entity,2025-11-26,
44008951,301,44012794,,redirect duplicate entity,2025-11-26,
44008953,301,44012769,,redirect duplicate entity,2025-11-26,
44008954,301,44012771,,redirect duplicate entity,2025-11-26,
44008955,301,44012789,,redirect duplicate entity,2025-11-26,
44008959,301,44012784,,redirect duplicate entity,2025-11-26,
44008961,301,44012785,,redirect duplicate entity,2025-11-26,
44008962,301,44012759,,redirect duplicate entity,2025-11-26,
44008963,301,44012777,,redirect duplicate entity,2025-11-26,
44008964,301,44012796,,redirect duplicate entity,2025-11-26,
44008965,301,44012797,,redirect duplicate entity,2025-11-26,
44008966,301,44012763,,redirect duplicate entity,2025-11-26,
44008967,301,44012798,,redirect duplicate entity,2025-11-26,
44014032,301,44014148,,redirect duplicate entity,2025-11-26,
44014149,301,44014033,,redirect duplicate entity,2025-11-26,
44014150,301,44014034,,redirect duplicate entity,2025-11-26,
44014151,301,44014035,,redirect duplicate entity,2025-11-26,
44014152,301,44014036,,redirect duplicate entity,2025-11-26,
44014153,301,44014037,,redirect duplicate entity,2025-11-26,
44014154,301,44014038,,redirect duplicate entity,2025-11-26,
44014155,301,44014039,,redirect duplicate entity,2025-11-26,
44014156,301,44014040,,redirect duplicate entity,2025-11-26,
44014157,301,44014041,,redirect duplicate entity,2025-11-26,
44014158,301,44014042,,redirect duplicate entity,2025-11-26,
44014159,301,44014043,,redirect duplicate entity,2025-11-26,
44014160,301,44014044,,redirect duplicate entity,2025-11-26,
44014161,301,44014045,,redirect duplicate entity,2025-11-26,
44014162,301,44014046,,redirect duplicate entity,2025-11-26,
44014163,301,44014047,,redirect duplicate entity,2025-11-26,
44014164,301,44014048,,redirect duplicate entity,2025-11-26,
44014165,301,44014049,,redirect duplicate entity,2025-11-26,
44014166,301,44014050,,redirect duplicate entity,2025-11-26,
44014167,301,44014051,,redirect duplicate entity,2025-11-26,
44014168,301,44014052,,redirect duplicate entity,2025-11-26,
44014169,301,44014053,,redirect duplicate entity,2025-11-26,
44014170,301,44014054,,redirect duplicate entity,2025-11-26,
44014171,301,44014055,,redirect duplicate entity,2025-11-26,
44014172,301,44014056,,redirect duplicate entity,2025-11-26,
44001422,301,44014067,,redirect duplicate entity,2025-12-10,
44005211,301,44012414,,redirect duplicate entity,2025-12-10,
44006299,301,44014371,,redirect duplicate entity,2025-12-10,
44006300,301,44014382,,redirect duplicate entity,2025-12-10,
44006301,301,44014383,,redirect duplicate entity,2025-12-10,
44006302,301,44014376,,redirect duplicate entity,2025-12-10,
44006303,301,44014377,,redirect duplicate entity,2025-12-10,
44006304,301,44014381,,redirect duplicate entity,2025-12-10,
44006305,301,44014373,,redirect duplicate entity,2025-12-10,
44006306,301,44014386,,redirect duplicate entity,2025-12-10,
44006307,301,44014384,,redirect duplicate entity,2025-12-10,
44006308,301,44014378,,redirect duplicate entity,2025-12-10,
44006309,301,44014374,,redirect duplicate entity,2025-12-10,
44006310,301,44014372,,redirect duplicate entity,2025-12-10,
44006311,301,44014387,,redirect duplicate entity,2025-12-10,
44006312,301,44014375,,redirect duplicate entity,2025-12-10,
44006313,301,44014379,,redirect duplicate entity,2025-12-10,
44006314,301,44014385,,redirect duplicate entity,2025-12-10,
44006315,301,44014380,,redirect duplicate entity,2025-12-10,
44012758,301,44006677,,redirect duplicate entity,2025-12-10,
44010491,301,44012802,,redirect duplicate entity,2025-12-10,
44014057,301,44014398,,redirect duplicate entity,2025-12-10,
44014058,301,44014393,,redirect duplicate entity,2025-12-10,
44014059,301,44014396,,redirect duplicate entity,2025-12-10,
44014060,301,44014395,,redirect duplicate entity,2025-12-10,
44014061,301,44014394,,redirect duplicate entity,2025-12-10,
44014062,301,44014391,,redirect duplicate entity,2025-12-10,
44014063,301,44014392,,redirect duplicate entity,2025-12-10,
44014064,301,44014389,,redirect duplicate entity,2025-12-10,
44014065,301,44014399,,redirect duplicate entity,2025-12-10,
44014066,301,44014388,,redirect duplicate entity,2025-12-10,
44014099,301,44014404,,redirect duplicate entity,2025-12-10,
44014100,301,44014390,,redirect duplicate entity,2025-12-10,
44014101,301,44014413,,redirect duplicate entity,2025-12-10,
44014102,301,44014405,,redirect duplicate entity,2025-12-10,
44014103,301,44014397,,redirect duplicate entity,2025-12-10,
44014104,301,44014402,,redirect duplicate entity,2025-12-10,
44014105,301,44014403,,redirect duplicate entity,2025-12-10,
44014106,301,44014406,,redirect duplicate entity,2025-12-10,
44014107,301,44014407,,redirect duplicate entity,2025-12-10,
44014108,301,44014415,,redirect duplicate entity,2025-12-10,
44014109,301,44014408,,redirect duplicate entity,2025-12-10,
44014110,301,44014409,,redirect duplicate entity,2025-12-10,
44014111,301,44014410,,redirect duplicate entity,2025-12-10,
44014112,301,44014417,,redirect duplicate entity,2025-12-10,
44014113,301,44014411,,redirect duplicate entity,2025-12-10,
44014114,301,44014412,,redirect duplicate entity,2025-12-10,
44014115,301,44014416,,redirect duplicate entity,2025-12-10,
44014116,301,44014418,,redirect duplicate entity,2025-12-10,
44014117,301,44014400,,redirect duplicate entity,2025-12-10,
44014118,301,44014401,,redirect duplicate entity,2025-12-10,
44014119,301,44014414,,redirect duplicate entity,2025-12-10,
44009392,301,44010418,,redirect duplicate entity,2025-12-11,
44009393,301,44010459,,redirect duplicate entity,2025-12-11,
44009395,301,44010515,,redirect duplicate entity,2025-12-11,
44009468,301,44010497,,redirect duplicate entity,2025-12-11,
44009509,301,44010499,,redirect duplicate entity,2025-12-11,
44009511,301,44010435,,redirect duplicate entity,2025-12-11,
44009512,301,44010416,,redirect duplicate entity,2025-12-11,
44009513,301,44010480,,redirect duplicate entity,2025-12-11,
44009515,301,44010425,,redirect duplicate entity,2025-12-11,
44009516,301,44010455,,redirect duplicate entity,2025-12-11,
44009517,301,44010486,,redirect duplicate entity,2025-12-11,
44009518,301,44010442,,redirect duplicate entity,2025-12-11,
44009519,301,44010436,,redirect duplicate entity,2025-12-11,
44009520,301,44010481,,redirect duplicate entity,2025-12-11,
44009524,301,44010437,,redirect duplicate entity,2025-12-11,
44009525,301,44010483,,redirect duplicate entity,2025-12-11,
44009527,301,44010438,,redirect duplicate entity,2025-12-11,
44009528,301,44010439,,redirect duplicate entity,2025-12-11,
44009529,301,44010430,,redirect duplicate entity,2025-12-11,
44009530,301,44010484,,redirect duplicate entity,2025-12-11,
44009531,301,44010441,,redirect duplicate entity,2025-12-11,
44009532,301,44010485,,redirect duplicate entity,2025-12-11,
44009533,301,44010440,,redirect duplicate entity,2025-12-11,
44009534,301,44010443,,redirect duplicate entity,2025-12-11,
44009535,301,44010444,,redirect duplicate entity,2025-12-11,
44009536,301,44010415,,redirect duplicate entity,2025-12-11,
44009537,301,44010487,,redirect duplicate entity,2025-12-11,
44009538,301,44010431,,redirect duplicate entity,2025-12-11,
44009539,301,44010445,,redirect duplicate entity,2025-12-11,
44009540,301,44010446,,redirect duplicate entity,2025-12-11,
44009541,301,44010488,,redirect duplicate entity,2025-12-11,
44009542,301,44010422,,redirect duplicate entity,2025-12-11,
44009543,301,44010447,,redirect duplicate entity,2025-12-11,
44009544,301,44010417,,redirect duplicate entity,2025-12-11,
44009545,301,44010448,,redirect duplicate entity,2025-12-11,
44009546,301,44010489,,redirect duplicate entity,2025-12-11,
44009549,301,44010492,,redirect duplicate entity,2025-12-11,
44009550,301,44010494,,redirect duplicate entity,2025-12-11,
44009551,301,44010493,,redirect duplicate entity,2025-12-11,
44009553,301,44010495,,redirect duplicate entity,2025-12-11,
44009555,301,44010498,,redirect duplicate entity,2025-12-11,
44009556,301,44010500,,redirect duplicate entity,2025-12-11,
44009557,301,44010420,,redirect duplicate entity,2025-12-11,
44009559,301,44010421,,redirect duplicate entity,2025-12-11,
44009560,301,44010423,,redirect duplicate entity,2025-12-11,
44009561,301,44010502,,redirect duplicate entity,2025-12-11,
44009562,301,44010424,,redirect duplicate entity,2025-12-11,
44009563,301,44010503,,redirect duplicate entity,2025-12-11,
44009565,301,44010505,,redirect duplicate entity,2025-12-11,
44009566,301,44010506,,redirect duplicate entity,2025-12-11,
44009568,301,44010507,,redirect duplicate entity,2025-12-11,
44009569,301,44010508,,redirect duplicate entity,2025-12-11,
44009570,301,44010509,,redirect duplicate entity,2025-12-11,
44009571,301,44010457,,redirect duplicate entity,2025-12-11,
44009572,301,44010510,,redirect duplicate entity,2025-12-11,
44009573,301,44010426,,redirect duplicate entity,2025-12-11,
44009574,301,44010427,,redirect duplicate entity,2025-12-11,
44009575,301,44010428,,redirect duplicate entity,2025-12-11,
44009576,301,44010429,,redirect duplicate entity,2025-12-11,
44009577,301,44010511,,redirect duplicate entity,2025-12-11,
44009578,301,44010449,,redirect duplicate entity,2025-12-11,
44009579,301,44010450,,redirect duplicate entity,2025-12-11,
44009580,301,44010451,,redirect duplicate entity,2025-12-11,
44009581,301,44010512,,redirect duplicate entity,2025-12-11,
44009582,301,44010452,,redirect duplicate entity,2025-12-11,
44009583,301,44010453,,redirect duplicate entity,2025-12-11,
44009584,301,44010513,,redirect duplicate entity,2025-12-11,
44009585,301,44010454,,redirect duplicate entity,2025-12-11,
44009586,301,44010433,,redirect duplicate entity,2025-12-11,
44009587,301,44010514,,redirect duplicate entity,2025-12-11,
44009588,301,44010434,,redirect duplicate entity,2025-12-11,
44009589,301,44010456,,redirect duplicate entity,2025-12-11,
44009590,301,44010458,,redirect duplicate entity,2025-12-11,
44010491,301,44012802,,redirect duplicate entity,2025-12-11,
44009487,301,44010466,,redirect duplicate entity,2025-12-11,
44009488,301,44010464,,redirect duplicate entity,2025-12-11,
44009489,301,44010465,,redirect duplicate entity,2025-12-11,
44009491,301,44010523,,redirect duplicate entity,2025-12-11,
44009492,301,44010468,,redirect duplicate entity,2025-12-11,
44009493,301,44010469,,redirect duplicate entity,2025-12-11,
44009495,301,44010518,,redirect duplicate entity,2025-12-11,
44009496,301,44010470,,redirect duplicate entity,2025-12-11,
44009498,301,44010471,,redirect duplicate entity,2025-12-11,
44009499,301,44010473,,redirect duplicate entity,2025-12-11,
44009500,301,44010472,,redirect duplicate entity,2025-12-11,
44009501,301,44010516,,redirect duplicate entity,2025-12-11,
44009502,301,44010517,,redirect duplicate entity,2025-12-11,
44009503,301,44010519,,redirect duplicate entity,2025-12-11,
44009504,301,44010520,,redirect duplicate entity,2025-12-11,
44009505,301,44010521,,redirect duplicate entity,2025-12-11,
44009506,301,44010467,,redirect duplicate entity,2025-12-11,
44009507,301,44010522,,redirect duplicate entity,2025-12-11,
44009508,301,44010524,,redirect duplicate entity,2025-12-11,
44009396,301,44010525,,redirect duplicate entity,2025-12-11,
44009398,301,44010476,,redirect duplicate entity,2025-12-11,
44009399,301,44010527,,redirect duplicate entity,2025-12-11,
44009401,301,44010528,,redirect duplicate entity,2025-12-11,
44009402,301,44010529,,redirect duplicate entity,2025-12-11,
44009403,301,44010530,,redirect duplicate entity,2025-12-11,
44009404,301,44010531,,redirect duplicate entity,2025-12-11,
44009405,301,44010532,,redirect duplicate entity,2025-12-11,
44009407,301,44010477,,redirect duplicate entity,2025-12-11,
44009409,301,44010533,,redirect duplicate entity,2025-12-11,
44009410,301,44010534,,redirect duplicate entity,2025-12-11,
44009411,301,44010535,,redirect duplicate entity,2025-12-11,
44009413,301,44010536,,redirect duplicate entity,2025-12-11,
44009414,301,44010537,,redirect duplicate entity,2025-12-11,
44009415,301,44010538,,redirect duplicate entity,2025-12-11,
44009416,301,44010539,,redirect duplicate entity,2025-12-11,
44009418,301,44010540,,redirect duplicate entity,2025-12-11,
44009419,301,44010541,,redirect duplicate entity,2025-12-11,
44009420,301,44010542,,redirect duplicate entity,2025-12-11,
44009421,301,44010543,,redirect duplicate entity,2025-12-11,
44009422,301,44010544,,redirect duplicate entity,2025-12-11,
44009425,301,44010546,,redirect duplicate entity,2025-12-11,
44009426,301,44010547,,redirect duplicate entity,2025-12-11,
44009427,301,44010548,,redirect duplicate entity,2025-12-11,
44009428,301,44010549,,redirect duplicate entity,2025-12-11,
44009429,301,44010550,,redirect duplicate entity,2025-12-11,
44009430,301,44010551,,redirect duplicate entity,2025-12-11,
44009432,301,44010552,,redirect duplicate entity,2025-12-11,
44009466,301,44010478,,redirect duplicate entity,2025-12-11,
