prefix,resource,organisation,reference,entity
article-4-direction,,,A4 1,7010000000
article-4-direction,,,A4 2,7010000001
article-4-direction,,,A4 3,7010000002
article-4-direction,,,A4 4,7010000003
article-4-direction,,,A4 5,7010000004
article-4-direction,,,A4 6,7010000005
article-4-direction,,,A4 7,7010000006
article-4-direction,,,A4 8,7010000007
article-4-direction,,,A4 9,7010000008
article-4-direction,,,albert-square,7010000009
article-4-direction,,,central-activites-zone,7010000010
article-4-direction,,,change-of-use-in-town-centres,7010000011
article-4-direction,,,clapham-north-industrial-estat,7010000012
article-4-direction,,,hanover-garden,7010000013
article-4-direction,,,houses-in-multiple-occupation,7010000014
article-4-direction,,,hyde-farm,7010000015
article-4-direction,,,lansdowne-gardens,7010000016
article-4-direction,,,leigham-court-estate,7010000017
article-4-direction,,,light-industrial,7010000018
article-4-direction,,,llc-art4-0001,7010000019
article-4-direction,,,llc-art4-0002,7010000020
article-4-direction,,,llc-art4-0003,7010000021
article-4-direction,,,llc-art4-0004,7010000022
article-4-direction,,,llc-art4-0005,7010000023
article-4-direction,,,llc-art4-0006,7010000024
article-4-direction,,,llc-art4-0007,7010000025
article-4-direction,,,llc-art4-0008,7010000026
article-4-direction,,,llc-art4-0009,7010000027
article-4-direction,,,llc-art4-0010,7010000028
article-4-direction,,,llc-art4-0011,7010000029
article-4-direction,,,llc-art4-0012,7010000030
article-4-direction,,,llc-art4-0013,7010000031
article-4-direction,,,llc-art4-0014,7010000032
article-4-direction,,,llc-art4-0015-os-3917,7010000033
article-4-direction,,,llc-art4-0016,7010000034
article-4-direction,,,llc-art4-0017,7010000035
article-4-direction,,,llc-art4-0018,7010000036
article-4-direction,,,llc-art4-0019,7010000038
article-4-direction,,,london-central-activities-zone,7010000039
article-4-direction,,,old-southern-railways-and-the-,7010000040
article-4-direction,,,park-hall-road,7010000041
article-4-direction,,,public-houses,7010000042
article-4-direction,,,railway-arches,7010000043
article-4-direction,,,st-marks,7010000045
article-4-direction,,,stockwell-park,7010000046
article-4-direction,,,streatham-lodge,7010000047
article-4-direction,,,sunray-estate,7010000048
article-4-direction,,local-authority-eng:LBH,1,7010000051
article-4-direction,,local-authority-eng:LBH,2,7010000052
article-4-direction,,local-authority-eng:LBH,3,7010000053
article-4-direction,,local-authority-eng:LBH,4,7010000054
article-4-direction,,local-authority-eng:LBH,5,7010000055
article-4-direction,,local-authority-eng:LBH,6,7010000056
article-4-direction,,local-authority-eng:LBH,7,7010000057
article-4-direction,,local-authority-eng:LBH,8,7010000058
article-4-direction,,local-authority-eng:LBH,9,7010000059
article-4-direction,,local-authority-eng:LBH,10,7010000060
article-4-direction,,local-authority-eng:LBH,11,7010000061
article-4-direction,,local-authority-eng:LBH,12,7010000062
article-4-direction,,local-authority-eng:LBH,13,7010000063
article-4-direction,,local-authority-eng:LBH,14,7010000064
article-4-direction,,local-authority-eng:LBH,15,7010000065
article-4-direction,,local-authority-eng:LBH,16,7010000066
article-4-direction,,local-authority-eng:LBH,17,7010000067
article-4-direction,,local-authority-eng:LBH,18,7010000068
article-4-direction,,local-authority-eng:LBH,19,7010000069
article-4-direction,,local-authority-eng:CAT,72952,5010000001
article-4-direction,,local-authority-eng:CAT,72953,5010000002
article-4-direction,,local-authority-eng:CAT,72954,5010000003
article-4-direction,,local-authority-eng:CAT,72955,5010000004
article-4-direction,,local-authority-eng:CAT,72956,5010000005
article-4-direction,,local-authority-eng:CAT,72957,5010000006
article-4-direction,,local-authority-eng:CAT,72958,5010000007
article-4-direction,,local-authority-eng:CAT,72959,5010000008
article-4-direction,,local-authority-eng:CAT,72960,5010000009
article-4-direction,,local-authority-eng:CAT,72961,5010000010
article-4-direction,,local-authority-eng:CAT,72962,5010000011
article-4-direction,,local-authority-eng:CAT,72963,5010000012
article-4-direction,,local-authority-eng:CAT,72964,5010000013
article-4-direction,,local-authority-eng:CAT,72965,5010000014
article-4-direction,,local-authority-eng:CAT,72966,5010000015
article-4-direction,,local-authority-eng:CAT,72967,5010000016
article-4-direction,,local-authority-eng:CAT,72968,5010000017
article-4-direction,,local-authority-eng:CAT,72969,5010000018
article-4-direction,,local-authority-eng:CAT,72970,5010000019
article-4-direction,,local-authority-eng:CAT,72971,5010000020
article-4-direction,,local-authority-eng:CAT,72972,5010000021
article-4-direction,,local-authority-eng:CAT,72973,5010000022
article-4-direction,,local-authority-eng:CAT,72974,5010000023
article-4-direction,,local-authority-eng:CAT,72975,5010000024
article-4-direction,,local-authority-eng:CAT,72976,5010000025
article-4-direction,,local-authority-eng:CAT,72977,5010000026
article-4-direction,,local-authority-eng:CAT,72978,5010000027
article-4-direction,,local-authority-eng:CAT,72979,5010000028
article-4-direction,,local-authority-eng:CAT,72980,5010000029
article-4-direction,,local-authority-eng:CAT,72981,5010000030
article-4-direction,,local-authority-eng:CAT,72982,5010000031
article-4-direction,,local-authority-eng:CAT,72983,5010000032
article-4-direction,,local-authority-eng:CAT,72984,5010000033
article-4-direction,,local-authority-eng:CAT,72985,5010000034
article-4-direction,,local-authority-eng:CAT,72986,5010000035
article-4-direction,,local-authority-eng:CAT,72987,5010000036
article-4-direction,,local-authority-eng:CAT,72988,5010000037
article-4-direction,,local-authority-eng:CAT,72989,5010000038
article-4-direction,,local-authority-eng:CAT,72990,5010000039
article-4-direction,,local-authority-eng:CAT,72991,5010000040
article-4-direction,,local-authority-eng:CAT,72992,5010000041
article-4-direction,,local-authority-eng:CAT,72993,5010000042
article-4-direction,,local-authority-eng:CAT,72994,5010000043
article-4-direction,,local-authority-eng:CAT,72995,5010000044
article-4-direction,,local-authority-eng:CAT,72996,5010000045
article-4-direction,,local-authority-eng:CAT,72997,5010000046
article-4-direction,,local-authority-eng:CAT,72998,5010000047
article-4-direction,,local-authority-eng:CAT,72999,5010000048
article-4-direction,,local-authority-eng:CAT,73000,5010000049
article-4-direction,,local-authority-eng:CAT,73001,5010000050
article-4-direction,,local-authority-eng:CAT,73002,5010000051
article-4-direction,,local-authority-eng:CAT,73003,5010000052
article-4-direction,,local-authority-eng:CAT,73004,5010000053
article-4-direction,,local-authority-eng:CAT,73005,5010000054
article-4-direction,,local-authority-eng:CAT,73006,5010000055
article-4-direction,,local-authority-eng:CAT,73007,5010000056
article-4-direction,,local-authority-eng:CAT,73008,5010000057
article-4-direction,,local-authority-eng:CAT,73009,5010000058
article-4-direction,,local-authority-eng:CAT,73010,5010000059
article-4-direction,,local-authority-eng:CAT,73011,5010000060
article-4-direction,,local-authority-eng:CAT,73012,5010000061
article-4-direction,,local-authority-eng:CAT,73013,5010000062
article-4-direction,,local-authority-eng:CAT,73014,5010000063
article-4-direction,,local-authority-eng:CAT,73015,5010000064
article-4-direction,,local-authority-eng:CAT,73016,5010000065
article-4-direction,,local-authority-eng:CAT,73017,5010000066
article-4-direction,,local-authority-eng:CAT,73018,5010000067
article-4-direction,,local-authority-eng:CAT,73019,5010000068
article-4-direction,,local-authority-eng:CAT,73020,5010000069
article-4-direction,,local-authority-eng:CAT,73021,5010000070
article-4-direction,,local-authority-eng:CAT,73022,5010000071
article-4-direction,,local-authority-eng:CAT,73023,5010000072
article-4-direction,,local-authority-eng:CAT,73024,5010000073
article-4-direction,,local-authority-eng:CAT,73025,5010000074
article-4-direction,,local-authority-eng:CAT,73026,5010000075
article-4-direction,,local-authority-eng:CAT,73027,5010000076
article-4-direction,,local-authority-eng:CAT,73028,5010000077
article-4-direction,,local-authority-eng:CAT,73029,5010000078
article-4-direction,,local-authority-eng:CAT,73030,5010000079
article-4-direction,,local-authority-eng:CAT,73031,5010000080
article-4-direction,,local-authority-eng:CAT,73032,5010000081
article-4-direction,,local-authority-eng:CAT,73033,5010000082
article-4-direction,,local-authority-eng:CAT,73034,5010000083
article-4-direction,,local-authority-eng:CAT,73035,5010000084
article-4-direction,,local-authority-eng:CAT,73036,5010000085
article-4-direction,,local-authority-eng:CAT,73037,5010000086
article-4-direction,,local-authority-eng:CAT,73038,5010000087
article-4-direction,,local-authority-eng:CAT,73039,5010000088
article-4-direction,,local-authority-eng:CAT,73040,5010000089
article-4-direction,,local-authority-eng:CAT,73041,5010000090
article-4-direction,,local-authority-eng:CAT,73042,5010000091
article-4-direction,,local-authority-eng:CAT,73043,5010000092
article-4-direction,,local-authority-eng:CAT,73044,5010000093
article-4-direction,,local-authority-eng:CAT,73045,5010000094
article-4-direction,,local-authority-eng:CAT,73046,5010000095
article-4-direction,,local-authority-eng:CAT,73047,5010000096
article-4-direction,,local-authority-eng:CAT,73048,5010000097
article-4-direction,,local-authority-eng:CAT,73049,5010000098
article-4-direction,,local-authority-eng:CAT,73050,5010000099
article-4-direction,,local-authority-eng:CAT,73051,5010000100
article-4-direction,,local-authority-eng:CAT,73052,5010000101
article-4-direction,,local-authority-eng:CAT,73053,5010000102
article-4-direction,,local-authority-eng:CAT,73054,5010000103
article-4-direction,,local-authority-eng:CAT,73055,5010000104
article-4-direction,,local-authority-eng:CAT,73056,5010000105
article-4-direction,,local-authority-eng:CAT,73057,5010000106
article-4-direction,,local-authority-eng:CAT,73058,5010000107
article-4-direction,,local-authority-eng:CAT,73059,5010000108
article-4-direction,,local-authority-eng:CAT,73060,5010000109
article-4-direction,,local-authority-eng:CAT,73061,5010000110
article-4-direction,,local-authority-eng:CAT,73062,5010000111
article-4-direction,,local-authority-eng:CAT,73063,5010000112
article-4-direction,,local-authority-eng:CAT,73064,5010000113
article-4-direction,,local-authority-eng:CAT,73065,5010000114
article-4-direction,,local-authority-eng:CAT,73066,5010000115
article-4-direction,,local-authority-eng:CAT,73067,5010000116
article-4-direction,,local-authority-eng:CAT,73068,5010000117
article-4-direction,,local-authority-eng:CAT,73069,5010000118
article-4-direction,,local-authority-eng:CAT,73070,5010000119
article-4-direction,,local-authority-eng:CAT,73071,5010000120
article-4-direction,,local-authority-eng:CAT,73072,5010000121
article-4-direction,,local-authority-eng:CAT,73073,5010000122
article-4-direction,,local-authority-eng:CAT,73074,5010000123
article-4-direction,,local-authority-eng:CAT,73075,5010000124
article-4-direction,,local-authority-eng:CAT,73076,5010000125
article-4-direction,,local-authority-eng:CAT,73077,5010000126
article-4-direction,,local-authority-eng:CAT,73078,5010000127
article-4-direction,,local-authority-eng:CAT,73079,5010000128
article-4-direction,,local-authority-eng:CAT,73080,5010000129
article-4-direction,,local-authority-eng:CAT,73081,5010000130
article-4-direction,,local-authority-eng:CAT,73082,5010000131
article-4-direction,,local-authority-eng:CAT,73083,5010000132
article-4-direction,,local-authority-eng:CAT,73084,5010000133
article-4-direction,,local-authority-eng:CAT,73085,5010000134
article-4-direction,,local-authority-eng:CAT,73086,5010000135
article-4-direction,,local-authority-eng:CAT,73087,5010000136
article-4-direction,,local-authority-eng:CAT,73088,5010000137
article-4-direction,,local-authority-eng:CAT,73089,5010000138
article-4-direction,,local-authority-eng:CAT,73090,5010000139
article-4-direction,,local-authority-eng:CAT,73091,5010000140
article-4-direction,,local-authority-eng:CAT,73092,5010000141
article-4-direction,,local-authority-eng:CAT,73093,5010000142
article-4-direction,,local-authority-eng:CAT,73094,5010000143
article-4-direction,,local-authority-eng:CAT,73095,5010000144
article-4-direction,,local-authority-eng:CAT,73096,5010000145
article-4-direction,,local-authority-eng:CAT,73097,5010000146
article-4-direction,,local-authority-eng:CAT,73098,5010000147
article-4-direction,,local-authority-eng:CAT,73099,5010000148
article-4-direction,,local-authority-eng:CAT,73100,5010000149
article-4-direction,,local-authority-eng:CAT,73101,5010000150
article-4-direction,,local-authority-eng:CAT,73102,5010000151
article-4-direction,,local-authority-eng:CAT,73103,5010000152
article-4-direction,,local-authority-eng:CAT,73104,5010000153
article-4-direction,,local-authority-eng:CAT,73105,5010000154
article-4-direction,,local-authority-eng:CAT,73106,5010000155
article-4-direction,,local-authority-eng:CAT,73107,5010000156
article-4-direction,,local-authority-eng:CAT,73108,5010000157
article-4-direction,,local-authority-eng:CAT,73109,5010000158
article-4-direction,,local-authority-eng:CAT,73110,5010000159
article-4-direction,,local-authority-eng:CAT,73111,5010000160
article-4-direction,,local-authority-eng:CAT,73112,5010000161
article-4-direction,,local-authority-eng:CAT,73113,5010000162
article-4-direction,,local-authority-eng:CAT,73114,5010000163
article-4-direction,,local-authority-eng:CAT,73115,5010000164
article-4-direction,,local-authority-eng:CAT,73116,5010000165
article-4-direction,,local-authority-eng:CAT,73117,5010000166
article-4-direction,,local-authority-eng:CAT,73118,5010000167
article-4-direction,,local-authority-eng:CAT,73119,5010000168
article-4-direction,,local-authority-eng:CAT,73120,5010000169
article-4-direction,,local-authority-eng:CAT,73121,5010000170
article-4-direction,,local-authority-eng:CAT,73122,5010000171
article-4-direction,,local-authority-eng:CAT,73123,5010000172
article-4-direction,,local-authority-eng:CAT,73124,5010000173
article-4-direction,,local-authority-eng:CAT,73125,5010000174
article-4-direction,,local-authority-eng:CAT,73126,5010000175
article-4-direction,,local-authority-eng:CAT,73127,5010000176
article-4-direction,,local-authority-eng:CAT,73128,5010000177
article-4-direction,,local-authority-eng:CAT,73129,5010000178
article-4-direction,,local-authority-eng:CAT,73130,5010000179
article-4-direction,,local-authority-eng:CAT,73131,5010000180
article-4-direction,,local-authority-eng:CAT,73132,5010000181
article-4-direction,,local-authority-eng:CAT,73133,5010000182
article-4-direction,,local-authority-eng:CAT,73134,5010000183
article-4-direction,,local-authority-eng:CAT,73135,5010000184
article-4-direction,,local-authority-eng:CAT,73136,5010000185
article-4-direction,,local-authority-eng:CAT,73137,5010000186
article-4-direction,,local-authority-eng:CAT,73138,5010000187
article-4-direction,,local-authority-eng:CAT,73139,5010000188
article-4-direction,,local-authority-eng:CAT,73140,5010000189
article-4-direction,,local-authority-eng:CAT,73141,5010000190
article-4-direction,,local-authority-eng:CAT,73142,5010000191
article-4-direction,,local-authority-eng:CAT,73143,5010000192
article-4-direction,,local-authority-eng:CAT,73144,5010000193
article-4-direction,,local-authority-eng:CAT,73145,5010000194
article-4-direction,,local-authority-eng:CAT,73146,5010000195
article-4-direction,,local-authority-eng:CAT,73147,5010000196
article-4-direction,,local-authority-eng:CAT,73148,5010000197
article-4-direction,,local-authority-eng:CAT,73149,5010000198
article-4-direction,,local-authority-eng:CAT,73150,5010000199
article-4-direction,,local-authority-eng:CAT,73151,5010000200
article-4-direction,,local-authority-eng:CAT,73152,5010000201
article-4-direction,,local-authority-eng:CAT,73153,5010000202
article-4-direction,,local-authority-eng:CAT,73154,5010000203
article-4-direction,,local-authority-eng:CAT,73155,5010000204
article-4-direction,,local-authority-eng:CAT,73156,5010000205
article-4-direction,,local-authority-eng:CAT,73157,5010000206
article-4-direction,,local-authority-eng:CAT,73158,5010000207
article-4-direction,,local-authority-eng:CAT,73159,5010000208
article-4-direction,,local-authority-eng:CAT,73160,5010000209
article-4-direction,,local-authority-eng:CAT,73161,5010000210
article-4-direction,,local-authority-eng:CAT,73162,5010000211
article-4-direction,,local-authority-eng:CAT,73163,5010000212
article-4-direction,,local-authority-eng:CAT,73164,5010000213
article-4-direction,,local-authority-eng:CAT,73165,5010000214
article-4-direction,,local-authority-eng:CAT,73166,5010000215
article-4-direction,,local-authority-eng:CAT,73167,5010000216
article-4-direction,,local-authority-eng:CAT,73168,5010000217
article-4-direction,,local-authority-eng:CAT,73169,5010000218
article-4-direction,,local-authority-eng:CAT,73170,5010000219
article-4-direction,,local-authority-eng:CAT,73171,5010000220
article-4-direction,,local-authority-eng:CAT,73172,5010000221
article-4-direction,,local-authority-eng:CAT,73173,5010000222
article-4-direction,,local-authority-eng:CAT,73174,5010000223
article-4-direction,,local-authority-eng:CAT,73175,5010000224
article-4-direction,,local-authority-eng:CAT,73176,5010000225
article-4-direction,,local-authority-eng:CAT,73177,5010000226
article-4-direction,,local-authority-eng:CAT,73178,5010000227
article-4-direction,,local-authority-eng:CAT,73179,5010000228
article-4-direction,,local-authority-eng:CAT,73180,5010000229
article-4-direction,,local-authority-eng:CAT,73181,5010000230
article-4-direction,,local-authority-eng:CAT,73182,5010000231
article-4-direction,,local-authority-eng:CAT,73183,5010000232
article-4-direction,,local-authority-eng:CAT,73184,5010000233
article-4-direction,,local-authority-eng:CAT,73185,5010000234
article-4-direction,,local-authority-eng:CAT,73186,5010000235
article-4-direction,,local-authority-eng:CAT,73187,5010000236
article-4-direction,,local-authority-eng:CAT,73188,5010000237
article-4-direction,,local-authority-eng:CAT,73189,5010000238
article-4-direction,,local-authority-eng:CAT,73190,5010000239
article-4-direction,,local-authority-eng:CAT,73191,5010000240
article-4-direction,,local-authority-eng:CAT,73192,5010000241
article-4-direction,,local-authority-eng:CAT,73193,5010000242
article-4-direction,,local-authority-eng:CAT,73194,5010000243
article-4-direction,,local-authority-eng:CAT,73195,5010000244
article-4-direction,,local-authority-eng:CAT,73196,5010000245
article-4-direction,,local-authority-eng:CAT,73197,5010000246
article-4-direction,,local-authority-eng:CAT,73198,5010000247
article-4-direction,,local-authority-eng:CAT,73199,5010000248
article-4-direction,,local-authority-eng:CAT,73200,5010000249
article-4-direction,,local-authority-eng:CAT,73201,5010000250
article-4-direction,,local-authority-eng:CAT,73202,5010000251
article-4-direction,,local-authority-eng:CAT,73203,5010000252
article-4-direction,,local-authority-eng:CAT,73204,5010000253
article-4-direction,,local-authority-eng:CAT,73205,5010000254
article-4-direction,,local-authority-eng:CAT,73206,5010000255
article-4-direction,,local-authority-eng:CAT,73207,5010000256
article-4-direction,,local-authority-eng:CAT,73208,5010000257
article-4-direction,,local-authority-eng:CAT,73209,5010000258
article-4-direction,,local-authority-eng:CAT,73210,5010000259
article-4-direction,,local-authority-eng:CAT,73211,5010000260
article-4-direction,,local-authority-eng:CAT,73212,5010000261
article-4-direction,,local-authority-eng:CAT,73213,5010000262
article-4-direction,,local-authority-eng:CAT,73214,5010000263
article-4-direction,,local-authority-eng:CAT,73215,5010000264
article-4-direction,,local-authority-eng:CAT,73216,5010000265
article-4-direction,,local-authority-eng:CAT,73217,5010000266
article-4-direction,,local-authority-eng:CAT,73218,5010000267
article-4-direction,,local-authority-eng:CAT,73219,5010000268
article-4-direction,,local-authority-eng:CAT,73220,5010000269
article-4-direction,,local-authority-eng:CAT,73221,5010000270
article-4-direction,,local-authority-eng:CAT,73222,5010000271
article-4-direction,,local-authority-eng:CAT,73223,5010000272
article-4-direction,,local-authority-eng:CAT,73224,5010000273
article-4-direction,,local-authority-eng:CAT,73225,5010000274
article-4-direction,,local-authority-eng:CAT,73226,5010000275
article-4-direction,,local-authority-eng:CAT,73227,5010000276
article-4-direction,,local-authority-eng:CAT,73228,5010000277
article-4-direction,,local-authority-eng:CAT,73229,5010000278
article-4-direction,,local-authority-eng:CAT,73230,5010000279
article-4-direction,,local-authority-eng:CAT,73231,5010000280
article-4-direction,,local-authority-eng:CAT,73232,5010000281
article-4-direction,,local-authority-eng:CAT,73233,5010000282
article-4-direction,,local-authority-eng:CAT,73234,5010000283
article-4-direction,,local-authority-eng:CAT,73235,5010000284
article-4-direction,,local-authority-eng:CAT,73236,5010000285
article-4-direction,,local-authority-eng:CAT,73237,5010000286
article-4-direction,,local-authority-eng:CAT,73238,5010000287
article-4-direction,,local-authority-eng:CAT,73239,5010000288
article-4-direction,,local-authority-eng:CAT,73240,5010000289
article-4-direction,,local-authority-eng:CAT,73241,5010000290
article-4-direction,,local-authority-eng:CAT,73242,5010000291
article-4-direction,,local-authority-eng:CAT,73243,5010000292
article-4-direction,,local-authority-eng:CAT,73244,5010000293
article-4-direction,,local-authority-eng:CAT,73245,5010000294
article-4-direction,,local-authority-eng:CAT,73246,5010000295
article-4-direction,,local-authority-eng:CAT,73247,5010000296
article-4-direction,,local-authority-eng:CAT,73248,5010000297
article-4-direction,,local-authority-eng:CAT,73249,5010000298
article-4-direction,,local-authority-eng:CAT,73250,5010000299
article-4-direction,,local-authority-eng:CAT,73251,5010000300
article-4-direction,,local-authority-eng:CAT,73252,5010000301
article-4-direction,,local-authority-eng:CAT,73253,5010000302
article-4-direction,,local-authority-eng:CAT,73254,5010000303
article-4-direction,,local-authority-eng:CAT,73255,5010000304
article-4-direction,,local-authority-eng:CAT,73256,5010000305
article-4-direction,,local-authority-eng:CAT,73257,5010000306
article-4-direction,,local-authority-eng:CAT,73258,5010000307
article-4-direction,,local-authority-eng:CAT,73259,5010000308
article-4-direction,,local-authority-eng:CAT,73260,5010000309
article-4-direction,,local-authority-eng:CAT,73261,5010000310
article-4-direction,,local-authority-eng:CAT,73262,5010000311
article-4-direction,,local-authority-eng:CAT,73263,5010000312
article-4-direction,,local-authority-eng:CAT,73264,5010000313
article-4-direction,,local-authority-eng:CAT,73265,5010000314
article-4-direction,,local-authority-eng:CAT,73266,5010000315
article-4-direction,,local-authority-eng:CAT,73267,5010000316
article-4-direction,,local-authority-eng:CAT,73268,5010000317
article-4-direction,,local-authority-eng:CAT,73269,5010000318
article-4-direction,,local-authority-eng:CAT,73270,5010000319
article-4-direction,,local-authority-eng:CAT,73271,5010000320
article-4-direction,,local-authority-eng:CAT,73272,5010000321
article-4-direction,,local-authority-eng:CAT,73273,5010000322
article-4-direction,,local-authority-eng:CAT,73274,5010000323
article-4-direction,,local-authority-eng:CAT,73275,5010000324
article-4-direction,,local-authority-eng:CAT,73276,5010000325
article-4-direction,,local-authority-eng:CAT,73277,5010000326
article-4-direction,,local-authority-eng:CAT,73278,5010000327
article-4-direction,,local-authority-eng:CAT,73279,5010000328
article-4-direction,,local-authority-eng:CAT,73280,5010000329
article-4-direction,,local-authority-eng:CAT,73281,5010000330
article-4-direction,,local-authority-eng:CAT,73282,5010000331
article-4-direction,,local-authority-eng:CAT,73283,5010000332
article-4-direction,,local-authority-eng:CAT,73284,5010000333
article-4-direction,,local-authority-eng:CAT,73285,5010000334
article-4-direction,,local-authority-eng:CAT,73286,5010000335
article-4-direction,,local-authority-eng:CAT,73287,5010000336
article-4-direction,,local-authority-eng:CAT,73288,5010000337
article-4-direction,,local-authority-eng:CAT,73289,5010000338
article-4-direction,,local-authority-eng:CAT,73290,5010000339
article-4-direction,,local-authority-eng:CAT,73291,5010000340
article-4-direction,,local-authority-eng:CAT,73292,5010000341
article-4-direction,,local-authority-eng:CAT,73293,5010000342
article-4-direction,,local-authority-eng:CAT,73294,5010000343
article-4-direction,,local-authority-eng:CAT,73295,5010000344
article-4-direction,,local-authority-eng:CAT,73296,5010000345
article-4-direction,,local-authority-eng:CAT,73297,5010000346
article-4-direction,,local-authority-eng:CAT,73298,5010000347
article-4-direction,,local-authority-eng:CAT,73299,5010000348
article-4-direction,,local-authority-eng:CAT,73300,5010000349
article-4-direction,,local-authority-eng:CAT,73301,5010000350
article-4-direction,,local-authority-eng:CAT,73302,5010000351
article-4-direction,,local-authority-eng:CAT,73303,5010000352
article-4-direction,,local-authority-eng:CAT,73304,5010000353
article-4-direction,,local-authority-eng:CAT,73305,5010000354
article-4-direction,,local-authority-eng:CAT,73306,5010000355
article-4-direction,,local-authority-eng:CAT,73307,5010000356
article-4-direction,,local-authority-eng:CAT,73308,5010000357
article-4-direction,,local-authority-eng:CAT,73309,5010000358
article-4-direction,,local-authority-eng:CAT,73310,5010000359
article-4-direction,,local-authority-eng:CAT,73311,5010000360
article-4-direction,,local-authority-eng:CAT,73312,5010000361
article-4-direction,,local-authority-eng:CAT,73313,5010000362
article-4-direction,,local-authority-eng:CAT,73314,5010000363
article-4-direction,,local-authority-eng:CAT,73315,5010000364
article-4-direction,,local-authority-eng:CAT,73316,5010000365
article-4-direction,,local-authority-eng:CAT,73317,5010000366
article-4-direction,,local-authority-eng:CAT,73318,5010000367
article-4-direction,,local-authority-eng:CAT,73319,5010000368
article-4-direction,,local-authority-eng:CAT,73320,5010000369
article-4-direction,,local-authority-eng:CAT,73321,5010000370
article-4-direction,,local-authority-eng:CAT,73322,5010000371
article-4-direction,,local-authority-eng:CAT,73323,5010000372
article-4-direction,,local-authority-eng:CAT,73324,5010000373
article-4-direction,,local-authority-eng:CAT,73325,5010000374
article-4-direction,,local-authority-eng:CAT,73326,5010000375
article-4-direction,,local-authority-eng:CAT,73327,5010000376
article-4-direction,,local-authority-eng:CAT,73328,5010000377
article-4-direction,,local-authority-eng:CAT,73329,5010000378
article-4-direction,,local-authority-eng:CAT,73330,5010000379
article-4-direction,,local-authority-eng:CAT,73331,5010000380
article-4-direction,,local-authority-eng:CAT,73332,5010000381
article-4-direction,,local-authority-eng:CAT,73333,5010000382
article-4-direction,,local-authority-eng:CAT,73334,5010000383
article-4-direction,,local-authority-eng:CAT,73335,5010000384
article-4-direction,,local-authority-eng:CAT,73336,5010000385
article-4-direction,,local-authority-eng:CAT,73337,5010000386
article-4-direction,,local-authority-eng:CAT,73338,5010000387
article-4-direction,,local-authority-eng:CAT,73339,5010000388
article-4-direction,,local-authority-eng:CAT,73340,5010000389
article-4-direction,,local-authority-eng:CAT,73341,5010000390
article-4-direction,,local-authority-eng:CAT,73342,5010000391
article-4-direction,,local-authority-eng:CAT,73343,5010000392
article-4-direction,,local-authority-eng:CAT,73344,5010000393
article-4-direction,,local-authority-eng:CAT,73345,5010000394
article-4-direction,,local-authority-eng:CAT,73346,5010000395
article-4-direction,,local-authority-eng:CAT,73347,5010000396
article-4-direction,,local-authority-eng:CAT,73348,5010000397
article-4-direction,,local-authority-eng:CAT,73349,5010000398
article-4-direction,,local-authority-eng:CAT,73350,5010000399
article-4-direction,,local-authority-eng:CAT,73351,5010000400
article-4-direction,,local-authority-eng:CAT,73352,5010000401
article-4-direction,,local-authority-eng:CAT,73353,5010000402
article-4-direction,,local-authority-eng:CAT,73354,5010000403
article-4-direction,,local-authority-eng:CAT,73355,5010000404
article-4-direction,,local-authority-eng:CAT,73356,5010000405
article-4-direction,,local-authority-eng:CAT,73357,5010000406
article-4-direction,,local-authority-eng:CAT,73358,5010000407
article-4-direction,,local-authority-eng:CAT,73359,5010000408
article-4-direction,,local-authority-eng:CAT,73360,5010000409
article-4-direction,,local-authority-eng:CAT,73361,5010000410
article-4-direction,,local-authority-eng:CAT,73362,5010000411
article-4-direction,,local-authority-eng:CAT,73363,5010000412
article-4-direction,,local-authority-eng:CAT,73364,5010000413
article-4-direction,,local-authority-eng:CAT,73365,5010000414
article-4-direction,,local-authority-eng:CAT,73366,5010000415
article-4-direction,,local-authority-eng:CAT,73367,5010000416
article-4-direction,,local-authority-eng:CAT,73368,5010000417
article-4-direction,,local-authority-eng:CAT,73369,5010000418
article-4-direction,,local-authority-eng:CAT,73370,5010000419
article-4-direction,,local-authority-eng:CAT,73371,5010000420
article-4-direction,,local-authority-eng:CAT,73372,5010000421
article-4-direction,,local-authority-eng:CAT,73373,5010000422
article-4-direction,,local-authority-eng:CAT,73374,5010000423
article-4-direction,,local-authority-eng:CAT,73375,5010000424
article-4-direction,,local-authority-eng:CAT,73376,5010000425
article-4-direction,,local-authority-eng:CAT,73377,5010000426
article-4-direction,,local-authority-eng:CAT,73378,5010000427
article-4-direction,,local-authority-eng:CAT,73379,5010000428
article-4-direction,,local-authority-eng:CAT,73380,5010000429
article-4-direction,,local-authority-eng:CAT,73381,5010000430
article-4-direction,,local-authority-eng:CAT,73382,5010000431
article-4-direction,,local-authority-eng:CAT,73383,5010000432
article-4-direction,,local-authority-eng:CAT,73384,5010000433
article-4-direction,,local-authority-eng:CAT,73385,5010000434
article-4-direction,,local-authority-eng:CAT,73386,5010000435
article-4-direction,,local-authority-eng:CAT,73387,5010000436
article-4-direction,,local-authority-eng:CAT,73388,5010000437
article-4-direction,,local-authority-eng:CAT,73389,5010000438
article-4-direction,,local-authority-eng:CAT,73390,5010000439
article-4-direction,,local-authority-eng:CAT,73391,5010000440
article-4-direction,,local-authority-eng:CAT,73392,5010000441
article-4-direction,,local-authority-eng:CAT,73393,5010000442
article-4-direction,,local-authority-eng:CAT,73394,5010000443
article-4-direction,,local-authority-eng:CAT,73395,5010000444
article-4-direction,,local-authority-eng:CAT,73396,5010000445
article-4-direction,,local-authority-eng:CAT,73397,5010000446
article-4-direction,,local-authority-eng:CAT,73398,5010000447
article-4-direction,,local-authority-eng:CAT,73399,5010000448
article-4-direction,,local-authority-eng:CAT,73400,5010000449
article-4-direction,,local-authority-eng:CAT,73401,5010000450
article-4-direction,,local-authority-eng:CAT,73402,5010000451
article-4-direction,,local-authority-eng:CAT,73403,5010000452
article-4-direction,,local-authority-eng:CAT,73404,5010000453
article-4-direction,,local-authority-eng:CAT,73405,5010000454
article-4-direction,,local-authority-eng:CAT,73406,5010000455
article-4-direction,,local-authority-eng:CAT,73407,5010000456
article-4-direction,,local-authority-eng:CAT,73408,5010000457
article-4-direction,,local-authority-eng:CAT,73409,5010000458
article-4-direction,,local-authority-eng:CAT,73410,5010000459
article-4-direction,,local-authority-eng:CAT,73411,5010000460
article-4-direction,,local-authority-eng:CAT,73413,5010000461
article-4-direction,,local-authority-eng:CAT,73414,5010000462
article-4-direction,,local-authority-eng:LBH,clapham-north-industrial-estat,7010000012
article-4-direction,,local-authority-eng:LBH,london-central-activities-zone,7010000039
article-4-direction,,local-authority-eng:LBH,lansdowne-gardens,7010000016
article-4-direction,,local-authority-eng:LBH,albert-square,7010000009
article-4-direction,,local-authority-eng:LBH,stockwell-park,7010000046
article-4-direction,,local-authority-eng:LBH,st-marks,7010000045
article-4-direction,,local-authority-eng:LBH,park-hall-road,7010000041
article-4-direction,,local-authority-eng:LBH,leigham-court-estate,7010000017
article-4-direction,,local-authority-eng:LBH,hyde-farm,7010000015
article-4-direction,,local-authority-eng:LBH,streatham-lodge,7010000047
article-4-direction,,local-authority-eng:LBH,hanover-garden,7010000013
article-4-direction,,local-authority-eng:SWK,railway-arches,7010000043
article-4-direction,,local-authority-eng:SWK,houses-in-multiple-occupation,7010000014
article-4-direction,,local-authority-eng:SWK,public-houses,7010000042
article-4-direction,,local-authority-eng:SWK,light-industrial,7010000018
article-4-direction,,local-authority-eng:SWK,central-activites-zone,7010000010
article-4-direction,,local-authority-eng:SWK,old-southern-railways-and-the-,7010000040
article-4-direction,,local-authority-eng:SWK,sunray-estate,7010000048
article-4-direction,,local-authority-eng:SWK,change-of-use-in-town-centres,7010000011
article-4-direction,,local-authority-eng:BUC,llc-art4-0007,7010000025
article-4-direction,,local-authority-eng:BUC,llc-art4-0010,7010000028
article-4-direction,,local-authority-eng:BUC,llc-art4-0013,7010000031
article-4-direction,,local-authority-eng:BUC,llc-art4-0015-os-3917,7010000033
article-4-direction,,local-authority-eng:BUC,llc-art4-0016,7010000034
article-4-direction,,local-authority-eng:BUC,llc-art4-0009,7010000027
article-4-direction,,local-authority-eng:BUC,llc-art4-0014,7010000032
article-4-direction,,local-authority-eng:BUC,llc-art4-0017,7010000035
article-4-direction,,local-authority-eng:BUC,llc-art4-0003,7010000021
article-4-direction,,local-authority-eng:BUC,llc-art4-0012,7010000030
article-4-direction,,local-authority-eng:BUC,llc-art4-0018,7010000036
article-4-direction,,local-authority-eng:BUC,llc-art4-0002,7010000020
article-4-direction,,local-authority-eng:BUC,llc-art4-0008,7010000026
article-4-direction,,local-authority-eng:BUC,llc-art4-0005,7010000023
article-4-direction,,local-authority-eng:BUC,llc-art4-0019,7010000038
article-4-direction,,local-authority-eng:BUC,llc-art4-0006,7010000024
article-4-direction,,local-authority-eng:BUC,llc-art4-0011,7010000029
article-4-direction,,local-authority-eng:BUC,llc-art4-0004,7010000022
article-4-direction,,local-authority-eng:BUC,llc-art4-0001,7010000019
article-4-direction,,local-authority-eng:LBH,A4 8,7010000007
article-4-direction,,local-authority-eng:LBH,A4 3,7010000002
article-4-direction,,local-authority-eng:LBH,A4 6,7010000005
article-4-direction,,local-authority-eng:LBH,A4 4,7010000003
article-4-direction,,local-authority-eng:LBH,A4 5,7010000004
article-4-direction,,local-authority-eng:LBH,A4 1,7010000000
article-4-direction,,local-authority-eng:LBH,A4 2,7010000001
article-4-direction,,local-authority-eng:LBH,A4 7,7010000006
article-4-direction,,local-authority-eng:LBH,A4 9,7010000008
article-4-direction,,local-authority-eng:SWK,1,7010000070
article-4-direction,,local-authority-eng:SWK,2,7010000071
article-4-direction,,local-authority-eng:SWK,3,7010000072
article-4-direction,,local-authority-eng:SWK,4,7010000073
article-4-direction,,local-authority-eng:SWK,5,7010000074
article-4-direction,,local-authority-eng:SWK,6,7010000075
article-4-direction,,local-authority-eng:SWK,7,7010000076
article-4-direction,,local-authority-eng:SWK,8,7010000077
article-4-direction,,local-authority-eng:SWK,9,7010000078
article-4-direction,,local-authority-eng:SWK,10,7010000079
article-4-direction,,local-authority-eng:SWK,11,7010000080
article-4-direction,,local-authority-eng:SWK,12,7010000081
article-4-direction,,local-authority-eng:SWK,13,7010000082
article-4-direction,,local-authority-eng:SWK,14,7010000083
article-4-direction,,local-authority-eng:SWK,15,7010000084
article-4-direction,,local-authority-eng:SWK,16,7010000085
article-4-direction,,local-authority-eng:SWK,17,7010000086
article-4-direction,,local-authority-eng:SWK,18,7010000087
article-4-direction,,local-authority-eng:SWK,19,7010000088
article-4-direction,,local-authority-eng:SWK,20,7010000089
article-4-direction,,local-authority-eng:SWK,21,7010000090
article-4-direction,,local-authority-eng:SWK,22,7010000091
article-4-direction,,local-authority-eng:SWK,23,7010000092
article-4-direction,,local-authority-eng:SWK,24,7010000093
article-4-direction,,local-authority-eng:SWK,25,7010000094
article-4-direction,,local-authority-eng:SWK,26,7010000095
article-4-direction,,local-authority-eng:SWK,27,7010000096
article-4-direction,,local-authority-eng:SWK,28,7010000097
article-4-direction,,local-authority-eng:SWK,29,7010000098
article-4-direction,,local-authority-eng:SWK,30,7010000099
article-4-direction,,local-authority-eng:SWK,31,7010000100
article-4-direction,,local-authority-eng:SWK,32,7010000101
article-4-direction,,local-authority-eng:SWK,33,7010000102
article-4-direction,,local-authority-eng:SWK,34,7010000103
article-4-direction,,local-authority-eng:SWK,35,7010000104
article-4-direction,,local-authority-eng:SWK,36,7010000105
article-4-direction,,local-authority-eng:SWK,37,7010000106
article-4-direction,,local-authority-eng:SWK,38,7010000107
article-4-direction,,local-authority-eng:SWK,39,7010000108
article-4-direction,,local-authority-eng:SWK,40,7010000109
article-4-direction,,local-authority-eng:SWK,41,7010000110
article-4-direction,,local-authority-eng:SWK,42,7010000111
article-4-direction,,local-authority-eng:SWK,43,7010000112
article-4-direction,,local-authority-eng:SWK,44,7010000113
article-4-direction,,local-authority-eng:SWK,45,7010000114
article-4-direction,,local-authority-eng:SWK,46,7010000115
article-4-direction,,local-authority-eng:SWK,47,7010000116
article-4-direction,,local-authority-eng:SWK,48,7010000117
article-4-direction,,local-authority-eng:SWK,49,7010000118
article-4-direction,,local-authority-eng:SWK,50,7010000119
article-4-direction,,local-authority-eng:SWK,51,7010000120
article-4-direction,,local-authority-eng:SWK,52,7010000121
article-4-direction,,local-authority-eng:SWK,53,7010000122
article-4-direction,,local-authority-eng:SWK,54,7010000123
article-4-direction,,local-authority-eng:SWK,55,7010000124
article-4-direction,,local-authority-eng:SWK,56,7010000125
article-4-direction,,local-authority-eng:SWK,57,7010000126
article-4-direction,,local-authority-eng:SWK,58,7010000127
article-4-direction,,local-authority-eng:SWK,59,7010000128
article-4-direction,,local-authority-eng:SWK,60,7010000129
article-4-direction,,local-authority-eng:SWK,61,7010000130
article-4-direction,,local-authority-eng:SWK,62,7010000131
article-4-direction,,local-authority-eng:SWK,63,7010000132
article-4-direction,,local-authority-eng:SWK,64,7010000133
article-4-direction,,local-authority-eng:SWK,65,7010000134
article-4-direction,,local-authority-eng:SWK,66,7010000135
article-4-direction,,local-authority-eng:SWK,67,7010000136
article-4-direction,,local-authority-eng:SWK,68,7010000137
article-4-direction,,local-authority-eng:SWK,69,7010000138
article-4-direction,,local-authority-eng:SWK,70,7010000139
article-4-direction,,local-authority-eng:SWK,71,7010000140
article-4-direction,,local-authority-eng:SWK,72,7010000141
article-4-direction,,local-authority-eng:SWK,73,7010000142
article-4-direction,,local-authority-eng:SWK,74,7010000143
article-4-direction,,local-authority-eng:SWK,75,7010000144
article-4-direction,,local-authority-eng:SWK,76,7010000145
article-4-direction,,local-authority-eng:SWK,77,7010000146
article-4-direction,,local-authority-eng:SWK,78,7010000147
article-4-direction,,local-authority-eng:SWK,79,7010000148
article-4-direction,,local-authority-eng:SWK,80,7010000149
article-4-direction,,local-authority-eng:SWK,81,7010000150
article-4-direction,,local-authority-eng:SWK,82,7010000151
article-4-direction,,local-authority-eng:SWK,83,7010000152
article-4-direction,,local-authority-eng:SWK,84,7010000153
article-4-direction,,local-authority-eng:SWK,85,7010000154
article-4-direction,,local-authority-eng:SWK,86,7010000155
article-4-direction,,local-authority-eng:SWK,87,7010000156
article-4-direction,,local-authority-eng:SWK,88,7010000157
article-4-direction,,local-authority-eng:SWK,89,7010000158
article-4-direction,,local-authority-eng:SWK,90,7010000159
article-4-direction,,local-authority-eng:SWK,91,7010000160
article-4-direction,,local-authority-eng:SWK,92,7010000161
article-4-direction,,local-authority-eng:SWK,93,7010000162
article-4-direction,,local-authority-eng:SWK,94,7010000163
article-4-direction,,local-authority-eng:SWK,95,7010000164
article-4-direction,,local-authority-eng:SWK,96,7010000165
article-4-direction,,local-authority-eng:SWK,97,7010000166
article-4-direction,,local-authority-eng:SWK,98,7010000167
article-4-direction,,local-authority-eng:SWK,99,7010000168
article-4-direction,,local-authority-eng:SWK,100,7010000169
article-4-direction,,local-authority-eng:SWK,101,7010000170
article-4-direction,,local-authority-eng:SWK,102,7010000171
article-4-direction,,local-authority-eng:SWK,103,7010000172
article-4-direction,,local-authority-eng:SWK,104,7010000173
article-4-direction,,local-authority-eng:SWK,105,7010000174
article-4-direction,,local-authority-eng:SWK,106,7010000175
article-4-direction,,local-authority-eng:SWK,107,7010000176
article-4-direction,,local-authority-eng:SWK,108,7010000177
article-4-direction,,local-authority-eng:SWK,109,7010000178
article-4-direction,,local-authority-eng:SWK,110,7010000179
article-4-direction,,local-authority-eng:SWK,111,7010000180
article-4-direction,,local-authority-eng:SWK,112,7010000181
article-4-direction,,local-authority-eng:SWK,113,7010000182
article-4-direction,,local-authority-eng:SWK,114,7010000183
article-4-direction,,local-authority-eng:SWK,115,7010000184
article-4-direction,,local-authority-eng:SWK,116,7010000185
article-4-direction,,local-authority-eng:SWK,117,7010000186
article-4-direction,,local-authority-eng:SWK,118,7010000187
article-4-direction,,local-authority-eng:SWK,119,7010000188
article-4-direction,,local-authority-eng:SWK,120,7010000189
article-4-direction,,local-authority-eng:SWK,121,7010000190
article-4-direction,,local-authority-eng:SWK,122,7010000191
article-4-direction,,local-authority-eng:SWK,123,7010000192
article-4-direction,,local-authority-eng:SWK,124,7010000193
article-4-direction,,local-authority-eng:SWK,125,7010000194
article-4-direction,,local-authority-eng:SWK,126,7010000195
article-4-direction,,local-authority-eng:SWK,127,7010000196
article-4-direction,,local-authority-eng:SWK,128,7010000197
article-4-direction,,local-authority-eng:SWK,129,7010000198
article-4-direction,,local-authority-eng:SWK,130,7010000199
article-4-direction,,local-authority-eng:SWK,131,7010000200
article-4-direction,,local-authority-eng:SWK,132,7010000201
article-4-direction,,local-authority-eng:SWK,133,7010000202
article-4-direction,,local-authority-eng:SWK,134,7010000203
article-4-direction,,local-authority-eng:SWK,135,7010000204
article-4-direction,,local-authority-eng:SWK,136,7010000205
article-4-direction,,local-authority-eng:SWK,137,7010000206
article-4-direction,,local-authority-eng:SWK,138,7010000207
article-4-direction,,local-authority-eng:SWK,139,7010000208
article-4-direction,,local-authority-eng:SWK,140,7010000209
article-4-direction,,local-authority-eng:SWK,141,7010000210
article-4-direction,,local-authority-eng:SWK,142,7010000211
article-4-direction,,local-authority-eng:SWK,143,7010000212
article-4-direction,,local-authority-eng:SWK,144,7010000213
article-4-direction,,local-authority-eng:SWK,145,7010000214
article-4-direction,,local-authority-eng:SWK,146,7010000215
article-4-direction,,local-authority-eng:SWK,147,7010000216
article-4-direction,,local-authority-eng:SWK,148,7010000217
article-4-direction,,local-authority-eng:SWK,149,7010000218
article-4-direction,,local-authority-eng:SWK,150,7010000219
article-4-direction,,local-authority-eng:SWK,151,7010000220
article-4-direction,,local-authority-eng:SWK,152,7010000221
article-4-direction,,local-authority-eng:SWK,153,7010000222
article-4-direction,,local-authority-eng:SWK,154,7010000223
article-4-direction,,local-authority-eng:SWK,155,7010000224
article-4-direction,,local-authority-eng:SWK,156,7010000225
article-4-direction,,local-authority-eng:SWK,157,7010000226
article-4-direction,,local-authority-eng:SWK,158,7010000227
article-4-direction,,local-authority-eng:SWK,159,7010000228
article-4-direction,,local-authority-eng:SWK,160,7010000229
article-4-direction,,local-authority-eng:SWK,161,7010000230
article-4-direction,,local-authority-eng:SWK,162,7010000231
article-4-direction,,local-authority-eng:SWK,163,7010000232
article-4-direction,,local-authority-eng:SWK,164,7010000233
article-4-direction,,local-authority-eng:SWK,165,7010000234
article-4-direction,,local-authority-eng:SWK,166,7010000235
article-4-direction,,local-authority-eng:SWK,167,7010000236
article-4-direction,,local-authority-eng:SWK,168,7010000237
article-4-direction,,local-authority-eng:SWK,169,7010000238
article-4-direction,,local-authority-eng:SWK,170,7010000239
article-4-direction,,local-authority-eng:SWK,171,7010000240
article-4-direction,,local-authority-eng:SWK,172,7010000241
article-4-direction,,local-authority-eng:SWK,173,7010000242
article-4-direction,,local-authority-eng:SWK,174,7010000243
article-4-direction,,local-authority-eng:SWK,175,7010000244
article-4-direction,,local-authority-eng:SWK,176,7010000245
article-4-direction,,local-authority-eng:SWK,177,7010000246
article-4-direction,,local-authority-eng:SWK,178,7010000247
article-4-direction,,local-authority-eng:SWK,179,7010000248
article-4-direction,,local-authority-eng:SWK,180,7010000249
article-4-direction,,local-authority-eng:SWK,181,7010000250
article-4-direction,,local-authority-eng:SWK,182,7010000251
article-4-direction,,local-authority-eng:SWK,183,7010000252
article-4-direction,,local-authority-eng:SWK,184,7010000253
article-4-direction,,local-authority-eng:SWK,185,7010000254
article-4-direction,,local-authority-eng:SWK,186,7010000255
article-4-direction,,local-authority-eng:SWK,187,7010000256
article-4-direction,,local-authority-eng:SWK,188,7010000257
article-4-direction,,local-authority-eng:SWK,189,7010000258
article-4-direction,,local-authority-eng:SWK,190,7010000259
article-4-direction,,local-authority-eng:SWK,191,7010000260
article-4-direction,,local-authority-eng:SWK,192,7010000261
article-4-direction,,local-authority-eng:SWK,193,7010000262
article-4-direction,,local-authority-eng:SWK,194,7010000263
article-4-direction,,local-authority-eng:SWK,195,7010000264
article-4-direction,,local-authority-eng:SWK,196,7010000265
article-4-direction,,local-authority-eng:SWK,197,7010000266
article-4-direction,,local-authority-eng:SWK,198,7010000267
article-4-direction,,local-authority-eng:SWK,199,7010000268
article-4-direction,,local-authority-eng:SWK,200,7010000269
article-4-direction,,local-authority-eng:SWK,201,7010000270
article-4-direction,,local-authority-eng:SWK,202,7010000271
article-4-direction,,local-authority-eng:SWK,203,7010000272
article-4-direction,,local-authority-eng:SWK,204,7010000273
article-4-direction,,local-authority-eng:SWK,205,7010000274
article-4-direction,,local-authority-eng:SWK,206,7010000275
article-4-direction,,local-authority-eng:SWK,207,7010000276
article-4-direction,,local-authority-eng:SWK,208,7010000277
article-4-direction,,local-authority-eng:SWK,209,7010000278
article-4-direction,,local-authority-eng:SWK,210,7010000279
article-4-direction,,local-authority-eng:SWK,211,7010000280
article-4-direction,,local-authority-eng:SWK,212,7010000281
article-4-direction,,local-authority-eng:SWK,213,7010000282
article-4-direction,,local-authority-eng:SWK,214,7010000283
article-4-direction,,local-authority-eng:SWK,215,7010000284
article-4-direction,,local-authority-eng:SWK,216,7010000285
article-4-direction,,local-authority-eng:SWK,217,7010000286
article-4-direction,,local-authority-eng:SWK,218,7010000287
article-4-direction,,local-authority-eng:SWK,219,7010000288
article-4-direction,,local-authority-eng:SWK,220,7010000289
article-4-direction,,local-authority-eng:SWK,221,7010000290
article-4-direction,,local-authority-eng:SWK,222,7010000291
article-4-direction,,local-authority-eng:SWK,223,7010000292
article-4-direction,,local-authority-eng:SWK,224,7010000293
article-4-direction,,local-authority-eng:SWK,225,7010000294
article-4-direction,,local-authority-eng:SWK,226,7010000295
article-4-direction,,local-authority-eng:SWK,227,7010000296
article-4-direction,,local-authority-eng:SWK,228,7010000297
article-4-direction,,local-authority-eng:SWK,229,7010000298
article-4-direction,,local-authority-eng:SWK,230,7010000299
article-4-direction,,local-authority-eng:SWK,231,7010000300
article-4-direction,,local-authority-eng:SWK,232,7010000301
article-4-direction,,local-authority-eng:SWK,233,7010000302
article-4-direction,,local-authority-eng:SWK,234,7010000303
article-4-direction,,local-authority-eng:SWK,235,7010000304
article-4-direction,,local-authority-eng:SWK,236,7010000305
article-4-direction,,local-authority-eng:SWK,237,7010000306
article-4-direction,,local-authority-eng:SWK,238,7010000307
article-4-direction,,local-authority-eng:SWK,239,7010000308
article-4-direction,,local-authority-eng:SWK,240,7010000309
article-4-direction,,local-authority-eng:SWK,241,7010000310
article-4-direction,,local-authority-eng:SWK,242,7010000311
article-4-direction,,local-authority-eng:SWK,243,7010000312
article-4-direction,,local-authority-eng:SWK,244,7010000313
article-4-direction,,local-authority-eng:SWK,245,7010000314
article-4-direction,,local-authority-eng:SWK,246,7010000315
article-4-direction,,local-authority-eng:SWK,247,7010000316
article-4-direction,,local-authority-eng:SWK,248,7010000317
article-4-direction,,local-authority-eng:SWK,249,7010000318
article-4-direction,,local-authority-eng:SWK,250,7010000319
article-4-direction,,local-authority-eng:SWK,251,7010000320
article-4-direction,,local-authority-eng:SWK,252,7010000321
article-4-direction,,local-authority-eng:SWK,253,7010000322
article-4-direction,,local-authority-eng:SWK,254,7010000323
article-4-direction,,local-authority-eng:SWK,255,7010000324
article-4-direction,,local-authority-eng:SWK,256,7010000325
article-4-direction,,local-authority-eng:SWK,257,7010000326
article-4-direction,,local-authority-eng:SWK,258,7010000327
article-4-direction,,local-authority-eng:SWK,259,7010000328
article-4-direction,,local-authority-eng:SWK,260,7010000329
article-4-direction,,local-authority-eng:SWK,261,7010000330
article-4-direction,,local-authority-eng:SWK,262,7010000331
article-4-direction,,local-authority-eng:SWK,263,7010000332
article-4-direction,,local-authority-eng:SWK,264,7010000333
article-4-direction,,local-authority-eng:SWK,265,7010000334
article-4-direction,,local-authority-eng:SWK,266,7010000335
article-4-direction,,local-authority-eng:SWK,267,7010000336
article-4-direction,,local-authority-eng:SWK,268,7010000337
article-4-direction,,local-authority-eng:SWK,269,7010000338
article-4-direction,,local-authority-eng:SWK,270,7010000339
article-4-direction,,local-authority-eng:SWK,271,7010000340
article-4-direction,,local-authority-eng:SWK,272,7010000341
article-4-direction,,local-authority-eng:SWK,273,7010000342
article-4-direction,,local-authority-eng:SWK,274,7010000343
article-4-direction,,local-authority-eng:SWK,275,7010000344
article-4-direction,,local-authority-eng:SWK,276,7010000345
article-4-direction,,local-authority-eng:SWK,277,7010000346
article-4-direction,,local-authority-eng:SWK,278,7010000347
article-4-direction,,local-authority-eng:SWK,279,7010000348
article-4-direction,,local-authority-eng:SWK,280,7010000349
article-4-direction,,local-authority-eng:SWK,281,7010000350
article-4-direction,,local-authority-eng:SWK,282,7010000351
article-4-direction,,local-authority-eng:SWK,283,7010000352
article-4-direction,,local-authority-eng:SWK,284,7010000353
article-4-direction,,local-authority-eng:SWK,285,7010000354
article-4-direction,,local-authority-eng:SWK,286,7010000355
article-4-direction,,local-authority-eng:SWK,287,7010000356
article-4-direction,,local-authority-eng:SWK,288,7010000357
article-4-direction,,local-authority-eng:SWK,289,7010000358
article-4-direction,,local-authority-eng:SWK,290,7010000359
article-4-direction,,local-authority-eng:SWK,291,7010000360
article-4-direction,,local-authority-eng:SWK,292,7010000361
article-4-direction,,local-authority-eng:SWK,293,7010000362
article-4-direction,,local-authority-eng:SWK,294,7010000363
article-4-direction,,local-authority-eng:SWK,295,7010000364
article-4-direction,,local-authority-eng:SWK,296,7010000365
article-4-direction,,local-authority-eng:SWK,297,7010000366
article-4-direction,,local-authority-eng:SWK,298,7010000367
article-4-direction,,local-authority-eng:SWK,299,7010000368
article-4-direction,,local-authority-eng:SWK,300,7010000369
article-4-direction,,local-authority-eng:SWK,301,7010000370
article-4-direction,,local-authority-eng:SWK,302,7010000371
article-4-direction,,local-authority-eng:SWK,303,7010000372
article-4-direction,,local-authority-eng:SWK,304,7010000373
article-4-direction,,local-authority-eng:SWK,305,7010000374
article-4-direction,,local-authority-eng:SWK,306,7010000375
article-4-direction,,local-authority-eng:SWK,307,7010000376
article-4-direction,,local-authority-eng:SWK,308,7010000377
article-4-direction,,local-authority-eng:SWK,309,7010000378
article-4-direction,,local-authority-eng:SWK,310,7010000379
article-4-direction,,local-authority-eng:SWK,311,7010000380
article-4-direction,,local-authority-eng:SWK,312,7010000381
article-4-direction,,local-authority-eng:SWK,313,7010000382
article-4-direction,,local-authority-eng:SWK,314,7010000383
article-4-direction,,local-authority-eng:SWK,315,7010000384
article-4-direction,,local-authority-eng:SWK,316,7010000385
article-4-direction,,local-authority-eng:SWK,317,7010000386
article-4-direction,,local-authority-eng:SWK,318,7010000387
article-4-direction,,local-authority-eng:SWK,319,7010000388
article-4-direction,,local-authority-eng:SWK,320,7010000389
article-4-direction,,local-authority-eng:SWK,321,7010000390
article-4-direction,,local-authority-eng:SWK,322,7010000391
article-4-direction,,local-authority-eng:SWK,323,7010000392
article-4-direction,,local-authority-eng:SWK,324,7010000393
article-4-direction,,local-authority-eng:SWK,325,7010000394
article-4-direction,,local-authority-eng:SWK,326,7010000395
article-4-direction,,local-authority-eng:SWK,327,7010000396
article-4-direction,,local-authority-eng:SWK,328,7010000397
article-4-direction,,local-authority-eng:SWK,329,7010000398
article-4-direction,,local-authority-eng:SWK,330,7010000399
article-4-direction,,local-authority-eng:SWK,331,7010000400
article-4-direction,,local-authority-eng:SWK,332,7010000401
article-4-direction,,local-authority-eng:SWK,333,7010000402
article-4-direction,,local-authority-eng:SWK,334,7010000403
article-4-direction,,local-authority-eng:SWK,335,7010000404
article-4-direction,,local-authority-eng:SWK,336,7010000405
article-4-direction,,local-authority-eng:SWK,337,7010000406
article-4-direction,,local-authority-eng:SWK,338,7010000407
article-4-direction,,local-authority-eng:SWK,339,7010000408
article-4-direction,,local-authority-eng:SWK,340,7010000409
article-4-direction,,local-authority-eng:SWK,341,7010000410
article-4-direction,,local-authority-eng:SWK,342,7010000411
article-4-direction,,local-authority-eng:SWK,343,7010000412
article-4-direction,,local-authority-eng:SWK,344,7010000413
article-4-direction,,local-authority-eng:SWK,345,7010000414
article-4-direction,,local-authority-eng:SWK,346,7010000415
article-4-direction,,local-authority-eng:SWK,347,7010000416
article-4-direction,,local-authority-eng:SWK,348,7010000417
article-4-direction,,local-authority-eng:SWK,349,7010000418
article-4-direction,,local-authority-eng:SWK,350,7010000419
article-4-direction,,local-authority-eng:SWK,351,7010000420
article-4-direction,,local-authority-eng:SWK,352,7010000421
article-4-direction,,local-authority-eng:SWK,353,7010000422
article-4-direction,,local-authority-eng:SWK,354,7010000423
article-4-direction,,local-authority-eng:SWK,355,7010000424
article-4-direction,,local-authority-eng:SWK,356,7010000425
article-4-direction,,local-authority-eng:SWK,357,7010000426
article-4-direction,,local-authority-eng:SWK,358,7010000427
article-4-direction,,local-authority-eng:SWK,359,7010000428
article-4-direction,,local-authority-eng:SWK,360,7010000429
article-4-direction,,local-authority-eng:SWK,361,7010000430
article-4-direction,,local-authority-eng:SWK,362,7010000431
article-4-direction,,local-authority-eng:SWK,363,7010000432
article-4-direction,,local-authority-eng:SWK,364,7010000433
article-4-direction,,local-authority-eng:SWK,365,7010000434
article-4-direction,,local-authority-eng:SWK,366,7010000435
article-4-direction,,local-authority-eng:SWK,367,7010000436
article-4-direction,,local-authority-eng:SWK,368,7010000437
article-4-direction,,local-authority-eng:SWK,369,7010000438
article-4-direction,,local-authority-eng:SWK,370,7010000439
article-4-direction,,local-authority-eng:SWK,371,7010000440
article-4-direction,,local-authority-eng:SWK,372,7010000441
article-4-direction,,local-authority-eng:SWK,373,7010000442
article-4-direction,,local-authority-eng:SWK,374,7010000443
article-4-direction,,local-authority-eng:SWK,375,7010000444
article-4-direction,,local-authority-eng:SWK,376,7010000445
article-4-direction,,local-authority-eng:SWK,377,7010000446
article-4-direction,,local-authority-eng:SWK,378,7010000447
article-4-direction,,local-authority-eng:SWK,379,7010000448
article-4-direction,,local-authority-eng:SWK,380,7010000449
article-4-direction,,local-authority-eng:SWK,381,7010000450
article-4-direction,,local-authority-eng:SWK,382,7010000451
article-4-direction,,local-authority-eng:SWK,383,7010000452
article-4-direction,,local-authority-eng:SWK,384,7010000453
article-4-direction,,local-authority-eng:SWK,385,7010000454
article-4-direction,,local-authority-eng:SWK,386,7010000455
article-4-direction,,local-authority-eng:SWK,387,7010000456
article-4-direction,,local-authority-eng:SWK,388,7010000457
article-4-direction,,local-authority-eng:SWK,389,7010000458
article-4-direction,,local-authority-eng:SWK,390,7010000459
article-4-direction,,local-authority-eng:SWK,391,7010000460
article-4-direction,,local-authority-eng:SWK,392,7010000461
article-4-direction,,local-authority-eng:SWK,393,7010000462
article-4-direction,,local-authority-eng:SWK,394,7010000463
article-4-direction,,local-authority-eng:SWK,395,7010000464
article-4-direction,,local-authority-eng:SWK,396,7010000465
article-4-direction,,local-authority-eng:SWK,397,7010000466
article-4-direction,,local-authority-eng:SWK,398,7010000467
article-4-direction,,local-authority-eng:SWK,399,7010000468
article-4-direction,,local-authority-eng:SWK,400,7010000469
article-4-direction,,local-authority-eng:SWK,401,7010000470
article-4-direction,,local-authority-eng:SWK,402,7010000471
article-4-direction,,local-authority-eng:SWK,403,7010000472
article-4-direction,,local-authority-eng:SWK,404,7010000473
article-4-direction,,local-authority-eng:SWK,405,7010000474
article-4-direction,,local-authority-eng:SWK,406,7010000475
article-4-direction,,local-authority-eng:SWK,407,7010000476
article-4-direction,,local-authority-eng:SWK,408,7010000477
article-4-direction,,local-authority-eng:SWK,409,7010000478
article-4-direction,,local-authority-eng:SWK,410,7010000479
article-4-direction,,local-authority-eng:SWK,411,7010000480
article-4-direction,,local-authority-eng:SWK,412,7010000481
article-4-direction,,local-authority-eng:SWK,413,7010000482
article-4-direction,,local-authority-eng:SWK,414,7010000483
article-4-direction,,local-authority-eng:SWK,415,7010000484
article-4-direction,,local-authority-eng:SWK,416,7010000485
article-4-direction,,local-authority-eng:SWK,417,7010000486
article-4-direction,,local-authority-eng:SWK,418,7010000487
article-4-direction,,local-authority-eng:SWK,419,7010000488
article-4-direction,,local-authority-eng:SWK,420,7010000489
article-4-direction,,local-authority-eng:SWK,421,7010000490
article-4-direction,,local-authority-eng:SWK,422,7010000491
article-4-direction,,local-authority-eng:SWK,423,7010000492
article-4-direction,,local-authority-eng:SWK,424,7010000493
article-4-direction,,local-authority-eng:SWK,425,7010000494
article-4-direction,,local-authority-eng:SWK,426,7010000495
article-4-direction,,local-authority-eng:SWK,427,7010000496
article-4-direction,,local-authority-eng:SWK,428,7010000497
article-4-direction,,local-authority-eng:SWK,429,7010000498
article-4-direction,,local-authority-eng:SWK,430,7010000499
article-4-direction,,local-authority-eng:SWK,431,7010000500
article-4-direction,,local-authority-eng:SWK,432,7010000501
article-4-direction,,local-authority-eng:SWK,433,7010000502
article-4-direction,,local-authority-eng:SWK,434,7010000503
article-4-direction,,local-authority-eng:SWK,435,7010000504
article-4-direction,,local-authority-eng:SWK,436,7010000505
article-4-direction,,local-authority-eng:SWK,437,7010000506
article-4-direction,,local-authority-eng:SWK,438,7010000507
article-4-direction,,local-authority-eng:SWK,439,7010000508
article-4-direction,,local-authority-eng:SWK,440,7010000509
article-4-direction,,local-authority-eng:SWK,441,7010000510
article-4-direction,,local-authority-eng:SWK,442,7010000511
article-4-direction,,local-authority-eng:SWK,443,7010000512
article-4-direction,,local-authority-eng:SWK,444,7010000513
article-4-direction,,local-authority-eng:SWK,445,7010000514
article-4-direction,,local-authority-eng:SWK,446,7010000515
article-4-direction,,local-authority-eng:SWK,447,7010000516
article-4-direction,,local-authority-eng:SWK,448,7010000517
article-4-direction,,local-authority-eng:SWK,449,7010000518
article-4-direction,,local-authority-eng:SWK,450,7010000519
article-4-direction,,local-authority-eng:SWK,451,7010000520
article-4-direction,,local-authority-eng:SWK,452,7010000521
article-4-direction,,local-authority-eng:SWK,453,7010000522
article-4-direction,,local-authority-eng:SWK,454,7010000523
article-4-direction,,local-authority-eng:SWK,455,7010000524
article-4-direction,,local-authority-eng:SWK,456,7010000525
article-4-direction,,local-authority-eng:SWK,457,7010000526
article-4-direction,,local-authority-eng:SWK,458,7010000527
article-4-direction,,local-authority-eng:SWK,459,7010000528
article-4-direction,,local-authority-eng:SWK,460,7010000529
article-4-direction,,local-authority-eng:SWK,461,7010000530
article-4-direction,,local-authority-eng:SWK,462,7010000531
article-4-direction,,local-authority-eng:SWK,463,7010000532
article-4-direction,,local-authority-eng:SWK,464,7010000533
article-4-direction,,local-authority-eng:SWK,465,7010000534
article-4-direction,,local-authority-eng:SWK,466,7010000535
article-4-direction,,local-authority-eng:SWK,467,7010000536
article-4-direction,,local-authority-eng:SWK,468,7010000537
article-4-direction,,local-authority-eng:SWK,469,7010000538
article-4-direction,,local-authority-eng:SWK,470,7010000539
article-4-direction,,local-authority-eng:SWK,471,7010000540
article-4-direction,,local-authority-eng:SWK,472,7010000541
article-4-direction,,local-authority-eng:SWK,473,7010000542
article-4-direction,,local-authority-eng:SWK,474,7010000543
article-4-direction,,local-authority-eng:SWK,475,7010000544
article-4-direction,,local-authority-eng:SWK,476,7010000545
article-4-direction,,local-authority-eng:SWK,477,7010000546
article-4-direction,,local-authority-eng:SWK,478,7010000547
article-4-direction,,local-authority-eng:BUC,1,7010000548
article-4-direction,,local-authority-eng:BUC,2,7010000549
article-4-direction,,local-authority-eng:BUC,3,7010000550
article-4-direction,,local-authority-eng:BUC,4,7010000551
article-4-direction,,local-authority-eng:BUC,5,7010000552
article-4-direction,,local-authority-eng:BUC,6,7010000553
article-4-direction,,local-authority-eng:BUC,7,7010000554
article-4-direction,,local-authority-eng:BUC,8,7010000555
article-4-direction,,local-authority-eng:BUC,9,7010000556
article-4-direction,,local-authority-eng:BUC,10,7010000557
article-4-direction,,local-authority-eng:BUC,11,7010000558
article-4-direction,,local-authority-eng:BUC,12,7010000559
article-4-direction,,local-authority-eng:BUC,13,7010000560
article-4-direction,,local-authority-eng:BUC,14,7010000561
article-4-direction,,local-authority-eng:BUC,15,7010000562
article-4-direction,,local-authority-eng:BUC,16,7010000563
article-4-direction,,local-authority-eng:BUC,17,7010000564
article-4-direction,,local-authority-eng:BUC,18,7010000565
article-4-direction,,local-authority-eng:BUC,19,7010000566
article-4-direction,,local-authority-eng:BUC,20,7010000567
article-4-direction,,local-authority-eng:BUC,21,7010000568
article-4-direction,,local-authority-eng:BUC,22,7010000569
article-4-direction,,local-authority-eng:BUC,23,7010000570
article-4-direction,,local-authority-eng:BUC,24,7010000571
article-4-direction,,local-authority-eng:BUC,25,7010000572
article-4-direction,,local-authority-eng:BUC,26,7010000573
article-4-direction,,local-authority-eng:BUC,27,7010000574
article-4-direction,,local-authority-eng:BUC,28,7010000575
article-4-direction,,local-authority-eng:BUC,29,7010000576
article-4-direction,,local-authority-eng:BUC,30,7010000577
article-4-direction,,local-authority-eng:BUC,31,7010000578
article-4-direction,,local-authority-eng:BUC,32,7010000579
article-4-direction,,local-authority-eng:BUC,33,7010000580
article-4-direction,,local-authority-eng:BUC,34,7010000581
article-4-direction,,local-authority-eng:BUC,35,7010000582
article-4-direction,,local-authority-eng:BUC,36,7010000583
article-4-direction,,local-authority-eng:BUC,37,7010000584
article-4-direction,,local-authority-eng:BUC,38,7010000585
article-4-direction,,local-authority-eng:BUC,39,7010000586
article-4-direction,,local-authority-eng:BUC,40,7010000587
article-4-direction,,local-authority-eng:BUC,41,7010000588
article-4-direction,,local-authority-eng:BUC,42,7010000589
article-4-direction,,local-authority-eng:BUC,43,7010000590
article-4-direction,,local-authority-eng:BUC,44,7010000591
article-4-direction,,local-authority-eng:BUC,45,7010000592
article-4-direction,,local-authority-eng:BUC,46,7010000593
article-4-direction,,local-authority-eng:BUC,47,7010000594
article-4-direction,,local-authority-eng:BUC,48,7010000595
article-4-direction,,local-authority-eng:BUC,49,7010000596
article-4-direction,,local-authority-eng:BUC,50,7010000597
article-4-direction,,local-authority-eng:BUC,51,7010000598
article-4-direction,,local-authority-eng:BUC,52,7010000599
article-4-direction,,local-authority-eng:BUC,53,7010000600
article-4-direction,,local-authority-eng:BUC,54,7010000601
article-4-direction,,local-authority-eng:BUC,55,7010000602
article-4-direction,,local-authority-eng:BUC,56,7010000603
article-4-direction,,local-authority-eng:BUC,57,7010000604
article-4-direction,,local-authority-eng:BUC,58,7010000605
article-4-direction,,local-authority-eng:BUC,59,7010000606
article-4-direction,,local-authority-eng:BUC,60,7010000607
article-4-direction,,local-authority-eng:BUC,61,7010000608
article-4-direction,,local-authority-eng:BUC,62,7010000609
article-4-direction,,local-authority-eng:BUC,63,7010000610
article-4-direction,,local-authority-eng:BUC,64,7010000611
article-4-direction,,local-authority-eng:BUC,65,7010000612
article-4-direction,,local-authority-eng:BUC,66,7010000613
article-4-direction,,local-authority-eng:BUC,67,7010000614
article-4-direction,,local-authority-eng:BUC,68,7010000615
article-4-direction,,local-authority-eng:BUC,69,7010000616
article-4-direction,,local-authority-eng:BUC,70,7010000617
article-4-direction,,local-authority-eng:BUC,71,7010000618
article-4-direction,,local-authority-eng:BUC,72,7010000619
article-4-direction,,local-authority-eng:BUC,73,7010000620
article-4-direction,,local-authority-eng:BUC,74,7010000621
article-4-direction,,local-authority-eng:BUC,75,7010000622
article-4-direction,,local-authority-eng:BUC,76,7010000623
article-4-direction,,local-authority-eng:BUC,77,7010000624
article-4-direction,,local-authority-eng:BUC,78,7010000625
article-4-direction,,local-authority-eng:BUC,79,7010000626
article-4-direction,,local-authority-eng:BUC,80,7010000627
article-4-direction,,local-authority-eng:BUC,81,7010000628
article-4-direction,,local-authority-eng:BUC,82,7010000629
article-4-direction,,local-authority-eng:BUC,83,7010000630
article-4-direction,,local-authority-eng:BUC,84,7010000631
article-4-direction,,local-authority-eng:BUC,85,7010000632
article-4-direction,,local-authority-eng:BUC,86,7010000633
article-4-direction,,local-authority-eng:BUC,87,7010000634
article-4-direction,,local-authority-eng:BUC,88,7010000635
article-4-direction,,local-authority-eng:BUC,89,7010000636
article-4-direction,,local-authority-eng:BUC,90,7010000637
article-4-direction,,local-authority-eng:BUC,91,7010000638
article-4-direction,,local-authority-eng:BUC,92,7010000639
article-4-direction,,local-authority-eng:BUC,93,7010000640
article-4-direction,,local-authority-eng:BUC,94,7010000641
article-4-direction,,local-authority-eng:BUC,95,7010000642
article-4-direction,,local-authority-eng:BUC,96,7010000643
article-4-direction,,local-authority-eng:BUC,97,7010000644
article-4-direction,,local-authority-eng:BUC,98,7010000645
article-4-direction,,local-authority-eng:BUC,99,7010000646
article-4-direction,,local-authority-eng:BUC,100,7010000647
article-4-direction,,local-authority-eng:BUC,101,7010000648
article-4-direction,,local-authority-eng:BUC,102,7010000649
article-4-direction,,local-authority-eng:BUC,103,7010000650
article-4-direction,,local-authority-eng:BUC,104,7010000651
article-4-direction,,local-authority-eng:BUC,105,7010000652
article-4-direction,,local-authority-eng:BUC,106,7010000653
article-4-direction,,local-authority-eng:BUC,107,7010000654
article-4-direction,,local-authority-eng:BUC,108,7010000655
article-4-direction,,local-authority-eng:BUC,109,7010000656
article-4-direction,,local-authority-eng:BUC,110,7010000657
article-4-direction,,local-authority-eng:BUC,111,7010000658
article-4-direction,,local-authority-eng:BUC,112,7010000659
article-4-direction,,local-authority-eng:BUC,113,7010000660
article-4-direction,,local-authority-eng:BUC,114,7010000661
article-4-direction,,local-authority-eng:BUC,115,7010000662
article-4-direction,,local-authority-eng:BUC,116,7010000663
article-4-direction,,local-authority-eng:BUC,117,7010000664
article-4-direction,,local-authority-eng:BUC,118,7010000665
article-4-direction,,local-authority-eng:BUC,119,7010000666
article-4-direction,,local-authority-eng:BUC,120,7010000667
article-4-direction,,local-authority-eng:BUC,121,7010000668
article-4-direction,,local-authority-eng:BUC,122,7010000669
article-4-direction,,local-authority-eng:BUC,123,7010000670
article-4-direction,,local-authority-eng:BUC,124,7010000671
article-4-direction,,local-authority-eng:BUC,125,7010000672
article-4-direction,,local-authority-eng:BUC,126,7010000673
article-4-direction,,local-authority-eng:BUC,127,7010000674
article-4-direction,,local-authority-eng:BUC,128,7010000675
article-4-direction,,local-authority-eng:BUC,129,7010000676
article-4-direction,,local-authority-eng:BUC,130,7010000677
article-4-direction,,local-authority-eng:BUC,131,7010000678
article-4-direction,,local-authority-eng:BUC,132,7010000679
article-4-direction,,local-authority-eng:BUC,133,7010000680
article-4-direction,,local-authority-eng:BUC,134,7010000681
article-4-direction,,local-authority-eng:BUC,135,7010000682
article-4-direction,,local-authority-eng:BUC,136,7010000683
article-4-direction,,local-authority-eng:BUC,137,7010000684
article-4-direction,,local-authority-eng:BUC,138,7010000685
article-4-direction,,local-authority-eng:BUC,139,7010000686
article-4-direction,,local-authority-eng:BUC,140,7010000687
article-4-direction,,local-authority-eng:BUC,141,7010000688
article-4-direction,,local-authority-eng:BUC,142,7010000689
article-4-direction,,local-authority-eng:BUC,143,7010000690
article-4-direction,,local-authority-eng:BUC,144,7010000691
article-4-direction,,local-authority-eng:BUC,145,7010000692
article-4-direction,,local-authority-eng:BUC,146,7010000693
article-4-direction,,local-authority-eng:BUC,147,7010000694
article-4-direction,,local-authority-eng:BUC,148,7010000695
article-4-direction,,local-authority-eng:BUC,149,7010000696
article-4-direction,,local-authority-eng:BUC,150,7010000697
article-4-direction,,local-authority-eng:BUC,151,7010000698
article-4-direction,,local-authority-eng:BUC,152,7010000699
article-4-direction,,local-authority-eng:BUC,153,7010000700
article-4-direction,,local-authority-eng:BUC,154,7010000701
article-4-direction,,local-authority-eng:BUC,155,7010000702
article-4-direction,,local-authority-eng:BUC,156,7010000703
article-4-direction,,local-authority-eng:BUC,157,7010000704
article-4-direction,,local-authority-eng:BUC,158,7010000705
article-4-direction,,local-authority-eng:BUC,159,7010000706
article-4-direction,,local-authority-eng:BUC,160,7010000707
article-4-direction,,local-authority-eng:BUC,161,7010000708
article-4-direction,,local-authority-eng:BUC,162,7010000709
article-4-direction,,local-authority-eng:BUC,163,7010000710
article-4-direction,,local-authority-eng:BUC,164,7010000711
article-4-direction,,local-authority-eng:BUC,165,7010000712
article-4-direction,,local-authority-eng:BUC,166,7010000713
article-4-direction,,local-authority-eng:BUC,167,7010000714
article-4-direction,,local-authority-eng:BUC,168,7010000715
article-4-direction,,local-authority-eng:BUC,169,7010000716
article-4-direction,,local-authority-eng:BUC,170,7010000717
article-4-direction,,local-authority-eng:BUC,171,7010000718
article-4-direction,,local-authority-eng:BUC,172,7010000719
article-4-direction,,local-authority-eng:BUC,173,7010000720
article-4-direction,,local-authority-eng:BUC,174,7010000721
article-4-direction,,local-authority-eng:BUC,175,7010000722
article-4-direction,,local-authority-eng:BUC,176,7010000723
article-4-direction,,local-authority-eng:BUC,177,7010000724
article-4-direction,,local-authority-eng:BUC,178,7010000725
article-4-direction,,local-authority-eng:BUC,179,7010000726
article-4-direction,,local-authority-eng:BUC,180,7010000727
article-4-direction,,local-authority-eng:BUC,181,7010000728
article-4-direction,,local-authority-eng:BUC,182,7010000729
article-4-direction,,local-authority-eng:BUC,183,7010000730
article-4-direction,,local-authority-eng:BUC,184,7010000731
article-4-direction,,local-authority-eng:BUC,185,7010000732
article-4-direction,,local-authority-eng:BUC,186,7010000733
article-4-direction,,local-authority-eng:BUC,187,7010000734
article-4-direction,,local-authority-eng:BUC,188,7010000735
article-4-direction,,local-authority-eng:BUC,189,7010000736
article-4-direction,,local-authority-eng:BUC,190,7010000737
article-4-direction,,local-authority-eng:BUC,191,7010000738
article-4-direction,,local-authority-eng:BUC,192,7010000739
article-4-direction,,local-authority-eng:BUC,193,7010000740
article-4-direction,,local-authority-eng:BUC,194,7010000741
article-4-direction,,local-authority-eng:BUC,195,7010000742
article-4-direction,,local-authority-eng:BUC,196,7010000743
