source,attribution,collection,documentation-url,endpoint,licence,organisation,pipelines,entry-date,start-date,end-date
22a0290c19f918101eab7e89b8923ff3,,article-4-direction,,,,development-corporation:Q20648596,article-4-direction-area,2021-08-31T16:13:35Z,,
4daa592fc65753d2477bd18c9a2b3e6c,,article-4-direction,,,,development-corporation:Q6670544,article-4-direction-area,2021-08-31T16:13:35Z,,
4429455a8a28b46f13ce5b3faa04e7db,,article-4-direction,,,,development-corporation:Q72456968,article-4-direction-area,2021-08-31T16:13:35Z,,
d2c075697656d15de1fd4302cfe84157,,article-4-direction,,,,development-corporation:Q72463795,article-4-direction-area,2021-08-31T16:13:35Z,,
981b20be5966a742c711f80bc4963942,,article-4-direction,,,,local-authority-eng:ADU,article-4-direction-area,2021-08-31T16:13:35Z,,
575227fa1889c3aa714191aa5dfe25a0,,article-4-direction,,,,local-authority-eng:ALL,article-4-direction-area,2021-08-31T16:13:35Z,,
35bd3727aa723504f7646b39ab00eb77,,article-4-direction,,,,local-authority-eng:AMB,article-4-direction-area,2021-08-31T16:13:35Z,,
2e80a700ce78b7d45a0ecaaa27d86ada,,article-4-direction,,,,local-authority-eng:ARU,article-4-direction-area,2021-08-31T16:13:35Z,,
3c5d2d4b120a44db9ed551d7083709c9,,article-4-direction,,,,local-authority-eng:ASF,article-4-direction-area,2021-08-31T16:13:35Z,,
e891a255e11ddf9ff8032dcb8417da2f,,article-4-direction,,,,local-authority-eng:ASH,article-4-direction-area,2021-08-31T16:13:35Z,,
9b26eef2228f1a5e36b3a160b3a90b04,,article-4-direction,,,,local-authority-eng:AYL,article-4-direction-area,2021-08-31T16:13:35Z,,2020-03-31
0063293b0f009dc098934fc4080380bd,,article-4-direction,,,,local-authority-eng:BAB,article-4-direction-area,2021-08-31T16:13:35Z,,
aa6dbf4ed2501653b706af5894781de7,,article-4-direction,,,,local-authority-eng:BAE,article-4-direction-area,2021-08-31T16:13:35Z,,
7fcea249fb1031ed21edc7b28b91743e,,article-4-direction,,,,local-authority-eng:BAI,article-4-direction-area,2021-08-31T16:13:35Z,,
748f1100749a3efbc653bcceee4b00ae,,article-4-direction,,,,local-authority-eng:BAN,article-4-direction-area,2021-08-31T16:13:35Z,,
66df8fac747196e91d88c665ecd1962a,,article-4-direction,,,,local-authority-eng:BAR,article-4-direction-area,2021-08-31T16:13:35Z,,
89cdde38c6d34ffd9965bb3319aad023,,article-4-direction,,,,local-authority-eng:BAS,article-4-direction-area,2021-08-31T16:13:35Z,,
28a4e3ee2f60e2fa19ca1b1e9a9ccf8c,,article-4-direction,,,,local-authority-eng:BBD,article-4-direction-area,2021-08-31T16:13:35Z,,
f8cdd7fee79942aed600612ca3751061,,article-4-direction,,,,local-authority-eng:BDF,article-4-direction-area,2021-08-31T16:13:35Z,,
531071f80bb522418409a1250e3c8128,,article-4-direction,,,,local-authority-eng:BDG,article-4-direction-area,2021-08-31T16:13:35Z,,
ea626bcf842fe9add747f490bcb93759,,article-4-direction,,,,local-authority-eng:BEN,article-4-direction-area,2021-08-31T16:13:35Z,,
2f7c81456b2dc5afc36baf609eeb774a,,article-4-direction,,,,local-authority-eng:BEX,article-4-direction-area,2021-08-31T16:13:35Z,,
45cc91ebd2a43cb1752677ec548cdc67,,article-4-direction,,,,local-authority-eng:BIR,article-4-direction-area,2021-08-31T16:13:35Z,,
86c0393f0a52fac9b41412947c294677,,article-4-direction,,,,local-authority-eng:BLA,article-4-direction-area,2021-08-31T16:13:35Z,,
29be9a1ef32644eddd0720aeb150e2e6,,article-4-direction,,,,local-authority-eng:BMH,article-4-direction-area,2021-08-31T16:13:35Z,,2019-03-31
6096a330d865457311db6aa6b3dc33cb,,article-4-direction,,,,local-authority-eng:BNE,article-4-direction-area,2021-08-31T16:13:35Z,,
7a2929ea61394e6f8e5900024a22ee5b,,article-4-direction,,,,local-authority-eng:BNH,article-4-direction-area,2021-08-31T16:13:35Z,,
b1a66746d954d0980a97c13b58f9fb0a,,article-4-direction,,,,local-authority-eng:BNS,article-4-direction-area,2021-08-31T16:13:35Z,,
ab6587075cc7e541a84d909a0e4d8244,,article-4-direction,,,,local-authority-eng:BOL,article-4-direction-area,2021-08-31T16:13:35Z,,
89520cc6144e9c9ba93d166430edc8b5,,article-4-direction,,,,local-authority-eng:BOS,article-4-direction-area,2021-08-31T16:13:35Z,,
4cab8edd12df1522a21b08b9d2bfa386,,article-4-direction,,,,local-authority-eng:BOT,article-4-direction-area,2021-08-31T16:13:35Z,,
4f4e74e7796a37482304ccfc04ad68dc,,article-4-direction,,,,local-authority-eng:BPC,article-4-direction-area,2021-08-31T16:13:35Z,,
ff7042e7c8876e58691f88f6d878f893,,article-4-direction,,,,local-authority-eng:BPL,article-4-direction-area,2021-08-31T16:13:35Z,,
de6a654805838db0867a2f718121d49a,,article-4-direction,,,,local-authority-eng:BRA,article-4-direction-area,2021-08-31T16:13:35Z,,
5760dedfc96ca0f2d8077a43d8f3d4e0,,article-4-direction,,,,local-authority-eng:BRC,article-4-direction-area,2021-08-31T16:13:35Z,,
d01b3b162c2295efd2e25b161d3eddbc,,article-4-direction,,,,local-authority-eng:BRD,article-4-direction-area,2021-08-31T16:13:35Z,,
24e0e0d9a9f852e4899a8cb03926ce27,,article-4-direction,,,,local-authority-eng:BRE,article-4-direction-area,2021-08-31T16:13:35Z,,
c61572f6e9a97dc0b098378a08f1d313,,article-4-direction,,,,local-authority-eng:BRM,article-4-direction-area,2021-08-31T16:13:35Z,,
21cbd5e48bc09ebc446030465a675c85,,article-4-direction,,,,local-authority-eng:BRO,article-4-direction-area,2021-08-31T16:13:35Z,,
995535a465d5ae4292d50ae43e9434fe,,article-4-direction,,,,local-authority-eng:BRT,article-4-direction-area,2021-08-31T16:13:35Z,,
63fcfcb76216b331076c33bc346d0adf,,article-4-direction,,,,local-authority-eng:BRW,article-4-direction-area,2021-08-31T16:13:35Z,,
8a927b430de80a2b637ae0b80dc7bccc,,article-4-direction,,,,local-authority-eng:BRX,article-4-direction-area,2021-08-31T16:13:35Z,,
7c1bc2cd0c3aaa910934e48284a671ab,,article-4-direction,,,,local-authority-eng:BRY,article-4-direction-area,2021-08-31T16:13:35Z,,
f9b47317d0a77a472d2c940048fc82ea,,article-4-direction,,,,local-authority-eng:BST,article-4-direction-area,2021-08-31T16:13:35Z,,
6dc9e95a52020ace76550ce50eb737da,,article-4-direction,,,,local-authority-eng:BUN,article-4-direction-area,2021-08-31T16:13:35Z,,
86a00059bb3a35dbd1e0d3f0a3f24ab3,,article-4-direction,,,,local-authority-eng:BUR,article-4-direction-area,2021-08-31T16:13:35Z,,
bb47c6d2085872b9b15315b54863449b,,article-4-direction,,,,local-authority-eng:CAB,article-4-direction-area,2021-08-31T16:13:35Z,,
c5fe10d878b418406e019b39c6e5cac2,,article-4-direction,,,,local-authority-eng:CAN,article-4-direction-area,2021-08-31T16:13:35Z,,
a7692a11b31b95c751a84831d726cb4b,,article-4-direction,,,,local-authority-eng:CAR,article-4-direction-area,2021-08-31T16:13:35Z,,
6e4eef7a0aea06e81abc3edf53d9c41a,,article-4-direction,,,,local-authority-eng:CAS,article-4-direction-area,2021-08-31T16:13:35Z,,
7b31561dbfcfd1c04caa10fee680ca56,,article-4-direction,,,,local-authority-eng:CBF,article-4-direction-area,2021-08-31T16:13:35Z,,
7afee22f0c9f4cbd888ed275b4435244,,article-4-direction,,,,local-authority-eng:CHA,article-4-direction-area,2021-08-31T16:13:35Z,,
8a5830f08f207927891d60948aa84984,,article-4-direction,,,,local-authority-eng:CHC,article-4-direction-area,2021-08-31T16:13:35Z,,2019-03-31
34351e6fa3d11e9add380deb6066c521,,article-4-direction,,,,local-authority-eng:CHE,article-4-direction-area,2021-08-31T16:13:35Z,,
5f612671cc3d5e744b996a43a6d05ebf,,article-4-direction,,,,local-authority-eng:CHI,article-4-direction-area,2021-08-31T16:13:35Z,,
1e2dfbb9e57ddc3cf9b0d3fc879fd533,,article-4-direction,,,,local-authority-eng:CHL,article-4-direction-area,2021-08-31T16:13:35Z,,
e046ebd789f7362601e50bb7b94bde1f,,article-4-direction,,,,local-authority-eng:CHN,article-4-direction-area,2021-08-31T16:13:35Z,,2020-03-31
64ba5edac4371c972332d6517e22895c,,article-4-direction,,,,local-authority-eng:CHO,article-4-direction-area,2021-08-31T16:13:35Z,,
b9d10fa05268113ab6ea57cf124223cb,,article-4-direction,,,,local-authority-eng:CHR,article-4-direction-area,2021-08-31T16:13:35Z,,
8c488061b70b217dcd7ea2a3676095c1,,article-4-direction,,,,local-authority-eng:CHS,article-4-direction-area,2021-08-31T16:13:35Z,,
8f866dae88713c608df854a529d2615a,,article-4-direction,,,,local-authority-eng:CHT,article-4-direction-area,2021-08-31T16:13:35Z,,
4f7a3e7d29728af6eaa78a77e02595a9,,article-4-direction,,,,local-authority-eng:CHW,article-4-direction-area,2021-08-31T16:13:35Z,,
41732d13160b94753791297733ce6f27,,article-4-direction,,,,local-authority-eng:CLD,article-4-direction-area,2021-08-31T16:13:35Z,,
783a35714ad6a4e5a5003bbb6436d7a7,,article-4-direction,,,,local-authority-eng:CMD,article-4-direction-area,2021-08-31T16:13:35Z,,
9c9962ebb30c78207a3bbe9f4bf6b3d6,,article-4-direction,,,,local-authority-eng:COL,article-4-direction-area,2021-08-31T16:13:35Z,,
cb257c3766702b6e08b07c6f4f5825a0,,article-4-direction,,,,local-authority-eng:CON,article-4-direction-area,2021-08-31T16:13:35Z,,
705fe6598c11585544bb3b42ea94dfac,,article-4-direction,,,,local-authority-eng:COP,article-4-direction-area,2021-08-31T16:13:35Z,,
0a7eb561be117601011272488da62c04,,article-4-direction,,,,local-authority-eng:COR,article-4-direction-area,2021-08-31T16:13:35Z,,
25e78a77722b9ebfdf36068b158f3115,,article-4-direction,,,,local-authority-eng:COT,article-4-direction-area,2021-08-31T16:13:35Z,,
d63bfc94fe02f5172f5d4ceee60714d3,,article-4-direction,,,,local-authority-eng:COV,article-4-direction-area,2021-08-31T16:13:35Z,,
182dca518fb41d4efc2b69029879614a,,article-4-direction,,,,local-authority-eng:CRA,article-4-direction-area,2021-08-31T16:13:35Z,,
2635272fc0827e9859f54d3a9767aedc,,article-4-direction,,,,local-authority-eng:CRW,article-4-direction-area,2021-08-31T16:13:35Z,,
844542b3344d4af264ad4940db5016e1,,article-4-direction,,,,local-authority-eng:CRY,article-4-direction-area,2021-08-31T16:13:35Z,,
1e911ec9523b702c0edb7e0cf38406a5,,article-4-direction,,,,local-authority-eng:DAC,article-4-direction-area,2021-08-31T16:13:35Z,,
c1d2761ebd94bb4d9634768a037ece72,,article-4-direction,,,,local-authority-eng:DAL,article-4-direction-area,2021-08-31T16:13:35Z,,
c217637399ae0158bc33ea2e7f2de1d2,,article-4-direction,,,,local-authority-eng:DAR,article-4-direction-area,2021-08-31T16:13:35Z,,
f2ce4b4fe87e01c4f9e9ebe8354bbabe,,article-4-direction,,,,local-authority-eng:DAV,article-4-direction-area,2021-08-31T16:13:35Z,,
7bcfddf87a477b285cdc13f1058e9e22,,article-4-direction,,,,local-authority-eng:DEB,article-4-direction-area,2021-08-31T16:13:35Z,,
f4467505c86b9202131f5860c007b3b5,,article-4-direction,,,,local-authority-eng:DER,article-4-direction-area,2021-08-31T16:13:35Z,,
2b28eed6a66f750d55b85afafca43c42,,article-4-direction,,,,local-authority-eng:DOV,article-4-direction-area,2021-08-31T16:13:35Z,,
36362017ddc58a0c4f67bb5778d45278,,article-4-direction,,,,local-authority-eng:DST,article-4-direction-area,2021-08-31T16:13:35Z,,
da7511f1b2c2a1fd61a2add7f17d55bb,,article-4-direction,,,,local-authority-eng:DUD,article-4-direction-area,2021-08-31T16:13:35Z,,
0677e67ccfa420c6315c39399ce729f9,,article-4-direction,,,,local-authority-eng:DUR,article-4-direction-area,2021-08-31T16:13:35Z,,
a79675693a3ec88f725b92836a4cbc5f,,article-4-direction,,,,local-authority-eng:EAL,article-4-direction-area,2021-08-31T16:13:35Z,,
fb3ed2af4940f34392b8c2013abc2b91,,article-4-direction,,,,local-authority-eng:EAS,article-4-direction-area,2021-08-31T16:13:35Z,,
1e8c14a644a88f72d1886fb06df9d621,,article-4-direction,,,,local-authority-eng:EAT,article-4-direction-area,2021-08-31T16:13:35Z,,
bb288ea41cb579c065f3dff23c4c5eae,,article-4-direction,,,,local-authority-eng:ECA,article-4-direction-area,2021-08-31T16:13:35Z,,
18fd0401fc1dc7207023833fcdd052f0,,article-4-direction,,,,local-authority-eng:EDE,article-4-direction-area,2021-08-31T16:13:35Z,,
7244c6c6f390f084bd3ccc81e5c4e243,,article-4-direction,,,,local-authority-eng:EDN,article-4-direction-area,2021-08-31T16:13:35Z,,
955ad0e695bb85952ff0f199d8597f55,,article-4-direction,,,,local-authority-eng:EDO,article-4-direction-area,2021-08-31T16:13:35Z,,2019-03-31
15fc5c764bec2f996fbc7ad799290594,,article-4-direction,,,,local-authority-eng:EHA,article-4-direction-area,2021-08-31T16:13:35Z,,
64773faf99b983c459514aea6284fc17,,article-4-direction,,,,local-authority-eng:EHE,article-4-direction-area,2021-08-31T16:13:35Z,,
fca4b7df991bb400352aba4dbb5a0072,,article-4-direction,,,,local-authority-eng:ELI,article-4-direction-area,2021-08-31T16:13:35Z,,
de75648c9b3153ec7b46fe50b96195fa,,article-4-direction,,,,local-authority-eng:ELM,article-4-direction-area,2021-08-31T16:13:35Z,,
323f9f87b01aea9d704f9c33f95f2ce4,,article-4-direction,,,,local-authority-eng:ENF,article-4-direction-area,2021-08-31T16:13:35Z,,
a757914a7893e94e9d6b18f5cdd27cc9,,article-4-direction,,,,local-authority-eng:ENO,article-4-direction-area,2021-08-31T16:13:35Z,,
0b7c40a52f3afe640b1245be99148aad,,article-4-direction,,,,local-authority-eng:EPP,article-4-direction-area,2021-08-31T16:13:35Z,,
044ff765adf184b521965510e1734a25,,article-4-direction,,,,local-authority-eng:EPS,article-4-direction-area,2021-08-31T16:13:35Z,,
63f2d9c9d7c58367f669ac54da40b02a,,article-4-direction,,,,local-authority-eng:ERE,article-4-direction-area,2021-08-31T16:13:35Z,,
c41edf03f18fc73ccd10239acba2bb91,,article-4-direction,,,,local-authority-eng:ERY,article-4-direction-area,2021-08-31T16:13:35Z,,
5be0059b241433da78e74dce74ba4068,,article-4-direction,,,,local-authority-eng:ESK,article-4-direction-area,2021-08-31T16:13:35Z,,
40fa5b376ae0d7057e3b35f0e7e35a72,,article-4-direction,,,,local-authority-eng:EST,article-4-direction-area,2021-08-31T16:13:35Z,,
2a82080050aae9006662c0a19f7f6182,,article-4-direction,,,,local-authority-eng:EXE,article-4-direction-area,2021-08-31T16:13:35Z,,
63143fc2e1baa29c988d41ddfa732434,,article-4-direction,,,,local-authority-eng:FAR,article-4-direction-area,2021-08-31T16:13:35Z,,
da32d322ae7851ae62a0478c4741fece,,article-4-direction,,,,local-authority-eng:FEN,article-4-direction-area,2021-08-31T16:13:35Z,,
f7e7034da1f358c0476a04ed6aba0ab0,,article-4-direction,,,,local-authority-eng:FOE,article-4-direction-area,2021-08-31T16:13:35Z,,
a3f2dc656d7e7556a387faea9b093424,,article-4-direction,,,,local-authority-eng:FOR,article-4-direction-area,2021-08-31T16:13:35Z,,2019-03-31
7bf6b89a9cb36b5f70459f7eb3d93138,,article-4-direction,,,,local-authority-eng:FYL,article-4-direction-area,2021-08-31T16:13:35Z,,
99ac154ea85b472f2c9788d6a3ed1e93,,article-4-direction,,,,local-authority-eng:GAT,article-4-direction-area,2021-08-31T16:13:35Z,,
270d9d23afb17b1c43e3d37ed6feafbb,,article-4-direction,,,,local-authority-eng:GED,article-4-direction-area,2021-08-31T16:13:35Z,,
fcc6e4b9931c79ad3fd47ea4f1762e90,,article-4-direction,,,,local-authority-eng:GLA,article-4-direction-area,2021-08-31T16:13:35Z,,
c964234c7fcab4d536b15a515aa039be,,article-4-direction,,,,local-authority-eng:GLO,article-4-direction-area,2021-08-31T16:13:35Z,,
b7d579f835e886d34fedef9978a9fec1,,article-4-direction,,,,local-authority-eng:GOS,article-4-direction-area,2021-08-31T16:13:35Z,,
efcec5966f0414723fb940e5e78e9b1f,,article-4-direction,,,,local-authority-eng:GRA,article-4-direction-area,2021-08-31T16:13:35Z,,
d3c250f6ff321c7ff9356a1acbb05ac6,,article-4-direction,,,,local-authority-eng:GRE,article-4-direction-area,2021-08-31T16:13:35Z,,
3b789d00f52201930c22b1c6de5c5a28,,article-4-direction,,,,local-authority-eng:GRT,article-4-direction-area,2021-08-31T16:13:35Z,,
a9551ecaa5cf117f666564958bdf5f9e,,article-4-direction,,,,local-authority-eng:GRY,article-4-direction-area,2021-08-31T16:13:35Z,,
89022794853bef50142819fa7d883d25,,article-4-direction,,,,local-authority-eng:HAA,article-4-direction-area,2021-08-31T16:13:35Z,,
3a1850230ac3fbbd4795a88491c4afac,,article-4-direction,,,,local-authority-eng:HAE,article-4-direction-area,2021-08-31T16:13:35Z,,
feaf3e9baa14b9b4be32e77c1ead31c9,,article-4-direction,,,,local-authority-eng:HAG,article-4-direction-area,2021-08-31T16:13:35Z,,
81d17a76ad5e233d48020236b939d6ca,,article-4-direction,,,,local-authority-eng:HAL,article-4-direction-area,2021-08-31T16:13:35Z,,
43a0218a2f1d942c81dedde1e5f566e8,,article-4-direction,,,,local-authority-eng:HAO,article-4-direction-area,2021-08-31T16:13:35Z,,
23d5a5a6eefb50aadf8eabfb79f5c5c7,,article-4-direction,,,,local-authority-eng:HAR,article-4-direction-area,2021-08-31T16:13:35Z,,
39ffb30fbc3a3a733aac92ab3f90c0e1,,article-4-direction,,,,local-authority-eng:HAS,article-4-direction-area,2021-08-31T16:13:35Z,,
e89690717f419fdaa5646dd97aaf5354,,article-4-direction,,,,local-authority-eng:HAT,article-4-direction-area,2021-08-31T16:13:35Z,,
6bfe387d75d478836a4b1bf4bc6996dc,,article-4-direction,,,,local-authority-eng:HAV,article-4-direction-area,2021-08-31T16:13:35Z,,
9ebf9f301f70cad0d3b262adfea724da,,article-4-direction,,,,local-authority-eng:HCK,article-4-direction-area,2021-08-31T16:13:35Z,,
8e49fa814054e3725d668c1b4a41de5b,,article-4-direction,,,,local-authority-eng:HEF,article-4-direction-area,2021-08-31T16:13:35Z,,
f6114a2a87baaa008a7d7afdc872762e,,article-4-direction,,,,local-authority-eng:HER,article-4-direction-area,2021-08-31T16:13:35Z,,
3859d704da5f43e9bdc0eb01d93a685b,,article-4-direction,,,,local-authority-eng:HIG,article-4-direction-area,2021-08-31T16:13:35Z,,
a33e4d4ccf537f06cf3e962932e422d1,,article-4-direction,,,,local-authority-eng:HIL,article-4-direction-area,2021-08-31T16:13:35Z,,
49ccd66ed683eb0f74cf9f66c65f975c,,article-4-direction,,,,local-authority-eng:HIN,article-4-direction-area,2021-08-31T16:13:35Z,,
59b085f82e7100740ab7c3cac12a8d1a,,article-4-direction,,,,local-authority-eng:HMF,article-4-direction-area,2021-08-31T16:13:35Z,,
dd448b2a626ad295f7015bd90bed3ca7,,article-4-direction,,,,local-authority-eng:HNS,article-4-direction-area,2021-08-31T16:13:35Z,,
7b39269f0459b3799af7e125c2a5cc08,,article-4-direction,,,,local-authority-eng:HOR,article-4-direction-area,2021-08-31T16:13:35Z,,
d012963fb34c3da4504abc8fd4441836,,article-4-direction,,,,local-authority-eng:HPL,article-4-direction-area,2021-08-31T16:13:35Z,,
6487949a130099ccb7737d28804179ff,,article-4-direction,,,,local-authority-eng:HRW,article-4-direction-area,2021-08-31T16:13:35Z,,
5d8ce2f0262fd5139511373f1cd2caad,,article-4-direction,,,,local-authority-eng:HRY,article-4-direction-area,2021-08-31T16:13:35Z,,
e409381f0783e705f593d296f242b484,,article-4-direction,,,,local-authority-eng:HUN,article-4-direction-area,2021-08-31T16:13:35Z,,
bf42ac5cbb23c5b3ce95e571327a97b2,,article-4-direction,,,,local-authority-eng:HYN,article-4-direction-area,2021-08-31T16:13:35Z,,
917be36efcf2679e392813f94813e24b,,article-4-direction,,,,local-authority-eng:IOS,article-4-direction-area,2021-08-31T16:13:35Z,,
1c1b587c1b3bcf7540b7f4234bf5a4e0,,article-4-direction,,,,local-authority-eng:IOW,article-4-direction-area,2021-08-31T16:13:35Z,,
5d94edfb0445af1f0282eac87fdaa3c2,,article-4-direction,,,,local-authority-eng:IPS,article-4-direction-area,2021-08-31T16:13:35Z,,
cc43538ebaaaf339e46169bd9c4a54da,,article-4-direction,,,,local-authority-eng:ISL,article-4-direction-area,2021-08-31T16:13:35Z,,
dac0904bb0e9e51a56218399c40432aa,,article-4-direction,,,,local-authority-eng:KEC,article-4-direction-area,2021-08-31T16:13:35Z,,
b3ad5ae6caee9ef11a93fd2289a26455,,article-4-direction,,,,local-authority-eng:KET,article-4-direction-area,2021-08-31T16:13:35Z,,
c0b1b73f2aa3a8654d12a73ce5e271a8,,article-4-direction,,,,local-authority-eng:KHL,article-4-direction-area,2021-08-31T16:13:35Z,,
00b191b20407a0bcb4c5b4f6177d8727,,article-4-direction,,,,local-authority-eng:KIN,article-4-direction-area,2021-08-31T16:13:35Z,,
1a070cf896e2017ef3651800629c8907,,article-4-direction,,,,local-authority-eng:KIR,article-4-direction-area,2021-08-31T16:13:35Z,,
36c195bc6ccc0848aed0cbedab4e8a48,,article-4-direction,,,,local-authority-eng:KTT,article-4-direction-area,2021-08-31T16:13:35Z,,
df1f762cbcbbff832438b97b9eef22f5,,article-4-direction,,,,local-authority-eng:KWL,article-4-direction-area,2021-08-31T16:13:35Z,,
c07f365d745305fc0ece405fd4d4f59f,,article-4-direction,,,,local-authority-eng:LAC,article-4-direction-area,2021-08-31T16:13:35Z,,
6e8cb8d15ffa63cbf5776263dbf41556,,article-4-direction,,,,local-authority-eng:LCE,article-4-direction-area,2021-08-31T16:13:35Z,,
dc1aff067edae7913fd65e0379b821f7,,article-4-direction,,,,local-authority-eng:LDS,article-4-direction-area,2021-08-31T16:13:35Z,,
a766e0e83d9274f1b7285a5d9131acda,,article-4-direction,,,,local-authority-eng:LEE,article-4-direction-area,2021-08-31T16:13:35Z,,
2055985224dc3841a23770f1ec3ca1da,,article-4-direction,,,,local-authority-eng:LEW,article-4-direction-area,2021-08-31T16:13:35Z,,
4da671d048c387f1d3c63610fee141ec,,article-4-direction,,,,local-authority-eng:LIC,article-4-direction-area,2021-08-31T16:13:35Z,,
fe52b6ade487304c7fe197edda3cb584,,article-4-direction,,,,local-authority-eng:LIF,article-4-direction-area,2021-08-31T16:13:35Z,,
5599cf3b57970dff2c62e5a3807ed0ed,,article-4-direction,,,,local-authority-eng:LIV,article-4-direction-area,2021-08-31T16:13:35Z,,
02c3352d3c77f456b967c54b9ffd2ac2,,article-4-direction,,,,local-authority-eng:LND,article-4-direction-area,2021-08-31T16:13:35Z,,
1865bafb8cbfa9f13403f2e9f55a9ff0,,article-4-direction,,,,local-authority-eng:LUT,article-4-direction-area,2021-08-31T16:13:35Z,,
b66dbb5ce775c4091ce5ea51077a5389,,article-4-direction,,,,local-authority-eng:MAI,article-4-direction-area,2021-08-31T16:13:35Z,,
82cb694f7183686a5670632737f12910,,article-4-direction,,,,local-authority-eng:MAL,article-4-direction-area,2021-08-31T16:13:35Z,,
cd06e00ec556e27496754e180d4dcdfa,,article-4-direction,,,,local-authority-eng:MAN,article-4-direction-area,2021-08-31T16:13:35Z,,
5d4bdacd78d44aa58616ae811147ef29,,article-4-direction,,,,local-authority-eng:MAS,article-4-direction-area,2021-08-31T16:13:35Z,,
e3c5f1868b311763e34bf64de2299d6f,,article-4-direction,,,,local-authority-eng:MAV,article-4-direction-area,2021-08-31T16:13:35Z,,
bce67c1e785ad264354098a18a67b2ea,,article-4-direction,,,,local-authority-eng:MDB,article-4-direction-area,2021-08-31T16:13:35Z,,
be375001a221dda47abd9c07715a5ad0,,article-4-direction,,,,local-authority-eng:MDE,article-4-direction-area,2021-08-31T16:13:35Z,,
6b46a87db3e81804a88a130311883225,,article-4-direction,,,,local-authority-eng:MEL,article-4-direction-area,2021-08-31T16:13:35Z,,
d4ab73689451ac4acadfdba931cb72b8,,article-4-direction,,,,local-authority-eng:MEN,article-4-direction-area,2021-08-31T16:13:35Z,,
06e8c4b8f96a182fffbdaf18226a9ee9,,article-4-direction,,,,local-authority-eng:MIK,article-4-direction-area,2021-08-31T16:13:35Z,,
d2bcce92ea74c35ca5d176fa5e80e651,,article-4-direction,,,,local-authority-eng:MOL,article-4-direction-area,2021-08-31T16:13:35Z,,
625ffb45150d27f5bc8c8d95e98b9c22,,article-4-direction,,,,local-authority-eng:MRT,article-4-direction-area,2021-08-31T16:13:35Z,,
63692d1dd50121f08c3bdce8312b36e6,,article-4-direction,,,,local-authority-eng:MSS,article-4-direction-area,2021-08-31T16:13:35Z,,
b1d6fbbdc9f46bfc133849b41df4b095,,article-4-direction,,,,local-authority-eng:MSU,article-4-direction-area,2021-08-31T16:13:35Z,,
4e3447892bd5e58b74c0efc56927b08a,,article-4-direction,,,,local-authority-eng:NBL,article-4-direction-area,2021-08-31T16:13:35Z,,
31df0906d63b4d75d0b5e81cbd87cacf,,article-4-direction,,,,local-authority-eng:NDE,article-4-direction-area,2021-08-31T16:13:35Z,,
31fff3138c786b0ca94e5fe7a441e0ef,,article-4-direction,,,,local-authority-eng:NDO,article-4-direction-area,2021-08-31T16:13:35Z,,2019-03-31
e3f7bbc9b789113dc7b8bb23d3cdbec9,,article-4-direction,,,,local-authority-eng:NEA,article-4-direction-area,2021-08-31T16:13:35Z,,
17ffd9fa2fa7bad1ef9b97843bc93049,,article-4-direction,,,,local-authority-eng:NEC,article-4-direction-area,2021-08-31T16:13:35Z,,
4562b256d05284c27ca68217776648b7,,article-4-direction,,,,local-authority-eng:NED,article-4-direction-area,2021-08-31T16:13:35Z,,
ece011942c8b3dfc0e7213e32b178648,,article-4-direction,,,,local-authority-eng:NEL,article-4-direction-area,2021-08-31T16:13:35Z,,
55cc114fa35e45cce9dca519395724c4,,article-4-direction,,,,local-authority-eng:NET,article-4-direction-area,2021-08-31T16:13:35Z,,
40dc7c480f3478480db85371575c1a8c,,article-4-direction,,,,local-authority-eng:NEW,article-4-direction-area,2021-08-31T16:13:35Z,,
9ce278e512ba050c794a5cec8cfecbe9,,article-4-direction,,,,local-authority-eng:NGM,article-4-direction-area,2021-08-31T16:13:35Z,,
3eb55f99aeea8b0be4cc6706803af867,,article-4-direction,,,,local-authority-eng:NHE,article-4-direction-area,2021-08-31T16:13:35Z,,
ca10e1d46bbad82591dbbd6725b9720b,,article-4-direction,,,,local-authority-eng:NKE,article-4-direction-area,2021-08-31T16:13:35Z,,
4eed820f96ea2c97f589728130c1c96d,,article-4-direction,,,,local-authority-eng:NLN,article-4-direction-area,2021-08-31T16:13:35Z,,
3833f1acee61390f62e7edc415b74b39,,article-4-direction,,,,local-authority-eng:NNO,article-4-direction-area,2021-08-31T16:13:35Z,,
2627a718ea4d8b0206471691c63ef171,,article-4-direction,,,,local-authority-eng:NNUA,article-4-direction-area,2021-08-31T16:13:35Z,,
07d023d78fb6323aae7268422bc3886b,,article-4-direction,,,,local-authority-eng:NOR,article-4-direction-area,2021-08-31T16:13:35Z,,
c0a4a3b8d43db6ad5ac24aaef868ffdc,,article-4-direction,,,,local-authority-eng:NOW,article-4-direction-area,2021-08-31T16:13:35Z,,
0a5ad06f1ee65a8523d7453bcd475401,,article-4-direction,,,,local-authority-eng:NSM,article-4-direction-area,2021-08-31T16:13:35Z,,
0313be52a5ce0602accb6e21e55ce116,,article-4-direction,,,,local-authority-eng:NTY,article-4-direction-area,2021-08-31T16:13:35Z,,
f208beeeb224fbfbc421adf7c2c112b3,,article-4-direction,,,,local-authority-eng:NUN,article-4-direction-area,2021-08-31T16:13:35Z,,
4ebe0ad31445a52393c6fb5b5f6ed22a,,article-4-direction,,,,local-authority-eng:NWA,article-4-direction-area,2021-08-31T16:13:35Z,,
01d750a39681e5d58e76ecfabbcd6619,,article-4-direction,,,,local-authority-eng:NWL,article-4-direction-area,2021-08-31T16:13:35Z,,
5774edae98261bb8d3afc5653a36d2aa,,article-4-direction,,,,local-authority-eng:NWM,article-4-direction-area,2021-08-31T16:13:35Z,,
176f81013919da2bdd7d87ea478de465,,article-4-direction,,,,local-authority-eng:OAD,article-4-direction-area,2021-08-31T16:13:35Z,,
699b1ce05573bfecc1189a606b406cad,,article-4-direction,,,,local-authority-eng:OLD,article-4-direction-area,2021-08-31T16:13:35Z,,
1d710a23286a9dde59cc5275d5c66397,,article-4-direction,,,,local-authority-eng:OXO,article-4-direction-area,2021-08-31T16:13:35Z,,
baccbe6280a38ac31d571a01a17d295c,,article-4-direction,,,,local-authority-eng:PEN,article-4-direction-area,2021-08-31T16:13:35Z,,
d7cf6769e3f4d928347f8a554c0ec34d,,article-4-direction,,,,local-authority-eng:PLY,article-4-direction-area,2021-08-31T16:13:35Z,,
09535d9b8451e6ffc8ea0b04f3d2f792,,article-4-direction,,,,local-authority-eng:POL,article-4-direction-area,2021-08-31T16:13:35Z,,2019-03-31
4b66fb909b74063fcdeec43f5cd14c52,,article-4-direction,,,,local-authority-eng:POR,article-4-direction-area,2021-08-31T16:13:35Z,,
5459e33a2ab85885354f506b425b04cb,,article-4-direction,,,,local-authority-eng:PRE,article-4-direction-area,2021-08-31T16:13:35Z,,
812386bd1fae83b0b4b0976a173fd19c,,article-4-direction,,,,local-authority-eng:PTE,article-4-direction-area,2021-08-31T16:13:35Z,,
c30b785bba4790cdb0c7000d85159f62,,article-4-direction,,,,local-authority-eng:PUR,article-4-direction-area,2021-08-31T16:13:35Z,,2019-03-31
50f6bf6f4ded930f29c76ebb57781fcb,,article-4-direction,,,,local-authority-eng:RCC,article-4-direction-area,2021-08-31T16:13:35Z,,
354b3f6df0c2ca8db9aeb043f0576bd2,,article-4-direction,,,,local-authority-eng:RCH,article-4-direction-area,2021-08-31T16:13:35Z,,
be861f7bec95e7dc06ca6b7288353ded,,article-4-direction,,,,local-authority-eng:RDB,article-4-direction-area,2021-08-31T16:13:35Z,,
81ff151d10cdb10de3734bfead7d6228,,article-4-direction,,,,local-authority-eng:RDG,article-4-direction-area,2021-08-31T16:13:35Z,,
0f5e235be29c371365dffee2c1212015,,article-4-direction,,,,local-authority-eng:RED,article-4-direction-area,2021-08-31T16:13:35Z,,
ce414309a0afb9743172d13decbe415e,,article-4-direction,,,,local-authority-eng:REI,article-4-direction-area,2021-08-31T16:13:35Z,,
eb78478b8e6ffabbe9841a9add81f66c,,article-4-direction,,,,local-authority-eng:RIB,article-4-direction-area,2021-08-31T16:13:35Z,,
fc568819c41629ccd0121c96534f9269,,article-4-direction,,,,local-authority-eng:RIC,article-4-direction-area,2021-08-31T16:13:35Z,,
1a84a5130e5650c556b4189789141ce3,,article-4-direction,,,,local-authority-eng:RIH,article-4-direction-area,2021-08-31T16:13:35Z,,
52f3b6840b3b7eb47edc7caf6ace0080,,article-4-direction,,,,local-authority-eng:ROC,article-4-direction-area,2021-08-31T16:13:35Z,,
006e971a5728865c7bb85bd66e899ab8,,article-4-direction,,,,local-authority-eng:ROH,article-4-direction-area,2021-08-31T16:13:35Z,,
9bf4ac5b8eacb6f62541e249a7693ef3,,article-4-direction,,,,local-authority-eng:ROS,article-4-direction-area,2021-08-31T16:13:35Z,,
4a0c7da806bd50030e16046d267871dd,,article-4-direction,,,,local-authority-eng:ROT,article-4-direction-area,2021-08-31T16:13:35Z,,
c828d0adc0830d2e08f99d5e71c50b4e,,article-4-direction,,,,local-authority-eng:RUG,article-4-direction-area,2021-08-31T16:13:35Z,,
578513cc64205bda6a954b05c8b285dc,,article-4-direction,,,,local-authority-eng:RUH,article-4-direction-area,2021-08-31T16:13:35Z,,
69526b667c9d2dc8bc1f21b51f8f3445,,article-4-direction,,,,local-authority-eng:RUN,article-4-direction-area,2021-08-31T16:13:35Z,,
c276f7119c90e6412d9d0c9cdc93c643,,article-4-direction,,,,local-authority-eng:RUS,article-4-direction-area,2021-08-31T16:13:35Z,,
d2584a4f33e2f438b69c7a2091abce6c,,article-4-direction,,,,local-authority-eng:RUT,article-4-direction-area,2021-08-31T16:13:35Z,,
f30a2125023fc251d5e41b2c15e74bc0,,article-4-direction,,,,local-authority-eng:RYE,article-4-direction-area,2021-08-31T16:13:35Z,,
acb1250705d7ab5d8101c4fef277811f,,article-4-direction,,,,local-authority-eng:SAL,article-4-direction-area,2021-08-31T16:13:35Z,,
21623dbeaa70a60ef9ecea41aee339e1,,article-4-direction,,,,local-authority-eng:SAW,article-4-direction-area,2021-08-31T16:13:35Z,,
79210511068b09e4bc41412b42a4bca4,,article-4-direction,,,,local-authority-eng:SBU,article-4-direction-area,2021-08-31T16:13:35Z,,2020-03-31
e93a93ed1f15060ff4d10a06238877f7,,article-4-direction,,,,local-authority-eng:SCA,article-4-direction-area,2021-08-31T16:13:35Z,,
75f46f41ef3fd510656ad3e5a520f2cd,,article-4-direction,,,,local-authority-eng:SCE,article-4-direction-area,2021-08-31T16:13:35Z,,
6c19931f4825e4381cf5d8effd0b5d63,,article-4-direction,,,,local-authority-eng:SDE,article-4-direction-area,2021-08-31T16:13:35Z,,
446ced25a0c7e1fbf03652b364398767,,article-4-direction,,,,local-authority-eng:SED,article-4-direction-area,2021-08-31T16:13:35Z,,2019-03-31
366cd048b26c0f23a036dfa629c11799,,article-4-direction,,,,local-authority-eng:SEG,article-4-direction-area,2021-08-31T16:13:35Z,,
4efca13118e85447d2c66d0f9b935cd4,,article-4-direction,,,,local-authority-eng:SEL,article-4-direction-area,2021-08-31T16:13:35Z,,
ade9da656c15b920a4ffbc7283115283,,article-4-direction,,,,local-authority-eng:SEV,article-4-direction-area,2021-08-31T16:13:35Z,,
a334e3e9b82fcb0e551bae48ce691a06,,article-4-direction,,,,local-authority-eng:SFT,article-4-direction-area,2021-08-31T16:13:35Z,,
eb2fd766df399902e9e6ffb94ab5f18c,,article-4-direction,,,,local-authority-eng:SGC,article-4-direction-area,2021-08-31T16:13:35Z,,
c121a22d7ac1e3f5f8b3d64bda4001a6,,article-4-direction,,,,local-authority-eng:SHA,article-4-direction-area,2021-08-31T16:13:35Z,,
1f1caa09b8bb56cdd2ca63b20ab567af,,article-4-direction,,,,local-authority-eng:SHE,article-4-direction-area,2021-08-31T16:13:35Z,,
14b428c50dbf08424901ed2607df80b7,,article-4-direction,,,,local-authority-eng:SHF,article-4-direction-area,2021-08-31T16:13:35Z,,
94baf5608ad9f489322f0ace66a2b734,,article-4-direction,,,,local-authority-eng:SHN,article-4-direction-area,2021-08-31T16:13:35Z,,
61cd13d8cce02c0374f819f97f42641b,,article-4-direction,,,,local-authority-eng:SHO,article-4-direction-area,2021-08-31T16:13:35Z,,
d63f254ad251506ed05ea8c8e2456e7f,,article-4-direction,,,,local-authority-eng:SHR,article-4-direction-area,2021-08-31T16:13:35Z,,
80c4bee6fc66a3f39c94a1c7d23cc8f8,,article-4-direction,,,,local-authority-eng:SKE,article-4-direction-area,2021-08-31T16:13:35Z,,
94ae3a705d49a9b2192f574eff2f261c,,article-4-direction,,,,local-authority-eng:SKP,article-4-direction-area,2021-08-31T16:13:35Z,,
7b28fc19ace5db17c20ea43daca9feeb,,article-4-direction,,,,local-authority-eng:SLA,article-4-direction-area,2021-08-31T16:13:35Z,,
860ec9c39f7d940c9f53f735cc3e6892,,article-4-direction,,,,local-authority-eng:SLF,article-4-direction-area,2021-08-31T16:13:35Z,,
91f64ef8d673686da2b8540d40b46658,,article-4-direction,,,,local-authority-eng:SLG,article-4-direction-area,2021-08-31T16:13:35Z,,
32e9027b94dcf9898e9f472633bfef46,,article-4-direction,,,,local-authority-eng:SND,article-4-direction-area,2021-08-31T16:13:35Z,,
d60ed9bb351471c26652f038196f7f54,,article-4-direction,,,,local-authority-eng:SNO,article-4-direction-area,2021-08-31T16:13:35Z,,
393e1324db7607e197dffb89e3a54b8f,,article-4-direction,,,,local-authority-eng:SNR,article-4-direction-area,2021-08-31T16:13:35Z,,
51fd7564fcdede21fe9347441a71a110,,article-4-direction,,,,local-authority-eng:SOL,article-4-direction-area,2021-08-31T16:13:35Z,,
d910d6d431684a9a92bd25a718ca2f9d,,article-4-direction,,,,local-authority-eng:SOS,article-4-direction-area,2021-08-31T16:13:35Z,,
d73935a0132ffe04e1b686217d892995,,article-4-direction,,,,local-authority-eng:SOX,article-4-direction-area,2021-08-31T16:13:35Z,,
d149f260e5b248536b0032d5bfb19aa3,,article-4-direction,,,,local-authority-eng:SPE,article-4-direction-area,2021-08-31T16:13:35Z,,
9acee11c3a2ee48e84cc621e5e885f48,,article-4-direction,,,,local-authority-eng:SRI,article-4-direction-area,2021-08-31T16:13:35Z,,
4f51d8efda7cdb595a059c955e51a07b,,article-4-direction,,,,local-authority-eng:SSO,article-4-direction-area,2021-08-31T16:13:35Z,,
e3b55bbb41162103da18df3f0c00f58a,,article-4-direction,,,,local-authority-eng:SST,article-4-direction-area,2021-08-31T16:13:35Z,,
2c8e7cc1a0bd5a7959955a6722c60c44,,article-4-direction,,,,local-authority-eng:STA,article-4-direction-area,2021-08-31T16:13:35Z,,
928a5aa1b319425554daf676d8f129d2,,article-4-direction,,,,local-authority-eng:STE,article-4-direction-area,2021-08-31T16:13:35Z,,
eaf062f7cb509ce35a050131f7ffc48b,,article-4-direction,,,,local-authority-eng:STF,article-4-direction-area,2021-08-31T16:13:35Z,,
6c39a5dcc827d9c66538365e3c7809ab,,article-4-direction,,,,local-authority-eng:STH,article-4-direction-area,2021-08-31T16:13:35Z,,
6bc8b04c9a037c48ce56825eca359846,,article-4-direction,,,,local-authority-eng:STN,article-4-direction-area,2021-08-31T16:13:35Z,,
e3b6271f616fd9d206adcf67f19d22ac,,article-4-direction,,,,local-authority-eng:STO,article-4-direction-area,2021-08-31T16:13:35Z,,
a20bff4f9091dbb62c1736e6876cd6c1,,article-4-direction,,,,local-authority-eng:STR,article-4-direction-area,2021-08-31T16:13:35Z,,
01c052fad717a6f0d59f68b4cd2d575f,,article-4-direction,,,,local-authority-eng:STT,article-4-direction-area,2021-08-31T16:13:35Z,,
f9e7be69b224d77641cf190491919f46,,article-4-direction,,,,local-authority-eng:STV,article-4-direction-area,2021-08-31T16:13:35Z,,
38b0475f7c352d9cfc622d73336f1b47,,article-4-direction,,,,local-authority-eng:STY,article-4-direction-area,2021-08-31T16:13:35Z,,
987378aa3d54b7da47bd77c58238be6d,,article-4-direction,,,,local-authority-eng:SUF,article-4-direction-area,2021-08-31T16:13:35Z,,2019-03-31
a8f9492358c0d87bf50a475f8885841b,,article-4-direction,,,,local-authority-eng:SUR,article-4-direction-area,2021-08-31T16:13:35Z,,
a89dacaabc9700633fc40a31005b3ea0,,article-4-direction,,,,local-authority-eng:SWD,article-4-direction-area,2021-08-31T16:13:35Z,,
9deb6cf916cea0ca374f63c46b5c44d6,,article-4-direction,,,,local-authority-eng:SWL,article-4-direction-area,2021-08-31T16:13:35Z,,
51d3c0e89bb5189416d9c77e032f77af,,article-4-direction,,,,local-authority-eng:SWT,article-4-direction-area,2021-08-31T16:13:35Z,,
14f0d19b216ff3fea0616d0910087903,,article-4-direction,,,,local-authority-eng:TAM,article-4-direction-area,2021-08-31T16:13:35Z,,
3c1fec794e9721067f89f97f85401a7f,,article-4-direction,,,,local-authority-eng:TAN,article-4-direction-area,2021-08-31T16:13:35Z,,
6cfc9ba4bf9d1f73594ee8253d08c751,,article-4-direction,,,,local-authority-eng:TAU,article-4-direction-area,2021-08-31T16:13:35Z,,2019-03-31
988cb1176b81c51dfba282302007a8ec,,article-4-direction,,,,local-authority-eng:TAW,article-4-direction-area,2021-08-31T16:13:35Z,,
a2efca634fb7792101e76e9eec536889,,article-4-direction,,,,local-authority-eng:TEI,article-4-direction-area,2021-08-31T16:13:35Z,,
32ed99501f568c599024542c2e95ae4e,,article-4-direction,,,,local-authority-eng:TEN,article-4-direction-area,2021-08-31T16:13:35Z,,
8ed83561b7effc73c58477b65ecc7faf,,article-4-direction,,,,local-authority-eng:TES,article-4-direction-area,2021-08-31T16:13:35Z,,
ee15b41fda20beeb06d9d02019f4a863,,article-4-direction,,,,local-authority-eng:TEW,article-4-direction-area,2021-08-31T16:13:35Z,,
1036b1b165d7db972c1b13e1ead744ff,,article-4-direction,,,,local-authority-eng:TFW,article-4-direction-area,2021-08-31T16:13:35Z,,
420f759c286209364c67fd1ee08db7e2,,article-4-direction,,,,local-authority-eng:THA,article-4-direction-area,2021-08-31T16:13:35Z,,
507fceda2aa7717e7832f9cff7d8568d,,article-4-direction,,,,local-authority-eng:THE,article-4-direction-area,2021-08-31T16:13:35Z,,
5a170dfb9a4e3c88f6e3dd457f727749,,article-4-direction,,,,local-authority-eng:THR,article-4-direction-area,2021-08-31T16:13:35Z,,
a9ccc245d710fd3f920d1d79648a7108,,article-4-direction,,,,local-authority-eng:TOB,article-4-direction-area,2021-08-31T16:13:35Z,,
a7e2447ed66a6ebcd9dc2e8169949543,,article-4-direction,,,,local-authority-eng:TON,article-4-direction-area,2021-08-31T16:13:35Z,,
ff085735a108513aa6e66bdf18784d1d,,article-4-direction,,,,local-authority-eng:TOR,article-4-direction-area,2021-08-31T16:13:35Z,,
34dea9fab99859f3a1440d0560c6f79b,,article-4-direction,,,,local-authority-eng:TRF,article-4-direction-area,2021-08-31T16:13:35Z,,
0a102bbddaf12fb9cf2dd839731750a5,,article-4-direction,,,,local-authority-eng:TUN,article-4-direction-area,2021-08-31T16:13:35Z,,
8627819d49c57d64e3caebd0d76ac3fd,,article-4-direction,,,,local-authority-eng:TWH,article-4-direction-area,2021-08-31T16:13:35Z,,
9c9ed98dee2148eaab915914e3934a1d,,article-4-direction,,,,local-authority-eng:UTT,article-4-direction-area,2021-08-31T16:13:35Z,,
0145e5f68b8452b92c58aa0cd6129df7,,article-4-direction,,,,local-authority-eng:VAL,article-4-direction-area,2021-08-31T16:13:35Z,,
9f5775e6b6d0b9d51676793769a98084,,article-4-direction,,,,local-authority-eng:WAE,article-4-direction-area,2021-08-31T16:13:35Z,,
01b80b12f8371943c549842e1ce1c96f,,article-4-direction,,,,local-authority-eng:WAT,article-4-direction-area,2021-08-31T16:13:35Z,,
ffd50d9c0d3e5f1beb5cb32d1ce4bb8f,,article-4-direction,,,,local-authority-eng:WAV,article-4-direction-area,2021-08-31T16:13:35Z,,2019-03-31
7522672193123ec8490ecc72457e1d6d,,article-4-direction,,,,local-authority-eng:WAW,article-4-direction-area,2021-08-31T16:13:35Z,,
c986edde61a10c0e1cb1933a8ceaaec3,,article-4-direction,,,,local-authority-eng:WBK,article-4-direction-area,2021-08-31T16:13:35Z,,
388660837aa670e6d1c4157375373fa3,,article-4-direction,,,,local-authority-eng:WDE,article-4-direction-area,2021-08-31T16:13:35Z,,
e4b3cc8dddce6b480b97b1b767b63e46,,article-4-direction,,,,local-authority-eng:WDO,article-4-direction-area,2021-08-31T16:13:35Z,,2019-03-31
2b79037673fd1dd6aa699b4ca77cf2f7,,article-4-direction,,,,local-authority-eng:WEA,article-4-direction-area,2021-08-31T16:13:35Z,,
5ef8cc6ac80f6fe7b803a91efd84e60b,,article-4-direction,,,,local-authority-eng:WEL,article-4-direction-area,2021-08-31T16:13:35Z,,
d95ec45c434df962b97e6f03d2c4dfb8,,article-4-direction,,,,local-authority-eng:WEW,article-4-direction-area,2021-08-31T16:13:35Z,,
f46aebe0cc3f2d58fdb796cc5edb92b8,,article-4-direction,,,,local-authority-eng:WEY,article-4-direction-area,2021-08-31T16:13:35Z,,2019-03-31
a2a5a62795689fdf684e9b0cb6f7162e,,article-4-direction,,,,local-authority-eng:WFT,article-4-direction-area,2021-08-31T16:13:35Z,,
3c11001e10eb3a4f1904c04c3e04a0e9,,article-4-direction,,,,local-authority-eng:WGN,article-4-direction-area,2021-08-31T16:13:35Z,,
90c8d022bf728431afd239fdb1afd857,,article-4-direction,,,,local-authority-eng:WIL,article-4-direction-area,2021-08-31T16:13:35Z,,
2aec0e023f84687d9477fd51ad67a103,,article-4-direction,,,,local-authority-eng:WIN,article-4-direction-area,2021-08-31T16:13:35Z,,
0ffde6fa4b9e2942f8640aa98d4f3e9c,,article-4-direction,,,,local-authority-eng:WKF,article-4-direction-area,2021-08-31T16:13:35Z,,
7f12bfe94e617b04cc5c6dd0ae17e691,,article-4-direction,,,,local-authority-eng:WLA,article-4-direction-area,2021-08-31T16:13:35Z,,
2e02b4311f5326cd22f126ee2a58bf57,,article-4-direction,,,,local-authority-eng:WLI,article-4-direction-area,2021-08-31T16:13:35Z,,
f03f3099a6baeea1a56556eee2d12ae6,,article-4-direction,,,,local-authority-eng:WLL,article-4-direction-area,2021-08-31T16:13:35Z,,
955e1d69b940c86271c8659647c50623,,article-4-direction,,,,local-authority-eng:WLV,article-4-direction-area,2021-08-31T16:13:35Z,,
f06972afbb2b422210b077ad9771f5ff,,article-4-direction,,,,local-authority-eng:WND,article-4-direction-area,2021-08-31T16:13:35Z,,
4b32c9c02b525941d1408f7c186d5345,,article-4-direction,,,,local-authority-eng:WNM,article-4-direction-area,2021-08-31T16:13:35Z,,
5428f5a0a09e1b144c6658bf0ecd067e,,article-4-direction,,,,local-authority-eng:WNUA,article-4-direction-area,2021-08-31T16:13:35Z,,
57db14c8512356beb160f68c08f0e25f,,article-4-direction,,,,local-authority-eng:WOC,article-4-direction-area,2021-08-31T16:13:35Z,,
f061dd6d0abdc5448936ee085853392c,,article-4-direction,,,,local-authority-eng:WOI,article-4-direction-area,2021-08-31T16:13:35Z,,
e0f09d873a1945155ba9e20c652d8c17,,article-4-direction,,,,local-authority-eng:WOK,article-4-direction-area,2021-08-31T16:13:35Z,,
aa746b9aacc265dfbc24c70766bf54a8,,article-4-direction,,,,local-authority-eng:WOT,article-4-direction-area,2021-08-31T16:13:35Z,,
459fb642b5187df65f9869fc1f5f87f2,,article-4-direction,,,,local-authority-eng:WOX,article-4-direction-area,2021-08-31T16:13:35Z,,
90ceba2e18050295ca56f80c723c9b12,,article-4-direction,,,,local-authority-eng:WRL,article-4-direction-area,2021-08-31T16:13:35Z,,
237191305733cf2233e3fc966d195621,,article-4-direction,,,,local-authority-eng:WRT,article-4-direction-area,2021-08-31T16:13:35Z,,
a40e522b0253db46596cd567ce09b4be,,article-4-direction,,,,local-authority-eng:WSK,article-4-direction-area,2021-08-31T16:13:35Z,,
084abf920cbfcc592782623b55bddc71,,article-4-direction,,,,local-authority-eng:WSM,article-4-direction-area,2021-08-31T16:13:35Z,,
b599597fb326d4175562c93cdddab211,,article-4-direction,,,,local-authority-eng:WSO,article-4-direction-area,2021-08-31T16:13:35Z,,2019-03-31
d0cb97914295e5551a90f5b0a226ca70,,article-4-direction,,,,local-authority-eng:WYC,article-4-direction-area,2021-08-31T16:13:35Z,,
eb318d9c42ffe4a040efb6e63d7b0227,,article-4-direction,,,,local-authority-eng:WYE,article-4-direction-area,2021-08-31T16:13:35Z,,
8c5415d0e0e71199b9090cf9844d114e,,article-4-direction,,,,local-authority-eng:WYO,article-4-direction-area,2021-08-31T16:13:35Z,,2020-03-31
9e4bf17e732ed2ed4f46a2098638d110,,article-4-direction,,,,local-authority-eng:WYR,article-4-direction-area,2021-08-31T16:13:35Z,,
6e047faee66434caae6b8fe3bc34e50e,,article-4-direction,,,,local-authority-eng:YOR,article-4-direction-area,2021-08-31T16:13:35Z,,
83fa0865f8798f96001162792a6a312f,,article-4-direction,https://lambethopenmappingdata-lambethcouncil.opendata.arcgis.com/datasets/lambethcouncil::article-4/about,55e8c3db23ada8dac1343c4b6dd8ecd71c6b057ee3cea1eec2aa73318f06bc3f,ogl3,local-authority-eng:LBH,article-4-direction-area,2021-10-29,2021-02-02,
787b6f7713bc3d39fc9b6cf41a056d1f,,article-4-direction,https://lambethopenmappingdata-lambethcouncil.opendata.arcgis.com/datasets/lambethcouncil::article-4-b1-to-c3/about,e7a76e75e24a96e2b8cf2ee39cdd7bd4fc7fe5978cc77828434787f457b34d3f,ogl3,local-authority-eng:LBH,article-4-direction-area,2021-10-29,2020-12-17,
fa9ce9685d903bfd2cb24844484b15e6,,article-4-direction,https://mapping.canterbury.gov.uk/arcgis/rest/services/External/Planning_Constraints_New/MapServer,351fdbd179616dcf25ce0c4498cbd7fd5a917c5bbedcbc6af9f3f23d546b484d,,local-authority-eng:CAT,article-4-direction-area,2021-11-11T14:14:25Z,,
3c6fdd54b2e4b941515c838ea2fc4a4c,,article-4-direction,https://maps.buckscc.gov.uk/arcgis/rest/services/PLANNING/RIPA_BOPS/MapServer/5/,5ba34502eac50d7e748548ae77fd2d0699ddb3167d23a27895682d8d6ca22229,ogl3,local-authority-eng:BUC,article-4-direction-area,2022-01-13T17:17:35Z,,2022-04-28
bbfc44d6d988e375f3e88254cb3c3872,,article-4-direction,https://www.doncaster.gov.uk/services/planning/houses-in-multiple-occupation-article-4-direction,c339dfdfe49bac9dfa47efd4ff9d11030c66d2876b243f3a752bfee98546412a,,local-authority-eng:DNC,article-4-direction-area,2022-03-08T00:00:00Z,2019-10-14,2022-11-01
b9c31bd4346530f99a97dddb45945dc5,,article-4-direction,https://mapping.canterbury.gov.uk/arcgis/rest/services/External/Planning_Constraints_New/MapServer,d29690420f36280214af4fb7121d131c73d775fb9c6434d7db43435ad3ea74ca,,local-authority-eng:CAT,article-4-direction-area,2022-03-28T14:27:45Z,,
9a0b13572ec29f75faba0fcac310bbab,,article-4-direction,https://maps.buckscc.gov.uk/arcgis/rest/services/PLANNING/RIPA_BOPS/MapServer/5/,5c8df815e3259c1327301182926edff3fff3a29a5f7df4af90c5cf00e0c3b75f,,local-authority-eng:BUC,article-4-direction-area,2022-03-31T13:46:21Z,2022-03-25,2022-04-28
230df4548658768dde0e41cbcd4152f2,,article-4-direction,http://www.southwark.gov.uk/planning-and-building-control/planning-policy-and-transport-policy/article-4-directions,b1b173777c60003f5f6bf7eb5954c0cae30fcdb46794bbe4ae999985a12fcd40,,local-authority-eng:SWK,article-4-direction-area,2022-04-06T16:55:11Z,2022-03-18,
08a5bae202ed49ed0c379269336267cd,,article-4-direction,http://www.southwark.gov.uk/planning-and-building-control/planning-policy-and-transport-policy/article-4-directions,2d238e75e53eb65d4e1c549bd4e085f6937d0f05f64f26db9dbcb8bdd03057b7,,local-authority-eng:SWK,article-4-direction-area,2022-04-06T16:55:55Z,2022-03-18,
a420407933b3daaddc0a09f8e9917cce,,article-4-direction,http://www.southwark.gov.uk/planning-and-building-control/planning-policy-and-transport-policy/article-4-directions,d107d44c64f3987dac0ac9c4907553d522772960aad4ea1b355e903ba252c094,,local-authority-eng:SWK,article-4-direction-area,2022-04-06T16:56:46Z,2022-03-18,
9f81345b96d82c766ba81bb9b2364dca,,article-4-direction,http://www.southwark.gov.uk/planning-and-building-control/planning-policy-and-transport-policy/article-4-directions,1de93b35ebb37c3b0d5baeb1383cf783b8661ec482f1fd34b4d64efd5e8d1b48,,local-authority-eng:SWK,article-4-direction-area,2022-04-06T16:57:35Z,2022-03-18,
f5f3a88928eb9204b97ee1233101e352,,article-4-direction,http://www.southwark.gov.uk/planning-and-building-control/planning-policy-and-transport-policy/article-4-directions,6b7a06249d6ce97ff65cb4431b8ad315bf21b6f5da1e856ad566a618ac60e0a8,,local-authority-eng:SWK,article-4-direction-area,2022-04-06T16:58:07Z,2022-03-18,
fc323c7836dd084ef04d21bbf49466dc,,article-4-direction,http://www.southwark.gov.uk/planning-and-building-control/planning-policy-and-transport-policy/article-4-directions,91a069b909866a95eddd8c8d925cd2d439522c34186346d1feddd8f38eb04645,,local-authority-eng:SWK,article-4-direction-area,2022-04-06T16:58:54Z,2022-03-18,
08241088ae57c83f9982a5b4c5eca449,,article-4-direction,http://www.southwark.gov.uk/planning-and-building-control/planning-policy-and-transport-policy/article-4-directions,0c73554d24de07895c68bcbc38e958a9776348338ff2493dae5a22fe584c24d1,,local-authority-eng:SWK,article-4-direction-area,2022-04-06T16:59:34Z,2022-03-18,
6fac8073ed6adb2dc63f252add4f84d1,,article-4-direction,http://www.southwark.gov.uk/planning-and-building-control/planning-policy-and-transport-policy/article-4-directions,f3a8c9747bd876f26208ddfe0dddcf2fd6354ec88fa6eb671575187781bbb783,,local-authority-eng:SWK,article-4-direction-area,2022-04-06T17:00:00Z,2022-03-18,
f95a02a9ee12de00d9592e4effa1e04a,,article-4-direction,http://www.southwark.gov.uk/planning-and-building-control/planning-policy-and-transport-policy/article-4-directions,8a6b78daac84a927753288627605f45f20ecdfc27ed8c0bd9a2b739be184af1b,,local-authority-eng:SWK,article-4-direction-area,2022-04-06T17:00:26Z,2022-03-18,
feaa4fed6043db4345f7e5aef79c4e49,,article-4-direction,,7b50969a85c19aec02a07248a5aabde97ea0fe835ca5e6b5e6b02dffb7a8b8ef,,local-authority-eng:SWK,article-4-direction,2022-04-25T19:19:59:10Z,,
7acca1e6dac851c71e3d6cb9e0e87fea,,article-4-direction-area,,7611c4b234779a4a7783655b0f06f0d72f0a2b2022eec2319b4e00c7f7d90e4c,,local-authority-eng:BUC,article-4-direction-area,2022-04-28T15:15:08:21Z,,
56ca0b970edc2bab3f0695c050d3518b,,article-4-direction-area,,c894c55d36eee21406016aa0424b4b6e398e289169f0394b6c8d9c81b325c2a4,,local-authority-eng:BUC,article-4-direction-area,2022-04-28T16:16:51:48Z,,
3bcc63ba16cfc5140740c4e24de01f0f,,article-4-direction-area,,f949534bb3d2410aa82d31f1f2f3e8a12aa9c4fc06ec7bb9b385a9b9e97caf0f,,local-authority-eng:BUC,article-4-direction-area,2022-04-28T16:16:56:34Z,,
8d04826ef7a7ac21ae262689d97a777f,,article-4-direction-area,,49cbcdf8780dc91403d01ad916b118d31da3d8996f3354f6ef4ea06994dbaa46,,local-authority-eng:BUC,article-4-direction-area,2022-04-28T16:16:57:58Z,,
92da9900f18400add62aaa3cf3875c0b,,article-4-direction-area,,5579906cbdd8b0c2039628f8574b9d94df510bee323811351bb25ea2bc7c34ef,,local-authority-eng:BUC,article-4-direction-area,2022-05-12T09:09:50:56Z,,
8a7aa8e3499fcde8cc3e9564e8716614,,article-4-direction,https://data.gov.uk/dataset/264e6046-7e5a-46fc-bd77-8b523a82b60a/dvl_article_4,d779ad1c91c5a46e2d4ace4d5446d7d7f81df1ed058f882121070574697a5412,ogl3,local-authority-eng:MDW,article-4-direction-area,2022-06-30T07:07:44:31Z,,
8f30cabd396dacf1cb122a3097ed3af9,,article-4-direction,https://www.gloucester.gov.uk/planning-development/conservation-regeneration/article-4-direction/,5fc20cc8e733d12f262bab292b81cb38ff35fb8d17b8503005403652759ba7b3,ogl3,local-authority-eng:GLO,article-4-direction-area,2022-06-30T09:09:45:45Z,,
9ead9613e342593fc2b8d18af4124d44,,article-4-direction,https://data.gov.uk/dataset/2dcc7dfa-4aa6-4d72-8256-e580fe71fa85/article-4-northumberland,83aa4b6b9a8e042c9ab842f91994835c94a9f2cfb6bb2b75908216fa77bde191,ogl3,local-authority-eng:NBL,article-4-direction-area,2022-06-30T09:09:56:24Z,,
200808e97b5578f0ac6fac251b2f1fa1,crown-copyright,article-4-direction,,e5598a75328d5890efb7e6d8bb6c1d181fbed2cda45af24de6627f60e777bbe2,ogl3,government-organisation:D1342,article-4-direction-rule,2022-10-11T17:17:20:33Z,,
2c037279cb9977026954cd948f6185d4,,article-4-direction,https://www.doncaster.gov.uk/services/planning/houses-in-multiple-occupation-article-4-direction,657ede08e75ebdacbf21522a8f312e05297cd19ece206c92512db2894947dee6,,local-authority-eng:DNC,article-4-direction-area,2022-11-07T13:57:24Z,2022-11-01,
0ddb10bedf30fb6fb6736a03cc126153,,article-4-direction,https://datamillnorth.org/dataset/newcastle-article-4-directions,16857564d1658edeaa7703207b91525d005e7696e2e9392fbb6fa4231fa550ef,cc0,local-authority-eng:NEC,article-4-direction-area,2023-02-23T22:22:12:39Z,,
d1aedbfdfee4f65b7643b360f348bfd8,,article-4-direction,https://datamillnorth.org/dataset/newcastle-article-4-directions,d788f7a3f32b918aca77f75952243261fae0f6eddc6d32636a8955198d0293fd,cc0,local-authority-eng:NEC,article-4-direction,2023-02-28T11:11:10:23Z,,
